account_number,customer_cif,customer_branch_ifsc,account_category,account_type,account_status,account_opening_date,inoperative_status_date,credit_summation_period,debit_summation_period
21955574410087,794695104831,HDFC041754,Savings,Premium,Active,08-08-2019,,1447618.04,12629104.98
21383267247965,794695104831,HDFC041754,Savings,Premium,Active,22-06-2018,,2028057.29,12838386.28
242560291266,742395798557,KKBK061223,Salary,BSBD,Active,05-05-2022,,1318554.84,9763774.3
48953286670777,292085902906,HDFC053164,Fixed Deposit,Regular,Active,15-10-2021,,8102335.56,9719221.07
9357986825181815,538445601393,PUNB089871,Salary,BSBD,Closed,26-02-2018,,0.0,0.0
34227665050,128904137467,SBIN037912,Savings,Basic,Active,02-01-2024,,3827246.57,4739961.96
83486093989151,975567584922,BARB030617,Salary,Premium,Active,30-04-2024,,453788.69,9975309.84
951649230434,973001796990,CNRB038918,Salary,Regular,Active,06-07-2024,,5348587.49,4424226.74
5914859512113,973001796990,CNRB038918,Savings,BSBD,Active,19-11-2024,,271179.43,13280961.55
9299838634927,199943049672,UTIB020594,Recurring Deposit,Basic,Active,15-02-2023,,6137457.48,5901878.86
9235408796159,199943049672,UTIB020594,Savings,Regular,Active,11-04-2020,,292531.78,1015897.03
31160491711664,933786795023,HDFC045599,Salary,Regular,Active,27-03-2023,,2015616.14,555405.67
56489275152630,933786795023,HDFC045599,Savings,Premium,Active,11-06-2019,,11041877.58,11344764.65
936002118571,524834551942,ICIC080542,Savings,Premium,Active,24-04-2022,,1151665.87,7459897.09
98399881134,898734675667,CNRB018710,Savings,Basic,Active,03-04-2024,,275567.87,8099340.97
9164181889378,493049218308,UTIB075235,Savings,Regular,Active,26-10-2019,,676553.71,6198880.76
10579615508,325099757838,SBIN019785,Savings,Premium,Active,16-04-2021,,1345881.13,1571209.19
57309344665,618610719387,SBIN025990,Salary,BSBD,Active,30-06-2022,,5050680.41,4570496.49
369734407593,924750859951,IOBA026768,Current,Corporate,Active,20-11-2019,,4345332.3,4174368.49
7823107521141,924750859951,IOBA026768,Current,Regular,Active,04-03-2016,,6735873.6,8868338.65
60762683067,420142077431,KKBK019356,Recurring Deposit,Regular,Active,01-04-2023,,937789.57,7698561.51
27247338186553,420142077431,KKBK019356,Savings,Regular,Active,08-02-2021,,12377920.7,12231340.82
1086506198253,580030035342,CNRB049587,Savings,BSBD,Active,12-12-2016,,1260966.26,2550792.52
6684460792172,580030035342,CNRB049587,Savings,Basic,Active,14-04-2024,,6168983.45,6257036.64
39958152903283,342253202781,HDFC041951,Savings,BSBD,Active,22-04-2020,,1266528.41,21953262.62
66402238694874,342253202781,HDFC041951,Fixed Deposit,Basic,Active,03-11-2020,,9143758.65,8763128.14
69273047994918,118212024877,HDFC021973,Fixed Deposit,BSBD,Active,07-07-2024,,472240.21,461703.33
57652807119544,118212024877,HDFC021973,Current,BSBD,Active,21-02-2024,,7198766.69,6924030.49
27600947373,773350518711,SBIN055441,Salary,Regular,Active,01-09-2022,,1635562.11,4237842.65
8716100705114496,472907235387,PUNB012217,Fixed Deposit,Corporate,Active,31-01-2018,,5395674.14,7166005.87
5417153708732455,472907235387,PUNB012217,Current,Corporate,Active,22-07-2017,,13679688.2,5586135.94
239999619897,882985460655,KKBK066176,Savings,BSBD,Active,21-06-2020,,517714.47,1894226.74
9281769540817,698870655646,UTIB062255,Savings,Premium,Active,19-12-2020,,9102283.8,8905560.28
9185248508606,698870655646,UTIB062255,Salary,Basic,Active,17-08-2021,,4463319.78,4653299.2
68984937650149,175178937402,HDFC049384,Current,Basic,Active,23-07-2023,,5373995.45,6257391.21
471043264524,239397949975,KKBK050603,Savings,Premium,Active,13-06-2021,,8376221.47,8509000.08
62465765292,239397949975,KKBK050603,Recurring Deposit,Basic,Active,15-12-2019,,922620.76,1471311.14
9188888688749,962253449747,UTIB079160,Savings,Basic,Active,22-09-2021,,592524.3,1583491.67
88285580211254,349635520956,KKBK027264,Current,Premium,Dormant,20-12-2024,26-12-2024,142185.73,6512.89
3906724442931,552126147876,CNRB031788,Salary,Regular,Active,29-03-2023,,3728640.13,6255571.1
9199365012022,957989786003,UTIB019710,Recurring Deposit,BSBD,Active,13-05-2022,,190148.96,13548198.83
272804251846,427979789165,ICIC072700,Current,Regular,Active,24-01-2020,,1501252.33,9065159.65
9269624957809,961825242710,UTIB060765,Current,Basic,Active,30-10-2023,,420260.72,403943.8
9133416244173,961825242710,UTIB060765,Savings,Premium,Active,12-10-2016,,6201901.98,6344781.2
46005929096,356175208746,BKID011037,Fixed Deposit,Basic,Active,22-09-2017,,765541.55,1147179.36
58740079642534,286757508076,HDFC017458,Current,Basic,Active,23-12-2023,,534881.68,9282841.84
65786857705135,286757508076,HDFC017458,Savings,Premium,Active,14-01-2022,,487284.09,10738867.49
29554442418723,202802468872,IOBA080373,Savings,BSBD,Active,01-08-2023,,3576444.07,2856019.31
978206059747,563718601548,IOBA057743,Current,Premium,Active,27-11-2024,,422901.59,763384.31
1633670555567073,966862384610,PUNB038799,Salary,Premium,Active,14-09-2024,,1207511.52,5901539.42
4046052892309707,966862384610,PUNB038799,Savings,Basic,Active,19-12-2023,,652425.65,2156695.85
96706579775056,397109192186,KKBK093008,NRE,Regular,Active,16-09-2019,,4474511.99,5038243.26
5146006476605,397109192186,KKBK093008,NRE,Premium,Active,23-03-2019,,1807290.06,2475070.04
83052427791,871428545290,SBIN037672,Savings,Regular,Active,02-03-2024,,433769.98,700868.8
1238732866194229,448535696130,PUNB015196,Savings,Premium,Active,25-04-2023,,2542880.53,3855598.96
751094094727,384616220940,BARB071604,Recurring Deposit,BSBD,Dormant,21-09-2018,16-12-2018,335339.41,46056.7
460623490328,362494979597,IOBA054419,Current,Regular,Active,09-04-2022,,659705.14,719578.29
6729863541888,821500873854,KKBK037063,Salary,Premium,Active,21-10-2024,,316450.96,1075681.93
88454932149477,821500873854,KKBK037063,Current,Basic,Active,18-03-2024,,1579395.36,3291890.24
6769299792984975,471023581202,PUNB071527,Savings,Basic,Active,05-10-2021,,1459024.51,1619725.46
22926079916,197267014080,IOBA014272,Savings,Regular,Active,05-03-2020,,1708820.38,1658842.41
768993745602,188137560389,ICIC056721,Fixed Deposit,Corporate,Active,10-12-2024,,12869832.38,14756504.82
392483169418,188137560389,ICIC056721,Fixed Deposit,Regular,Active,02-07-2023,,833188.05,4188704.85
78600790035603,780458408943,BKID094897,Salary,Basic,Active,07-03-2023,,377473.31,13975005.15
7153568841199,780458408943,BKID094897,Savings,BSBD,Active,04-06-2024,,4437763.1,3731246.97
22153594587532,628409369928,BKID081931,Recurring Deposit,BSBD,Dormant,22-02-2024,27-02-2025,0.0,75478.38
6321044762707,875670521927,CNRB027632,Recurring Deposit,Basic,Active,30-04-2023,,28181.32,12948848.35
61267342551,312933912166,KKBK043605,Fixed Deposit,Regular,Active,16-01-2020,,1107591.54,1291912.11
422230148380,312933912166,KKBK043605,Savings,Basic,Active,13-05-2020,,461365.77,1363158.68
9227673378272,826858616540,UTIB052252,Salary,BSBD,Dormant,20-12-2021,30-01-2022,4556.34,73236.52
33325868943,830077101394,IOBA010561,Current,Premium,Active,30-10-2024,,1649795.44,14109734.43
4581274123188,830077101394,IOBA010561,Salary,Basic,Active,19-10-2024,,1299904.63,2106434.9
28798486623,207157358355,KKBK019786,Salary,Premium,Active,28-08-2024,,1305014.57,2856374.08
7189343515634,962218814920,CNRB067292,Current,Regular,Active,18-07-2024,,9285092.51,13435132.99
677937834888,388335837406,BKID055762,Savings,Basic,Active,14-08-2024,,2770289.46,2149435.25
48924737298,388335837406,BKID055762,Savings,BSBD,Active,17-06-2023,,1423134.93,8975465.89
9201371749583,918213250911,UTIB053229,Salary,Regular,Active,24-04-2017,,5438123.35,5653651.36
36103930558339,280981065296,IOBA028508,Savings,BSBD,Active,18-06-2024,,5138089.33,5812850.84
635597339478,280981065296,IOBA028508,Fixed Deposit,Regular,Active,02-02-2023,,880276.7,10130311.81
85757583030264,598818299877,HDFC023907,Recurring Deposit,BSBD,Active,29-06-2024,,1156146.72,1267495.28
3946345057708,155661467965,CNRB028009,Recurring Deposit,Basic,Active,13-01-2022,,4573822.47,4805804.02
81618706844624,232899555128,HDFC058623,Savings,Regular,Active,09-08-2017,,1271810.7,3390390.12
69819775509061,232899555128,HDFC058623,Salary,Regular,Active,19-06-2020,,1580312.12,2406684.8
57470514140262,407474850174,BKID036781,Recurring Deposit,Premium,Active,20-05-2024,,2549229.61,2278076.74
43219407187474,909330639711,CNRB041225,Fixed Deposit,BSBD,Active,22-09-2024,,909699.68,2951847.7
45360996530490,909330639711,CNRB041225,Current,BSBD,Active,04-04-2019,,4088653.84,4576196.95
3730362791596297,455566797129,PUNB048499,Current,Basic,Active,21-03-2020,,7015499.94,6452115.09
2683980988719077,455566797129,PUNB048499,Savings,BSBD,Dormant,26-05-2023,29-05-2024,186470.47,0.0
10166343361421,809408551281,CNRB013613,Fixed Deposit,Corporate,Active,20-07-2024,,4384071.08,8781134.62
8321404249131,809408551281,CNRB013613,Current,Regular,Active,24-11-2020,,6892446.81,9162806.89
827484110756,332805120469,KKBK056367,Salary,Premium,Active,03-12-2024,,3549399.29,3323338.84
184963358714,156673114300,ICIC073397,Fixed Deposit,Basic,Active,24-09-2018,,1747708.66,1790455.79
9983736639473,717024468395,CNRB042320,Savings,Premium,Active,07-04-2023,,1618486.14,1210769.58
83439247916268,164933822742,HDFC099202,NRO,Regular,Active,05-02-2019,,4244944.19,3902098.06
505050637883,445662465609,KKBK020301,Fixed Deposit,Premium,Active,26-07-2023,,292696.42,1588161.89
68825877750,445662465609,KKBK020301,Fixed Deposit,Regular,Active,16-10-2024,,988579.25,2580335.46
323868878327,306894921590,ICIC095009,Recurring Deposit,Regular,Active,29-03-2021,,489712.05,710515.46
11548511978,503796039124,BKID044999,Current,Regular,Active,06-02-2023,,8637049.78,19741017.58
77200651560,503796039124,BKID044999,Current,Corporate,Active,24-12-2022,,1065727.21,5356568.44
5438347906809,716435337980,BKID033469,Savings,Basic,Active,29-11-2022,,1059744.39,1386192.34
35712892516509,716435337980,BKID033469,Savings,Regular,Active,13-11-2022,,8285259.41,8628821.89
9135539462664,163579691953,UTIB044990,Fixed Deposit,Basic,Active,29-08-2016,,5543043.23,6969639.1
3893978163026817,688437321284,PUNB067574,Salary,BSBD,Active,01-07-2022,,551269.16,1966158.73
8788264365112697,688437321284,PUNB067574,Salary,Premium,Active,04-09-2020,,5034479.39,3557957.02
5653899979641588,304020802247,PUNB098114,Current,BSBD,Active,01-02-2020,,4798565.32,5137475.86
9184807514791,319890230252,UTIB082100,Savings,BSBD,Active,30-03-2022,,1621351.46,2556760.46
982325040241,968191536603,KKBK077490,Savings,Regular,Active,19-02-2023,,1523315.82,2047582.97
59026690275,839125901369,SBIN035456,Savings,BSBD,Active,30-09-2023,,1101486.93,13998660.36
90933305578,839125901369,SBIN035456,Recurring Deposit,Regular,Active,30-12-2023,,954843.73,745098.44
717129954501,843617747862,ICIC072079,Savings,Regular,Active,09-08-2021,,4543038.95,4186336.11
48624008753,419209226548,CNRB075981,Savings,Premium,Active,24-02-2024,,4574737.98,5904507.93
9187453509695,191643902853,UTIB021186,Savings,Regular,Active,24-08-2023,,2739492.36,1464596.85
73193777418743,797316678077,IOBA019770,Current,BSBD,Active,19-04-2018,,635608.3,1038746.89
26964398906958,797316678077,IOBA019770,Fixed Deposit,Premium,Active,02-02-2022,,8258658.92,8561143.96
9259031344033,834537927308,UTIB025678,Savings,BSBD,Active,31-05-2017,,3292282.31,3176425.49
67248798298,622013735179,SBIN049977,Salary,Regular,Active,13-03-2023,,1205379.19,8898069.7
65454409387138,774156275925,HDFC012304,Savings,BSBD,Dormant,04-03-2024,27-09-2024,16760.91,32693.14
8845622898974958,114266795994,PUNB090389,Savings,Basic,Active,29-12-2021,,9030349.74,9145412.59
2800495091867,837460061583,BARB020030,Salary,Regular,Active,21-11-2024,,359407.45,2464846.06
925329044909,960640379677,ICIC060993,Current,Basic,Active,13-10-2023,,2888145.9,2440136.17
3081965616104,331909387454,BARB095684,Salary,Regular,Active,19-10-2020,,1720288.05,862586.49
16820338815,306117726762,IOBA088677,Savings,Regular,Frozen,22-01-2019,,0.0,0.0
51435005595881,263560809632,BARB015392,Current,Corporate,Active,10-08-2024,,5864223.9,23217274.15
70893609033016,263560809632,BARB015392,Fixed Deposit,Regular,Active,14-10-2020,,5179031.12,44498.16
51549318504855,151882308245,KKBK012360,Salary,Premium,Active,23-05-2023,,6147793.05,13642242.78
3558898663707,105696953180,KKBK014780,Salary,Regular,Active,12-07-2024,,772416.52,7654168.37
13119289677,105696953180,KKBK014780,Savings,Basic,Active,26-08-2022,,1171770.47,1385830.21
765718654917,718982651235,KKBK025942,Salary,Basic,Active,13-05-2024,,175668.49,5480517.37
14906487711,486885076516,KKBK099383,Fixed Deposit,Basic,Active,23-04-2022,,782365.6,1201100.42
8670844875243,486885076516,KKBK099383,Current,Basic,Active,09-07-2020,,1205624.98,16879449.4
1102130472157948,680481307586,PUNB044004,Salary,Premium,Active,03-11-2024,,4743358.1,5502929.22
4289424025720757,680481307586,PUNB044004,Savings,BSBD,Active,26-11-2022,,5545850.65,4750579.78
28726746730,608801262290,SBIN037313,Fixed Deposit,Regular,Active,01-05-2022,,9271816.02,7099182.74
39475152267,608801262290,SBIN037313,Fixed Deposit,Regular,Active,04-03-2019,,2962819.45,4795333.71
9266288235089,869810579519,UTIB085693,Savings,Basic,Active,09-11-2022,,399190.51,752253.21
9226122501116,869810579519,UTIB085693,Current,Regular,Active,05-06-2022,,2300674.51,4303928.02
435149574233,896859805308,BKID071340,Fixed Deposit,Corporate,Active,14-08-2024,,5994718.98,8019391.34
296674776090,306447784470,IOBA079291,Savings,Basic,Active,01-01-2024,,4780735.9,4592636.08
93068787626,306447784470,IOBA079291,Fixed Deposit,BSBD,Active,05-07-2024,,1256832.06,7064706.19
2141874169902442,624465348864,PUNB046095,Savings,Basic,Active,12-01-2019,,1392132.57,6638705.32
9142673589933950,624465348864,PUNB046095,Recurring Deposit,Regular,Active,12-05-2021,,766499.6,6601896.7
34527625518300,771274781663,IOBA098226,Savings,BSBD,Active,19-09-2020,,6571553.88,5825959.14
4894005011709,157564993656,BARB069431,Savings,Basic,Active,07-07-2022,,5101825.44,5458626.24
183203029153,711083679372,ICIC092653,Savings,Regular,Active,29-12-2022,,247990.78,14034004.41
545380767942,678949556763,IOBA071309,Salary,Basic,Active,15-11-2024,,923792.07,636932.88
79970230616,678949556763,IOBA071309,Recurring Deposit,Premium,Active,04-02-2024,,870077.7,8764761.77
92457981517,583816330039,CNRB045869,Current,Basic,Active,13-11-2024,,2281956.18,2637052.56
1025058851340,583816330039,CNRB045869,Fixed Deposit,Regular,Active,14-09-2022,,8298705.18,6348067.58
46908346089738,555121677421,CNRB063454,NRE,Premium,Active,09-11-2019,,829471.41,1178124.67
94909583801,555121677421,CNRB063454,NRE,Premium,Active,28-02-2022,,8080493.3,7202995.87
312207200414,103783496133,BKID079958,Current,Basic,Active,19-11-2017,,1365887.2,1563259.51
9226754182553,390533986340,UTIB037180,Fixed Deposit,Corporate,Dormant,19-12-2021,27-05-2022,0.0,0.0
679576113997,487302694608,ICIC043526,Savings,Regular,Active,27-10-2021,,2090302.8,7530914.16
954080463035,738067783030,KKBK046609,Savings,Premium,Active,18-02-2024,,1087500.65,1267109.82
58009832051,738067783030,KKBK046609,Savings,Regular,Active,22-09-2019,,3585025.43,4018691.96
71961712758,448111749947,IOBA066886,Current,BSBD,Frozen,03-03-2024,,0.0,0.0
764440358260,261566223535,IOBA041555,Savings,Premium,Active,11-01-2019,,2150848.37,9132614.24
227857710140,261566223535,IOBA041555,Salary,Premium,Active,06-03-2024,,7414790.65,8796633.15
7341007561132,172260486129,CNRB076499,Salary,BSBD,Active,30-01-2020,,625159.23,1214632.12
42888540479,172260486129,CNRB076499,Recurring Deposit,Premium,Active,20-08-2024,,5549865.1,6842302.71
195144946919,656832040779,ICIC085652,Current,Premium,Active,20-08-2024,,2889829.02,6953461.47
9129584428688,356644880281,UTIB076640,Savings,Basic,Active,10-01-2024,,873244.48,1060441.17
238628354029,426675585182,IOBA077457,Current,Premium,Dormant,08-10-2024,01-12-2024,10988.49,123277.39
8268790543556201,542914720298,PUNB039342,Fixed Deposit,Regular,Active,27-03-2019,,843984.11,7439073.7
4585674549628028,542914720298,PUNB039342,Fixed Deposit,Regular,Active,17-05-2017,,20127469.93,11122456.16
5616354288963,216196967742,IOBA023867,Fixed Deposit,Regular,Active,18-01-2020,,1593999.12,2408164.5
1370970009014,561434334566,KKBK038990,Savings,Regular,Dormant,24-12-2021,31-08-2022,6019.16,5727.88
717710063881,832565995353,BKID011726,Savings,Basic,Dormant,13-10-2021,09-11-2022,0.0,30349.27
2194995554988270,820041939748,PUNB030927,Savings,Regular,Active,22-02-2017,,1513890.48,6372423.72
86609194132,343568404501,SBIN093780,NRE,Regular,Active,20-11-2019,,549688.91,5639814.06
29929345011,343568404501,SBIN093780,NRE,Premium,Active,29-10-2018,,3305137.04,3588377.57
2399153491705,494188509102,BARB010029,Savings,Premium,Active,19-09-2022,,5415598.98,6375856.85
2801950003914310,494689487638,PUNB076986,Current,Regular,Active,14-09-2022,,3992402.99,4634519.33
77537662444120,341647391801,BKID054220,Salary,Regular,Active,08-05-2023,,6629477.2,7738354.26
9305498866867,341647391801,BKID054220,Current,Premium,Active,04-07-2018,,185748.88,1429668.09
318767561610,231476568357,ICIC053513,Recurring Deposit,Basic,Active,22-12-2024,,2129921.54,1931247.95
39368785601,898977259383,CNRB063351,Recurring Deposit,BSBD,Active,24-12-2022,,722571.1,1183837.76
13963447908192,898977259383,CNRB063351,Salary,Basic,Closed,25-04-2023,,0.0,0.0
82934900573400,110131052544,HDFC077520,Current,Corporate,Active,11-01-2020,,1785997.9,7468188.01
49727350016232,280614211864,HDFC039410,NRO,Regular,Active,15-04-2022,,908897.98,14791422.69
83268008583550,280614211864,HDFC039410,NRO,Premium,Active,08-10-2022,,2119513.75,1558776.8
34482102356707,883958426631,HDFC075203,Fixed Deposit,Regular,Active,19-03-2024,,1240351.47,1150053.32
202307262417,959094952073,BARB027505,Fixed Deposit,Premium,Active,25-05-2020,,462261.92,3578541.46
54168243971,864927650579,SBIN082293,Fixed Deposit,Regular,Active,30-03-2024,,848338.7,2405417.55
41250117088,702406349098,KKBK087370,Recurring Deposit,Basic,Active,06-02-2018,,7943042.17,8790235.4
4694339412420747,852593299483,PUNB051955,Salary,BSBD,Active,28-05-2020,,1038536.83,1972710.29
3813640743295321,852593299483,PUNB051955,Current,Basic,Frozen,07-06-2022,,0.0,0.0
9028559777912,231792650241,BARB057853,Savings,Basic,Active,15-08-2019,,864641.72,3467161.52
1267484241945,911103412327,BKID058252,Current,Regular,Active,24-12-2017,,1237032.12,1249152.68
84710702174,911103412327,BKID058252,Savings,Basic,Closed,06-11-2019,,0.0,0.0
9205079392905,596198389708,UTIB056147,Salary,Basic,Active,17-09-2022,,747087.2,1633190.08
9387754050332844,516263402233,PUNB093243,Recurring Deposit,BSBD,Active,14-06-2020,,4853749.61,5903746.44
3785842675359150,516263402233,PUNB093243,Savings,Premium,Active,24-08-2019,,5588034.96,6472469.31
9153446077416,288922835965,UTIB046735,Salary,Premium,Frozen,24-02-2018,,0.0,0.0
783580031794,129648098055,CNRB070527,Salary,Regular,Active,23-07-2023,,647586.81,1329128.05
1529697002396967,546255045499,PUNB030466,Savings,Basic,Active,29-05-2024,,503060.81,1396695.84
3527245118193,537990129966,BARB026446,Current,Regular,Active,12-12-2017,,6166837.73,6040814.21
38907379975764,405421460024,HDFC090160,Savings,Basic,Active,10-10-2022,,1660479.85,2828106.17
69887088222666,405421460024,HDFC090160,Salary,Regular,Active,31-07-2024,,5400386.22,5591633.21
944465683829,368999165042,ICIC027976,Salary,Basic,Active,08-08-2023,,3624309.98,4063690.48
134285671615,368999165042,ICIC027976,Savings,Premium,Active,23-04-2024,,968712.28,2722563.77
35862786732575,176473637954,HDFC015978,Savings,Regular,Active,24-11-2019,,1211597.19,7817452.34
62657681304702,176473637954,HDFC015978,Savings,Basic,Active,08-05-2022,,3545681.52,3678185.31
49994040027663,943088704409,BKID058366,Savings,BSBD,Closed,29-09-2023,,0.0,0.0
99465046058932,943088704409,BKID058366,Salary,Regular,Active,22-12-2024,,1281837.52,2246282.95
431119291182,607896451530,IOBA030890,Current,Corporate,Active,30-12-2024,,17502225.65,10451900.78
88519876480,607896451530,IOBA030890,Fixed Deposit,Corporate,Active,12-09-2020,,161381.11,425431.08
16392809992,180952081341,SBIN045367,Salary,BSBD,Dormant,30-08-2023,21-12-2024,0.0,0.0
5801054066129,965924286520,BKID084326,Current,BSBD,Active,16-04-2024,,9631593.8,9442501.54
964274174882,510442328249,ICIC072936,NRE,Premium,Active,29-04-2024,,1715706.64,13331495.76
4031245872065,739731722160,BARB089441,Fixed Deposit,Regular,Active,04-08-2023,,355096.25,498330.75
470714412569,739731722160,BARB089441,Current,Regular,Active,16-02-2024,,1215813.89,15705666.65
8668408333110289,560982681681,PUNB014538,Fixed Deposit,Regular,Active,26-02-2023,,661239.36,3263966.6
2380927646157574,560982681681,PUNB014538,Current,Regular,Active,12-12-2015,,3314511.57,3955273.63
41484215954789,880236046047,BARB026468,Savings,BSBD,Active,31-05-2022,,1856572.62,2508958.59
9627519333520,880236046047,BARB026468,Savings,Basic,Active,27-12-2021,,966212.35,17586107.95
58052252385,678410532051,SBIN053017,Recurring Deposit,BSBD,Active,06-02-2022,,1442889.87,10411022.3
1828544464250,700451817129,BKID076839,Fixed Deposit,Corporate,Active,05-03-2024,,8246883.69,7845169.68
4480022359812,700451817129,BKID076839,Current,Corporate,Frozen,04-09-2024,,0.0,0.0
595955273300,269913854980,ICIC056694,Fixed Deposit,Corporate,Active,06-08-2021,,548269.13,3835219.08
954528814471,314584911838,KKBK072615,Savings,BSBD,Active,14-05-2024,,6579182.79,6725171.71
687608754624,314584911838,KKBK072615,Salary,Regular,Dormant,14-11-2024,13-02-2025,0.0,0.0
97481591561145,768468576114,IOBA089956,Current,Basic,Active,10-10-2022,,5667325.0,11571820.55
42729107747332,987458106619,HDFC097606,NRE,Regular,Active,15-08-2016,,750811.12,7003284.49
85305655765288,987458106619,HDFC097606,NRE,Premium,Frozen,30-08-2017,,0.0,0.0
74582483087644,139810852683,HDFC019575,Salary,Basic,Active,22-09-2022,,9900718.88,9289595.75
79798651955211,139810852683,HDFC019575,Current,Premium,Active,20-08-2023,,7575922.53,7960028.23
59858459277417,280047382886,CNRB048513,Savings,Premium,Active,28-02-2024,,705897.08,1674465.72
1775774854788116,734121477113,PUNB079719,Recurring Deposit,Basic,Active,13-09-2018,,436365.4,580304.48
67459108310855,393032660729,HDFC015896,Savings,Basic,Active,02-08-2016,,341954.54,1954963.58
72932329760071,988189244194,HDFC066234,Current,BSBD,Active,15-02-2020,,1133827.32,2173833.76
96486084822021,988189244194,HDFC066234,Salary,BSBD,Active,27-07-2024,,1786688.86,2525338.12
305847611923,895088604457,ICIC090111,Current,Regular,Active,19-01-2023,,4887505.55,4430244.16
24803833803,257845050772,SBIN069997,Fixed Deposit,Premium,Active,13-10-2019,,7577276.88,7921135.81
31577337007,257845050772,SBIN069997,Savings,Premium,Frozen,29-12-2023,,0.0,0.0
20818662934847,120253489120,BARB094441,Savings,Premium,Active,27-05-2021,,7058492.13,7455464.38
93414091371,120253489120,BARB094441,Current,Premium,Active,28-01-2021,,442722.59,4725646.32
368016699772,139479548475,BARB056542,Savings,Regular,Active,31-12-2022,,2687733.06,8087507.65
3056508405809,139479548475,BARB056542,Fixed Deposit,BSBD,Active,25-10-2022,,5353228.29,4924939.98
82524399054,626109766845,CNRB057933,Salary,BSBD,Active,23-11-2020,,211193.81,1324996.58
37934718162,563021875144,SBIN057084,Fixed Deposit,Basic,Active,15-04-2024,,1741193.76,4399916.95
9219875719279,926676050206,UTIB096509,Current,BSBD,Dormant,19-04-2015,15-01-2025,166013.5,38885.89
62328932634916,101413793163,HDFC059588,Fixed Deposit,Corporate,Active,09-03-2024,,4437737.76,6911434.47
92146912535202,101413793163,HDFC059588,Fixed Deposit,Regular,Active,05-05-2019,,3866219.76,3960120.82
57365291954285,780781824496,HDFC029750,Fixed Deposit,Corporate,Active,29-09-2022,,1065672.83,10052139.59
91054272934877,834028609737,BARB061650,Fixed Deposit,Regular,Active,29-10-2024,,334637.69,5670711.27
57612647867,983731765246,IOBA041187,Current,BSBD,Active,03-06-2020,,564724.96,1034673.71
793019924767,983731765246,IOBA041187,Savings,BSBD,Active,03-03-2023,,217185.94,1019427.88
9184683303628,321439837926,UTIB023030,Savings,Premium,Active,21-12-2021,,761482.47,12708404.12
7855315152466853,946577102028,PUNB047356,Salary,Regular,Active,26-07-2021,,1521605.65,2848214.61
58251809953472,156541629111,CNRB026063,Current,Regular,Active,25-11-2022,,2776418.65,2903657.16
7495916018481,107121082878,KKBK046145,Fixed Deposit,Basic,Active,31-07-2024,,263760.06,333440.24
26382323536,107121082878,KKBK046145,Savings,Premium,Active,12-07-2024,,1912364.82,2599798.73
27177541439348,166831163112,IOBA070250,Savings,Basic,Active,01-01-2022,,185775.68,12301147.0
369144699958,906708930443,ICIC035961,Fixed Deposit,Regular,Active,15-08-2022,,6300641.2,32516187.7
3828325160345403,191717661692,PUNB087365,Savings,BSBD,Active,01-12-2021,,7049709.22,7658532.78
62476029525,654137072292,KKBK053996,Current,Regular,Active,09-06-2020,,1591756.49,19101383.46
72116963364,198740690766,BARB073864,Savings,Basic,Active,05-07-2023,,6651934.01,5895091.7
97067960591487,198740690766,BARB073864,Salary,BSBD,Active,07-09-2024,,461418.94,5798061.27
92635903358172,127829040931,HDFC054293,Salary,BSBD,Active,14-04-2023,,1360634.28,1368759.91
48726821235234,266976253307,KKBK063968,Fixed Deposit,BSBD,Active,15-07-2019,,4059590.18,4167359.32
24670363528039,305601643064,KKBK078748,Savings,Basic,Active,20-08-2024,,52558.41,10775013.54
96500934950298,870525456224,HDFC021265,Savings,Premium,Active,16-02-2023,,3250228.0,2528293.87
83545060986543,568215749677,BARB084022,Recurring Deposit,BSBD,Closed,29-08-2024,,0.0,0.0
4530209762253,860237839457,BKID048126,Savings,BSBD,Active,25-03-2016,,137870.38,1219575.31
43591145538,860237839457,BKID048126,Savings,Regular,Active,20-11-2019,,1377601.04,2929926.2
5778383511081,140823838429,BARB035843,Salary,Regular,Closed,20-05-2023,,0.0,44537.93
26927016163929,608806038339,CNRB020546,Fixed Deposit,Corporate,Active,15-06-2018,,178343.42,11232520.56
40623488445151,498976169855,HDFC026784,Salary,BSBD,Active,02-06-2024,,3918448.34,5521433.23
95015887853269,498976169855,HDFC026784,Salary,BSBD,Active,13-07-2024,,3563953.07,3422941.23
386652041556,439066057330,CNRB031269,Savings,BSBD,Active,17-10-2024,,642459.67,9540791.16
27334614656,439066057330,CNRB031269,Fixed Deposit,Premium,Closed,03-06-2024,,0.0,0.0
562360004003,495405079763,ICIC057030,Current,Premium,Frozen,26-05-2024,,0.0,0.0
73015863410815,651433617990,CNRB063045,Fixed Deposit,Basic,Dormant,15-06-2020,30-06-2023,0.0,0.0
72950270901957,651433617990,CNRB063045,Fixed Deposit,BSBD,Active,29-08-2024,,1174547.52,927952.36
825023182749,489335378464,ICIC035982,Savings,BSBD,Active,06-05-2021,,382241.89,788567.97
7317044441122102,865396323001,PUNB099123,Savings,Premium,Active,25-10-2023,,1048340.21,3239653.29
9279268134587,924156878512,UTIB022932,Fixed Deposit,Regular,Active,30-09-2023,,1420339.76,1737941.77
69454590175714,508657715365,HDFC026342,Current,BSBD,Active,08-03-2024,,6688430.6,6497906.81
17105149331202,508657715365,HDFC026342,Fixed Deposit,BSBD,Active,17-10-2024,,2882997.39,8663946.12
9831368728302,966457666667,BARB053887,Savings,BSBD,Active,30-06-2020,,316495.01,8761209.72
6484085002326,739367474432,BKID027632,Salary,Regular,Active,24-12-2024,,1431334.9,398970.42
9201618342096,639986704357,UTIB076432,Current,Regular,Active,09-07-2022,,3237479.2,4967986.67
6915383093764,246071933564,KKBK035631,Salary,BSBD,Active,09-04-2021,,529400.72,3023272.78
9100145354599,842179568774,UTIB077530,Fixed Deposit,BSBD,Active,28-02-2022,,1540038.91,2909131.8
9109289808532,842179568774,UTIB077530,Salary,Regular,Active,04-10-2021,,2189675.39,11139598.1
243009141963,709699106351,ICIC019603,Savings,Regular,Active,13-11-2019,,1398265.51,1915829.23
249366231986,709699106351,ICIC019603,Savings,Premium,Frozen,05-12-2019,,0.0,0.0
11651789107869,333450306167,IOBA054269,Savings,Regular,Active,25-02-2020,,1685921.64,14261383.08
86561695477,333450306167,IOBA054269,Salary,Premium,Active,12-05-2021,,398798.82,8110680.66
2414266976656,274581034328,CNRB011235,Savings,Premium,Active,08-07-2022,,6167970.59,6605635.44
557954647501,485175598451,ICIC098558,Fixed Deposit,Regular,Active,02-04-2024,,7175968.4,3871358.64
620895087934,485175598451,ICIC098558,Current,Corporate,Active,13-12-2024,,4022502.08,6535987.11
88791814052,576817403428,CNRB026917,Salary,BSBD,Active,16-01-2021,,2091327.69,12167142.05
15147070606,576817403428,CNRB026917,Salary,Regular,Active,09-09-2022,,695654.73,1079752.46
9113823920475,869494655725,UTIB052135,Current,Basic,Active,04-07-2019,,865196.59,7190204.95
9144577942333,660481758234,UTIB062722,Fixed Deposit,Regular,Active,11-05-2022,,10505129.5,11787867.02
9183423578036,660481758234,UTIB062722,Current,Regular,Active,30-08-2020,,863493.13,4932443.33
9223865377149,198368197539,UTIB061218,Savings,Basic,Active,23-02-2024,,358508.0,9686869.06
9283438486361,198368197539,UTIB061218,Recurring Deposit,Basic,Active,06-09-2024,,365600.12,2211674.29
2665437522747551,452394641800,PUNB010657,Savings,BSBD,Active,04-03-2024,,1989054.3,2541562.46
23696247367945,637849233310,KKBK084167,Fixed Deposit,Premium,Active,08-12-2016,,868879.25,2377771.53
96916171065383,637849233310,KKBK084167,Savings,Basic,Active,07-07-2022,,5469567.52,5627945.74
17138437503615,313194663827,IOBA043167,Salary,Basic,Active,11-02-2021,,696469.32,266183.59
1211588889941,313194663827,IOBA043167,Savings,Basic,Active,13-04-2024,,1121112.61,9481465.47
3164010945369450,877768627959,PUNB043513,Savings,Regular,Active,02-02-2024,,372784.06,549718.47
783750694800,563347141352,ICIC057500,Savings,Premium,Active,23-10-2024,,6696164.25,7028782.6
664302047719,563347141352,ICIC057500,Savings,Premium,Dormant,09-05-2024,18-05-2024,0.0,17257.67
9549632269148217,862443524129,PUNB045536,Savings,BSBD,Active,16-11-2024,,982600.47,2427825.26
1905918577760934,862443524129,PUNB045536,Savings,Regular,Active,12-08-2024,,742432.77,1771792.7
93165274221957,978715596274,HDFC035646,Savings,BSBD,Active,20-12-2023,,1977219.98,1897886.07
9102365429134,217533516791,UTIB073226,Current,Regular,Active,02-04-2024,,6350323.7,24212181.48
1308430388669741,789876568849,PUNB077074,Salary,Premium,Active,15-08-2020,,4792217.82,5474083.9
9651805506119374,789876568849,PUNB077074,Salary,BSBD,Active,03-03-2024,,4756104.78,3496407.57
9485054984284,638674793872,IOBA084239,Current,Basic,Active,29-07-2022,,3880244.17,4446349.97
72381948761,638674793872,IOBA084239,Recurring Deposit,Regular,Active,04-08-2021,,7003278.04,7769463.68
82915101225,320110009446,SBIN094660,Current,BSBD,Active,23-11-2019,,506231.72,6444819.24
9113961457823,250302876088,UTIB089638,Salary,Premium,Active,03-08-2020,,2294520.0,3040412.91
9219691662477,250302876088,UTIB089638,Savings,Premium,Active,21-07-2022,,500981.17,13288552.02
7030268069141925,386475154485,PUNB066875,Current,Basic,Active,23-08-2024,,243689.41,983161.46
955465576252,985303411102,ICIC083636,Recurring Deposit,Regular,Frozen,21-03-2020,,0.0,0.0
47052272849354,597809957580,KKBK053317,Savings,BSBD,Active,26-12-2023,,2345440.47,2153674.95
7858384734530279,447021476644,PUNB025542,Fixed Deposit,Regular,Active,02-02-2024,,5886455.68,5919186.73
51695266323,248787059938,CNRB039702,Savings,BSBD,Active,24-08-2020,,453796.53,807898.08
8229277832060,248787059938,CNRB039702,Fixed Deposit,Regular,Active,09-02-2022,,2126881.17,2453369.33
35482143493038,802538158000,CNRB072116,Salary,BSBD,Frozen,25-11-2023,,0.0,0.0
5796175297814,560735247750,BARB064172,Savings,Regular,Active,03-06-2021,,313712.24,648779.88
5902325989105,560735247750,BARB064172,Savings,Regular,Active,29-09-2024,,225641.51,4023744.02
347021765035,923885428827,ICIC074773,Current,BSBD,Closed,03-08-2024,,0.0,0.0
10791769274,219510800127,KKBK077295,Fixed Deposit,Regular,Active,17-05-2023,,3594736.64,3688832.85
50477757831,785024901777,SBIN076357,Fixed Deposit,Premium,Active,21-10-2024,,2120138.29,8112487.15
92443369839278,431818184320,CNRB094474,Recurring Deposit,Premium,Active,05-07-2023,,1852280.45,2649306.74
60720895893,431818184320,CNRB094474,Current,Premium,Active,06-07-2023,,5497702.14,5727054.88
5296431524900247,247627726932,PUNB042230,Fixed Deposit,Premium,Active,02-11-2021,,3519821.96,6137591.58
2553885425012362,247627726932,PUNB042230,Current,Basic,Active,30-12-2023,,6724730.8,5449114.75
60276152123,648304703429,IOBA060797,Fixed Deposit,BSBD,Active,27-03-2024,,2173883.37,1954809.33
1741616053220,648304703429,IOBA060797,Savings,BSBD,Active,10-12-2024,,1455766.33,9024821.59
84036323253,455405182830,IOBA054984,Fixed Deposit,Regular,Active,16-04-2024,,4740604.91,1943797.92
33680548813353,455405182830,IOBA054984,Fixed Deposit,Corporate,Active,14-09-2022,,7271887.75,2436131.74
9112022093547,817802872290,UTIB023021,Savings,Premium,Active,16-05-2020,,3865140.39,4792295.29
64649923363663,797266620951,HDFC028404,Savings,BSBD,Active,22-07-2021,,4285760.71,4779596.26
81837166724729,797266620951,HDFC028404,Fixed Deposit,BSBD,Active,01-06-2020,,517492.4,6413956.05
9389700433612285,572344074010,PUNB058216,Current,Regular,Active,03-01-2018,,1421896.94,5274931.15
51501038560700,515075353684,BARB062571,Current,Premium,Active,27-07-2018,,1477508.06,2009339.23
3238266438534196,694569883180,PUNB021062,Savings,BSBD,Active,07-10-2024,,1343596.93,2986030.19
87645029612077,188888852510,HDFC051756,Current,Premium,Active,09-08-2019,,2230276.08,8900824.03
301865400230,992202655201,ICIC092004,Current,BSBD,Frozen,09-09-2024,,0.0,0.0
71211488681,255832156573,IOBA023566,Savings,BSBD,Active,30-08-2023,,200679.3,465614.64
996405786700,420059899450,BARB017514,Current,Premium,Active,06-06-2020,,1705417.7,3556608.58
200742265695,420059899450,BARB017514,Current,BSBD,Active,17-04-2022,,1016432.48,11878294.75
6534182063692353,523905329395,PUNB028903,Current,Basic,Active,11-06-2024,,279760.07,14108413.18
249131104330,815047513711,ICIC075023,Savings,Regular,Active,11-08-2024,,5689088.65,6288774.78
258724033552,815047513711,ICIC075023,Current,Basic,Active,01-08-2023,,588348.61,2232281.12
97043965543040,282962415305,BKID036164,Salary,Regular,Active,08-10-2024,,52983.79,1827629.83
6099612287418,282962415305,BKID036164,Fixed Deposit,Regular,Active,28-04-2022,,1417950.62,3726237.9
23341702466969,579990950412,IOBA018385,Savings,Premium,Active,24-06-2022,,6906416.42,7222863.22
733732353338,329524337013,IOBA012733,Fixed Deposit,Premium,Active,17-07-2024,,3760905.04,3905898.44
9550763083647,971667661846,KKBK011860,Current,Corporate,Active,30-07-2023,,2934048.59,1775540.1
78327884427,971667661846,KKBK011860,Current,Corporate,Frozen,10-03-2019,,0.0,0.0
97824090598,903397977645,SBIN010310,Recurring Deposit,Premium,Active,12-11-2022,,39100.31,1438831.42
78235489739734,108250599576,HDFC080869,Salary,Regular,Active,23-11-2016,,6667906.47,6476602.21
3724447235330809,332344952809,PUNB096735,Savings,Regular,Active,08-03-2021,,145638.65,11116348.72
7681171661065137,332344952809,PUNB096735,Savings,Basic,Active,26-01-2023,,9301117.18,8778279.91
316914365431,121097412612,BKID083414,Current,BSBD,Active,18-11-2021,,5400124.74,6018477.24
86131037341627,831546246704,HDFC089068,Savings,BSBD,Active,14-04-2017,,271627.09,265246.71
63940601659191,397088447238,HDFC020605,Fixed Deposit,Corporate,Active,20-09-2024,,1590900.53,7763523.95
85743583242,702181008293,BKID064548,Savings,Regular,Active,06-10-2021,,418044.14,10850058.49
9289281856125,986401075748,UTIB096355,Savings,Premium,Active,16-07-2018,,5682148.13,5586121.26
3197787973994,369346843977,BKID085198,Savings,Basic,Active,01-04-2019,,7953656.31,8095760.55
6782040265635,369346843977,BKID085198,Salary,BSBD,Active,28-03-2021,,2044010.53,10314988.21
554923722414,905863738571,BARB042798,Salary,Basic,Active,08-11-2019,,113021.37,17636693.63
30077412036597,118120415174,IOBA029683,Savings,Basic,Active,29-03-2023,,3582183.89,5742482.5
34362985348,118120415174,IOBA029683,Fixed Deposit,Basic,Active,17-08-2022,,5225823.28,4096432.48
4152620324931014,274705032997,PUNB023484,Fixed Deposit,Regular,Active,12-07-2016,,2650231.89,2016723.49
19433251459,720511001957,SBIN055194,Salary,Regular,Active,23-03-2019,,649056.41,538242.55
355317274968,377106999811,CNRB013583,Savings,BSBD,Active,14-02-2022,,392542.13,7287362.38
3342711513352,752807674652,BARB096996,Current,Premium,Active,25-08-2024,,969418.41,10262083.06
9256318681821,339447246547,UTIB084649,Savings,BSBD,Active,05-10-2023,,3720258.9,3414358.02
9270298286432,339447246547,UTIB084649,Fixed Deposit,Basic,Frozen,25-10-2022,,0.0,0.0
988843006985,322275628554,ICIC015431,Savings,Regular,Active,20-12-2024,,3478010.38,2450183.11
727401863204,322275628554,ICIC015431,Savings,BSBD,Active,05-06-2024,,5969597.06,9164060.05
279643535771,625735745614,BARB079095,Salary,BSBD,Active,01-10-2022,,1614860.61,2098637.52
185683563698,645373019279,KKBK038506,Salary,BSBD,Active,25-11-2018,,3930032.79,4327666.93
4096024395787,645373019279,KKBK038506,Savings,Regular,Active,13-01-2023,,6043019.51,6013557.47
36000544434,741327766625,SBIN064814,Fixed Deposit,Basic,Active,30-06-2022,,1275657.12,7810646.33
13612299706773,938253404314,HDFC073622,Current,Regular,Active,29-01-2022,,8168787.51,9178121.58
20185197683835,938253404314,HDFC073622,Salary,Premium,Active,18-06-2022,,3888539.64,4456404.67
834643499966,575786301287,ICIC096647,Salary,Premium,Active,14-04-2022,,430541.6,1684878.01
96278138621929,482329891654,KKBK040250,Fixed Deposit,Basic,Active,14-12-2021,,1471570.65,2881513.92
9470530085775,482329891654,KKBK040250,Current,BSBD,Active,26-05-2023,,1740332.02,5271299.12
62173834562174,770790381948,BARB092330,Salary,Regular,Active,09-08-2021,,5093774.67,5625698.21
9403888122292,770790381948,BARB092330,Fixed Deposit,Regular,Active,07-01-2016,,8180143.8,9001753.4
210257391820,624982694072,ICIC026691,Fixed Deposit,Basic,Active,22-08-2020,,294984.85,4424117.7
9142685299339,686346979606,UTIB017156,Recurring Deposit,Premium,Dormant,29-08-2024,22-09-2024,0.0,106549.82
116427973211,310621981445,ICIC095071,Current,Regular,Frozen,11-02-2024,,0.0,0.0
411108704826,310621981445,ICIC095071,Fixed Deposit,Regular,Active,16-11-2023,,7419857.59,9909756.95
307799282672,266948330751,ICIC018202,Recurring Deposit,Basic,Active,22-12-2021,,1782667.11,992909.44
16521442416,445402635337,SBIN067898,Fixed Deposit,Premium,Active,15-11-2024,,544725.89,1662844.31
57950474469,804290573788,KKBK010957,Current,Regular,Active,26-04-2020,,11836253.4,8950826.03
1993228826226,281754158955,IOBA035813,Fixed Deposit,Regular,Active,28-07-2023,,6681365.95,4159186.62
9116685726873,582149202067,UTIB053941,Current,Corporate,Dormant,19-12-2015,07-07-2017,0.0,0.0
9140609750980,732454704960,UTIB061637,Fixed Deposit,BSBD,Active,06-03-2024,,2242922.45,2185338.16
9131055728081,732454704960,UTIB061637,Current,Premium,Dormant,26-08-2022,08-12-2022,3854.09,0.0
364977502934,561593640501,ICIC091770,Savings,Regular,Active,18-09-2020,,1851758.28,10083653.84
48341691809,915991081812,CNRB033255,Savings,Premium,Active,05-09-2024,,659628.16,7918290.4
25470621980700,830078221354,CNRB028203,Savings,Premium,Active,26-03-2021,,1748193.47,1889767.73
69917920992758,830078221354,CNRB028203,Fixed Deposit,Basic,Active,20-03-2017,,207217.82,790592.23
9147468036697,204291901485,UTIB020757,Savings,BSBD,Active,09-03-2022,,1245392.18,1846302.67
9249974407580,204291901485,UTIB020757,Salary,BSBD,Active,23-02-2023,,1712522.09,2314129.97
26510821650,260637644143,SBIN035538,Savings,Basic,Active,10-08-2016,,1525679.43,6604491.96
58031133711016,235372501964,CNRB085066,Fixed Deposit,Premium,Active,06-06-2022,,5744853.42,5253795.61
46569179060053,235372501964,CNRB085066,Fixed Deposit,BSBD,Active,17-08-2024,,1240416.68,2437937.75
615246523218,211342338292,IOBA026973,Salary,BSBD,Active,08-12-2016,,628676.86,12525670.3
14492933195713,107066142350,HDFC071526,Salary,Regular,Active,31-12-2023,,952084.58,1909966.71
50099235198999,107066142350,HDFC071526,Fixed Deposit,Basic,Active,02-11-2024,,7739812.17,8351587.34
181161985532,101128442852,KKBK026367,Savings,Basic,Active,10-11-2024,,7228573.34,6856429.04
76461066609724,101128442852,KKBK026367,Savings,Basic,Active,15-02-2024,,4057461.2,3802503.62
835113098716,444405396501,ICIC082720,Fixed Deposit,Premium,Active,19-09-2022,,61249.18,11859404.15
57661284495,425916674396,SBIN017537,Fixed Deposit,Regular,Active,26-01-2024,,1286418.7,15018265.08
360242222541,484595887883,BKID078882,Savings,BSBD,Active,19-11-2024,,214964.04,18230726.67
666505661578,520482862419,ICIC075586,Recurring Deposit,Basic,Active,11-10-2020,,985001.31,9130237.62
57838975664213,373805972912,HDFC075141,Salary,Premium,Dormant,27-08-2021,04-12-2024,1735.97,2183.11
26860311169041,373805972912,HDFC075141,Salary,Basic,Active,20-03-2022,,114623.69,2284094.74
28399262053187,636870780234,CNRB068583,Salary,Basic,Active,11-09-2019,,1202688.46,1989429.65
208833331949,636870780234,CNRB068583,Current,BSBD,Active,22-02-2021,,1444727.98,1391796.95
26258407039,903405498856,SBIN073361,Salary,Regular,Active,10-11-2021,,389875.56,820232.14
546300049710,893544484411,CNRB093293,Savings,BSBD,Active,19-06-2022,,2118972.25,2554696.41
7639126976992,927971848889,BKID039586,Recurring Deposit,Premium,Active,21-08-2024,,1740638.46,7285209.32
904999429977,247386685994,ICIC035998,Savings,Regular,Active,22-05-2022,,4060383.02,4277753.1
868549809502,247386685994,ICIC035998,Current,BSBD,Active,01-10-2022,,2644526.99,2802310.61
9272834040559,266086422369,UTIB077477,Salary,Premium,Active,15-07-2024,,1426140.0,24122870.81
9170425364060,266086422369,UTIB077477,Salary,BSBD,Active,10-04-2024,,5778898.27,5710750.22
93165062850576,997830709294,BARB027132,Recurring Deposit,Basic,Active,15-03-2024,,4111973.67,4586307.37
45433145471,997830709294,BARB027132,Salary,Basic,Active,12-10-2022,,736979.05,8053887.72
9240694682023,728396645004,UTIB098749,Salary,Premium,Active,25-09-2021,,2675043.8,1188553.1
83218627837832,238604083638,CNRB074217,Salary,Regular,Active,20-10-2023,,180401.73,257579.61
8166120042970,238604083638,CNRB074217,Recurring Deposit,BSBD,Active,09-04-2017,,1251420.91,918662.3
9262033830189,190837032767,UTIB070836,Current,Regular,Active,29-05-2021,,6680295.46,9873982.97
9214485698881,190837032767,UTIB070836,Fixed Deposit,Corporate,Active,19-09-2022,,3360465.39,7139126.49
9104809715065,304191363626,UTIB052087,Salary,Basic,Active,09-03-2022,,1335057.16,1731089.86
9131996784899,304191363626,UTIB052087,Savings,Regular,Active,19-09-2021,,1478331.32,9059624.05
9259180980970,484932343890,UTIB073940,Current,Regular,Active,05-06-2021,,634653.58,5219847.58
25888629644,472158707702,KKBK088152,Current,Premium,Active,04-02-2024,,1483227.26,9896228.52
904801233879,472158707702,KKBK088152,Salary,Regular,Dormant,31-07-2023,09-01-2024,32797.06,0.0
502833075159,730049935180,BARB070561,Current,Corporate,Active,10-04-2017,,8300295.67,14572240.29
233944850451,730049935180,BARB070561,Current,Corporate,Active,14-07-2017,,2805765.32,9673526.82
19984508399389,960670610701,CNRB024670,Salary,Premium,Active,14-04-2017,,1789847.84,3679855.52
427840026320,544084480371,ICIC047298,NRO,Regular,Active,28-08-2024,,631467.03,4966207.12
7939935836383823,926465338272,PUNB016992,Salary,BSBD,Active,01-12-2019,,6245069.69,6001765.37
9232808566709088,926465338272,PUNB016992,Salary,Basic,Active,06-08-2024,,4330435.8,4589617.71
9226446675809,600411884517,UTIB025485,Fixed Deposit,Basic,Active,07-11-2022,,1621103.49,1484985.59
575920248045,673055546576,ICIC051400,Savings,BSBD,Active,26-02-2024,,670303.75,300998.51
926473941320,673055546576,ICIC051400,Savings,BSBD,Active,19-10-2024,,904509.68,14374821.29
9102663569726,841568852020,UTIB059143,Savings,Premium,Active,27-01-2017,,821826.77,811870.33
9154777593955,373368259976,UTIB015293,Savings,BSBD,Dormant,25-04-2023,15-03-2024,0.0,0.0
9285963736627,373368259976,UTIB015293,Salary,Premium,Dormant,08-02-2023,04-12-2024,2348.44,15843.84
24779931601645,774977567107,CNRB053239,Savings,Premium,Active,04-08-2023,,4494431.94,4495377.91
67125672253609,438507558592,HDFC022507,Fixed Deposit,Basic,Active,18-10-2022,,7056447.25,7083438.03
51517435987361,438507558592,HDFC022507,Savings,BSBD,Dormant,11-03-2024,14-05-2024,119607.76,10316.01
604618915099,791087796625,CNRB098049,Recurring Deposit,BSBD,Dormant,08-04-2024,15-04-2024,31294.41,1251.16
95365431466,791087796625,CNRB098049,Salary,Premium,Active,14-05-2024,,284566.03,305793.86
779218848972,926546045524,ICIC026164,Recurring Deposit,BSBD,Active,06-01-2018,,1641749.8,2496022.87
22076519761534,286446892405,KKBK046135,Savings,Regular,Active,01-06-2022,,642583.62,6453026.06
62738819664,282720124616,SBIN088179,Savings,Regular,Active,10-02-2018,,1808492.42,14199933.0
65042263825,514936037989,CNRB082053,Savings,BSBD,Active,09-11-2024,,439395.71,313584.09
66457940060,514936037989,CNRB082053,Fixed Deposit,BSBD,Active,25-06-2022,,479779.34,457509.39
4063087998558778,831323251000,PUNB014928,Recurring Deposit,BSBD,Active,16-01-2022,,1342757.76,3422210.73
9195894679953,350354695648,UTIB088048,Recurring Deposit,Basic,Active,15-01-2024,,5346468.42,5631677.9
77811051593896,928539556810,IOBA031471,Current,Regular,Active,01-03-2021,,346324.75,7582386.4
1712090200430,928539556810,IOBA031471,Salary,Basic,Dormant,13-09-2020,27-08-2023,3250.15,138920.84
43039739616679,504008014898,HDFC091196,Fixed Deposit,Corporate,Active,02-12-2023,,14295910.12,7616422.9
53663095889,561484725075,BARB085578,Current,Regular,Active,19-11-2024,,533157.25,8485841.17
55772312642,561484725075,BARB085578,Savings,BSBD,Active,19-11-2024,,4983784.27,4998351.11
61931418445,741320671622,KKBK010601,Current,Corporate,Active,06-08-2022,,54763.37,8235072.22
79962388851,976743631597,CNRB081813,Fixed Deposit,Regular,Closed,08-09-2022,,0.0,0.0
1410204299332,976743631597,CNRB081813,Fixed Deposit,Regular,Active,21-04-2018,,563101.19,456940.32
80663984694365,611684979737,HDFC069161,Recurring Deposit,BSBD,Dormant,25-01-2023,19-06-2023,5803.08,3076.45
12131614815,193188816399,SBIN088414,Savings,Basic,Active,20-02-2024,,2623840.18,3151494.79
35270308574413,777333294204,HDFC022954,Current,Regular,Active,04-05-2024,,2305371.7,10945705.82
9208800401127,654006499557,UTIB067686,Fixed Deposit,Corporate,Closed,22-04-2022,,0.0,0.0
5756887460716,777203535982,IOBA064272,Salary,Premium,Active,22-04-2023,,1304221.59,8268074.67
73694240687280,777203535982,IOBA064272,Current,Premium,Active,13-03-2024,,2764319.34,2979833.2
221656185991,229142956773,ICIC066881,Current,BSBD,Active,05-01-2024,,1210590.94,2023588.08
381067373941,879715593227,BKID032439,Current,Basic,Active,23-04-2017,,3316103.19,19744226.36
3656525715236,879715593227,BKID032439,Salary,Premium,Active,16-03-2022,,304665.04,6988845.89
871602385320,329878400750,ICIC021084,Salary,Regular,Active,07-12-2023,,1551838.8,6914474.6
72352746336832,840332177211,HDFC030672,Savings,BSBD,Active,15-02-2021,,1706656.33,11897013.78
58850300904,967100742908,CNRB090194,NRE,Regular,Active,08-12-2024,,6165788.02,4973114.96
91628340239108,248162346505,IOBA084080,Fixed Deposit,Corporate,Active,10-02-2019,,10284601.56,13411524.19
5464282875852573,859922198186,PUNB083419,Savings,BSBD,Active,31-07-2023,,31132.09,11574542.41
79563156781,302701031484,SBIN080884,Salary,Premium,Active,16-03-2021,,387411.27,1625143.45
23029030984,302701031484,SBIN080884,Savings,BSBD,Active,06-11-2020,,1842692.52,6144162.4
206014422048,694160359326,ICIC046691,Savings,Basic,Active,06-12-2023,,6118133.87,6639251.31
306360158723,694160359326,ICIC046691,Current,Premium,Active,30-05-2023,,248468.97,10528093.0
84427985279407,984895263648,BARB014485,Savings,Premium,Active,05-09-2021,,1161503.93,17870838.04
40996660372122,984895263648,BARB014485,Salary,Regular,Active,27-12-2021,,1545343.89,3708520.23
222974341197,867686802846,KKBK046905,Current,BSBD,Active,01-08-2022,,8782078.71,9049861.24
4984514209634,867686802846,KKBK046905,Salary,Premium,Active,29-07-2023,,5884608.93,5774557.18
84153415923676,587974708317,BARB062669,Savings,Regular,Active,18-07-2024,,303289.2,6796916.26
8841724584722,815890270344,IOBA091478,Recurring Deposit,Regular,Active,16-01-2024,,2176781.05,1690204.73
91155393678,815890270344,IOBA091478,Savings,Regular,Active,09-06-2021,,858027.63,6263531.05
5392280008205,197535538570,CNRB081720,Savings,Premium,Active,12-01-2024,,1803212.86,6783040.1
5070196544375106,476295330686,PUNB074312,Recurring Deposit,Basic,Active,08-02-2024,,7102431.48,7305683.77
9276632279774,399704146908,UTIB051778,Savings,Premium,Active,08-01-2023,,445512.57,1259065.76
9235496605425,399704146908,UTIB051778,Savings,Basic,Active,06-08-2024,,903344.09,948060.26
667447457337,427106911533,IOBA089873,Savings,Regular,Active,27-08-2022,,815075.45,12254529.64
84522552208,648219240552,SBIN042472,Savings,Regular,Active,19-06-2024,,6793796.03,7415617.71
2904727583110,717898479639,CNRB060036,Savings,Basic,Active,06-01-2022,,1505737.86,8819731.71
9200276643606,756329182161,UTIB077327,Fixed Deposit,Corporate,Active,24-09-2023,,4015716.3,11310475.23
9221348342418,756329182161,UTIB077327,Fixed Deposit,Corporate,Active,01-03-2022,,96565.35,365507.0
3813618543063855,519665700227,PUNB026307,Savings,Regular,Active,25-05-2018,,1417830.55,3192668.71
3207795836867655,519665700227,PUNB026307,Current,BSBD,Active,04-08-2017,,590835.76,1335882.46
35370026179,383797641018,SBIN017246,Savings,Basic,Active,02-01-2019,,1564019.94,2512821.98
84332959240,383797641018,SBIN017246,Current,Premium,Active,07-07-2019,,1014884.3,14204154.58
3217968402284,918337960025,KKBK021916,Savings,Premium,Active,22-07-2023,,45442.63,591799.72
9239417183498,622951386074,UTIB068652,Current,Regular,Active,24-12-2022,,1198655.67,12590910.07
9286420907656,622951386074,UTIB068652,Current,Corporate,Active,29-09-2022,,18106599.32,13528432.31
41210213916966,825676758661,HDFC035023,Salary,Premium,Active,05-10-2022,,924088.53,1859196.82
110979442844,590816983060,ICIC059505,Savings,Premium,Active,30-08-2022,,147771.23,577812.72
203868035445,590816983060,ICIC059505,Current,Regular,Active,05-09-2023,,383195.61,1254815.32
7295835450480,726612959287,BKID038338,Current,Premium,Active,09-01-2023,,2006082.49,2685877.24
623905909506,448607518272,CNRB071836,Savings,BSBD,Active,05-08-2022,,1376738.09,11363698.79
85952530397,448607518272,CNRB071836,Recurring Deposit,BSBD,Active,02-09-2023,,4276569.42,5348883.96
274313762802,715383760194,BKID047897,Salary,BSBD,Active,17-12-2019,,7426182.17,7070873.37
255056737190,715383760194,BKID047897,Current,BSBD,Active,17-10-2023,,194470.01,6126688.79
68707446300356,343148190307,KKBK029770,Current,Regular,Active,24-12-2024,,21569.91,1158818.5
9329162683332,343148190307,KKBK029770,Salary,BSBD,Active,12-06-2023,,1256908.14,2217113.59
6393785584731088,847344214231,PUNB089638,Fixed Deposit,Corporate,Active,18-11-2024,,6823369.65,7791761.63
2758848895041738,847344214231,PUNB089638,Current,Regular,Active,10-10-2024,,4652976.18,6759068.3
9119568404086,501476044199,UTIB030550,Fixed Deposit,Basic,Closed,10-04-2018,,0.0,0.0
96343121653,963016946555,BARB042475,Salary,Premium,Active,11-05-2019,,551155.99,2912059.5
536435156840,963016946555,BARB042475,Savings,Regular,Dormant,20-06-2022,23-09-2022,0.0,250203.36
9278202412293,486182046649,UTIB076774,Salary,BSBD,Active,07-11-2022,,6450582.9,6482185.15
9117175945939,486182046649,UTIB076774,Recurring Deposit,Regular,Active,05-11-2022,,287041.51,2913629.21
42674486396,248336129278,BKID076206,Savings,Regular,Active,18-12-2024,,565206.29,1344731.46
785625617336,248336129278,BKID076206,Salary,BSBD,Active,08-07-2024,,395013.62,605909.03
18445874463,330545881555,CNRB099195,Fixed Deposit,Regular,Active,20-05-2022,,741858.47,5576698.45
6692430963387,330545881555,CNRB099195,Current,Regular,Active,12-11-2021,,5509697.16,6144543.06
950262585961,244180222599,BARB066773,Salary,Regular,Active,02-02-2024,,1314833.52,2165992.49
188119912227,134688696311,IOBA081712,Fixed Deposit,Regular,Active,18-03-2016,,4432208.1,7463503.55
616028996563,134688696311,IOBA081712,Fixed Deposit,Corporate,Active,14-10-2017,,9300359.8,9912588.51
58395594291,815161726426,CNRB041338,Salary,Premium,Active,31-10-2023,,480624.38,233445.19
68938154151756,815161726426,CNRB041338,Savings,BSBD,Active,29-09-2021,,2154224.55,3296221.0
134536131225,550132956352,KKBK081458,Savings,Regular,Active,27-10-2023,,1677563.63,11056882.66
6716759710958730,755846677473,PUNB024178,Current,Premium,Active,24-12-2024,,4983483.49,4081720.09
1115202079563,890350960795,IOBA050264,Salary,Premium,Active,28-12-2024,,736834.84,1039602.98
61264469726462,728050300559,IOBA083942,Savings,Premium,Active,02-04-2020,,13180798.04,14089033.2
634024537580,886828831822,KKBK054004,Salary,Regular,Active,01-02-2023,,1938807.44,7837543.72
96697249559,886828831822,KKBK054004,Savings,Basic,Dormant,12-09-2020,20-10-2022,1315.91,0.0
283382630643,101220133291,CNRB064231,Current,BSBD,Dormant,23-04-2023,17-01-2025,31734.78,4226.37
65020452558957,597660852611,HDFC023001,Fixed Deposit,Corporate,Active,03-04-2021,,5693183.98,5169683.37
33150993030483,597660852611,HDFC023001,Current,Regular,Active,04-02-2024,,1435134.73,8328199.84
84280691477,231035467877,SBIN018256,Salary,Premium,Active,10-05-2023,,1019642.78,7700281.55
72752336666,231035467877,SBIN018256,Savings,Basic,Active,20-11-2017,,1704678.94,2959208.61
649692858894,506594396638,IOBA096564,Current,Regular,Active,30-12-2023,,374893.42,5001004.03
15948443184050,506594396638,IOBA096564,Fixed Deposit,Corporate,Active,08-08-2023,,3432657.26,7001868.17
92810696390788,292381371502,HDFC063151,Current,Corporate,Active,16-04-2020,,13418785.04,455860.9
37874147284659,292381371502,HDFC063151,Fixed Deposit,Regular,Active,29-06-2024,,6088409.2,5458615.06
9253934884708,330054368803,UTIB099417,Savings,Regular,Active,18-01-2021,,6584173.0,6508835.59
31748675342,985065826878,SBIN094779,Recurring Deposit,Premium,Dormant,03-10-2024,27-12-2024,52168.79,8518.9
74688743574,985065826878,SBIN094779,Savings,Regular,Active,06-02-2024,,1646966.48,2242627.16
50740419557155,646396866740,KKBK089643,Savings,Basic,Active,24-01-2024,,1423018.25,2280809.87
63459042182,718764977704,SBIN064360,Savings,Premium,Active,25-09-2021,,963421.9,868783.31
9250555124462,762872690580,UTIB050792,Savings,Regular,Active,06-07-2024,,9622618.73,8617238.27
9104427041342,762872690580,UTIB050792,Current,BSBD,Active,27-10-2017,,3207604.65,3500625.66
257335884313,363291678793,CNRB028503,Current,Regular,Active,02-02-2020,,185405.24,8575346.96
960446953213,296353480349,BKID039591,Savings,Basic,Active,21-05-2019,,1382107.12,4140935.14
46291334677,296353480349,BKID039591,Salary,Regular,Active,20-03-2019,,4009790.04,4458430.24
754553101352,814604059355,CNRB097706,Fixed Deposit,Regular,Active,11-10-2024,,1810506.24,11089007.89
41467565872,814604059355,CNRB097706,Savings,Basic,Active,17-05-2023,,1758573.11,1378408.14
755496119762,532238315545,IOBA085442,Salary,BSBD,Active,02-06-2021,,514787.69,2395349.74
42566978373397,793893645179,KKBK095967,Current,Basic,Active,25-11-2022,,131643.34,1121700.87
9497541976693,793893645179,KKBK095967,Savings,Premium,Dormant,22-11-2024,04-02-2025,26826.48,912.14
82126204341519,178983763802,HDFC028366,Salary,Basic,Active,16-06-2024,,5987756.96,6458937.58
970983184773,638699371779,KKBK018671,Fixed Deposit,BSBD,Active,18-10-2019,,1024715.61,8332078.47
9272832646335,492060605772,UTIB080270,Recurring Deposit,Basic,Active,24-06-2024,,1683054.07,2786488.91
4771850138965155,302110069834,PUNB068125,Savings,BSBD,Active,22-03-2024,,673865.2,4693588.6
1794685233391564,302110069834,PUNB068125,Savings,Premium,Active,09-09-2023,,12011512.28,13145985.07
63501159007,618955190071,IOBA054876,Current,BSBD,Active,23-09-2022,,8178851.58,8703744.48
167321348374,487644390607,CNRB037200,Salary,Premium,Active,20-04-2024,,1346435.88,6595728.54
86458294438271,416235745348,BKID050306,Salary,Premium,Active,31-10-2022,,2667730.0,9170243.59
26672184803,717727909254,SBIN032014,Salary,Regular,Closed,19-06-2023,,0.0,0.0
85150679602,717727909254,SBIN032014,Savings,Basic,Closed,28-09-2022,,0.0,0.0
7531110121895,558770368077,BKID060313,Salary,Premium,Active,06-04-2022,,1082546.41,11254281.11
16428467222870,413061972867,IOBA087620,Current,Regular,Active,30-03-2019,,3969246.91,20678310.14
65499469382814,413061972867,IOBA087620,Fixed Deposit,Corporate,Dormant,26-04-2019,24-07-2019,1703940.63,385256.65
96395644763,890333682002,SBIN075754,Fixed Deposit,BSBD,Active,26-07-2021,,5584445.94,4754401.52
21925242339,890333682002,SBIN075754,Savings,Regular,Active,11-03-2019,,1211093.13,1479648.57
3609709668326,841825412161,CNRB033175,Fixed Deposit,Corporate,Active,24-06-2022,,6687150.9,11772277.63
5160969210641,397772970116,BARB062083,Fixed Deposit,Premium,Active,19-11-2020,,12491.42,6224742.02
9347781699223,397772970116,BARB062083,Current,Basic,Active,16-04-2019,,9570170.26,9574874.18
53257442319,171701969103,BARB090923,Savings,Premium,Active,26-11-2022,,192002.64,8841753.68
150831736593,171701969103,BARB090923,Current,Premium,Active,06-05-2021,,905838.77,13841479.7
2265500275256618,425130161770,PUNB072081,Savings,Regular,Active,09-09-2020,,10713547.7,10461216.65
7649675749704637,425130161770,PUNB072081,Savings,Premium,Dormant,31-01-2024,07-02-2024,0.0,0.0
378148404303,250087204842,BARB043249,Savings,BSBD,Active,09-07-2022,,513247.25,9863757.12
700590061581,749477720019,ICIC052531,Salary,Regular,Frozen,14-07-2023,,0.0,0.0
60506599741615,232323054880,HDFC048591,Current,Basic,Active,15-11-2024,,773331.2,6871122.47
3826435049192388,338227323756,PUNB044812,Recurring Deposit,Regular,Active,22-03-2020,,8434703.78,8608958.74
1689868832363219,338227323756,PUNB044812,Recurring Deposit,BSBD,Closed,20-07-2020,,0.0,0.0
96397241264,559658587310,KKBK092652,Current,Premium,Active,11-10-2024,,6390002.02,6433025.91
99230256233,410141247702,SBIN073181,Savings,Basic,Active,22-02-2022,,808379.9,2329129.57
62200099673,410141247702,SBIN073181,Fixed Deposit,Premium,Active,25-12-2020,,836537.18,2260213.04
62474746310,592805642556,SBIN098888,Salary,BSBD,Active,30-11-2024,,539812.53,1092851.25
98752102405,592805642556,SBIN098888,Salary,Basic,Active,21-09-2024,,4395003.2,3984742.52
138982872937,637275396344,BKID013900,Savings,BSBD,Active,23-11-2020,,510288.05,10899246.53
7188248250998,637275396344,BKID013900,Fixed Deposit,BSBD,Active,12-11-2022,,283212.91,8820012.28
69711332753584,331049176907,HDFC060194,Recurring Deposit,BSBD,Dormant,17-12-2024,16-02-2025,1939.82,29943.1
12376467354654,331049176907,HDFC060194,Salary,Basic,Active,03-08-2024,,8008639.71,8881907.22
68185270527831,695489138277,KKBK015074,Current,BSBD,Active,05-05-2018,,2109670.35,11777427.21
750463769835,695489138277,KKBK015074,Salary,Premium,Active,03-05-2023,,7470466.15,7464632.24
818478325251,760764175514,BARB030254,Recurring Deposit,Basic,Active,07-06-2024,,1960094.63,4722687.83
199985192584,387116075806,CNRB036126,Salary,Basic,Active,02-10-2024,,584524.1,1169103.93
304308247557,387116075806,CNRB036126,Savings,Premium,Active,07-11-2024,,1762529.32,7523325.03
51228276902,539788948844,BARB086715,Current,Regular,Active,15-09-2023,,12050034.26,5143407.88
70734235919,539788948844,BARB086715,Fixed Deposit,Regular,Active,10-11-2018,,618410.37,1111956.5
939505764893,254573514821,ICIC027628,Savings,Basic,Frozen,24-06-2023,,0.0,0.0
474669427675,254573514821,ICIC027628,Salary,Regular,Active,01-12-2023,,7638619.55,7615775.3
11828603700,661535230565,KKBK033829,Savings,BSBD,Active,01-06-2024,,608175.55,790821.86
730040902577,661535230565,KKBK033829,Savings,Premium,Active,06-09-2024,,527556.57,8924129.63
8161846716199,579971123001,BARB060868,Savings,Basic,Active,27-08-2024,,1312431.75,9182456.94
90682809906,444424172287,BARB030054,Salary,Premium,Active,01-05-2023,,267124.35,1598865.16
356462934682,625074926834,ICIC038839,Fixed Deposit,Regular,Active,14-05-2020,,5357265.34,5349747.16
729585449280,625074926834,ICIC038839,Savings,BSBD,Active,24-04-2021,,1528643.1,2703981.39
12547650593659,361762873658,BARB024296,Current,Premium,Dormant,03-11-2023,09-09-2024,0.0,0.0
1478516287268,361762873658,BARB024296,Savings,Basic,Active,11-08-2024,,3815947.38,3668990.55
51655626991,442264401650,SBIN030076,Savings,Regular,Closed,27-08-2024,,0.0,0.0
38360969038,442264401650,SBIN030076,Fixed Deposit,Premium,Active,24-07-2021,,1571912.81,3137666.35
9117382518425036,118308472539,PUNB073925,Salary,Basic,Active,09-08-2024,,941694.8,1199325.41
7741218733183,301927470105,IOBA024815,Salary,Premium,Active,18-04-2023,,1166035.03,1706278.21
1936790265984231,841213533351,PUNB010500,Fixed Deposit,BSBD,Active,22-10-2024,,4219378.85,4944137.58
792212840844,886482064579,ICIC028978,Fixed Deposit,Premium,Active,12-11-2024,,318741.21,2656851.06
2641960022236094,517384972532,PUNB047528,Recurring Deposit,BSBD,Active,26-04-2023,,2545629.58,2898415.5
9237350369542,929787615163,UTIB064735,Current,Corporate,Active,30-03-2020,,11898559.77,13641766.17
6141025413248222,519918795305,PUNB017216,Recurring Deposit,Basic,Active,29-06-2021,,2842621.25,20429406.15
1704321360561717,519918795305,PUNB017216,Recurring Deposit,Regular,Active,13-10-2022,,5182243.18,7789552.7
9146375216673,728513499470,UTIB068015,Current,BSBD,Dormant,13-06-2023,21-01-2025,74305.58,8925.99
9202340816574,728513499470,UTIB068015,Savings,Regular,Active,08-05-2024,,1105799.19,1426463.66
943401690845,353334205154,BARB088783,Savings,Regular,Active,01-04-2023,,4827176.5,18871993.8
83918959802004,353334205154,BARB088783,Salary,BSBD,Active,15-11-2022,,1609628.44,7814924.16
6543577209699252,321115775290,PUNB012814,Salary,BSBD,Active,03-07-2021,,1753042.06,2202046.0
8900066912453,204770487468,CNRB034591,Salary,BSBD,Active,29-03-2024,,6448993.29,6100825.2
584943668020,204770487468,CNRB034591,Savings,Basic,Frozen,20-04-2023,,0.0,0.0
6566369424027748,272722502719,PUNB076256,Recurring Deposit,Premium,Active,21-03-2020,,890129.02,8728980.36
47487222241438,573751487681,IOBA027606,Savings,Regular,Active,25-01-2024,,544911.84,8611366.43
3369286208307,573751487681,IOBA027606,NRO,Premium,Active,18-05-2024,,6353424.32,6569963.82
869930044930,683094502901,ICIC017421,Recurring Deposit,Premium,Active,12-09-2021,,2091093.1,1602408.44
688494105116,683094502901,ICIC017421,Salary,Regular,Active,22-11-2024,,11837399.22,10786454.21
16767111772842,957920232513,CNRB038393,Current,Corporate,Active,07-03-2024,,4347243.07,15297960.48
91024462758201,201611553663,IOBA015906,Savings,Premium,Closed,17-03-2015,,0.0,0.0
28744090568,201611553663,IOBA015906,Savings,BSBD,Active,31-12-2017,,1721753.91,2176754.94
131669573034,207689898356,KKBK049240,Savings,Regular,Active,12-11-2021,,4745667.05,5611474.96
662458548650,207689898356,KKBK049240,Recurring Deposit,Basic,Active,17-01-2021,,263914.04,8001961.57
73249539766470,402078150303,BKID016208,Recurring Deposit,Basic,Active,27-06-2023,,2562323.7,4653742.53
7032940572600,402078150303,BKID016208,Savings,Premium,Active,09-12-2021,,129322.54,13334685.98
76108232473,993619706791,IOBA020461,Recurring Deposit,Basic,Frozen,03-04-2024,,0.0,0.0
96996602179048,993619706791,IOBA020461,Salary,BSBD,Closed,02-09-2024,,0.0,0.0
121527727893,456832274292,CNRB055275,Recurring Deposit,Basic,Active,22-05-2021,,12621843.74,11185184.23
82515936536,456832274292,CNRB055275,Salary,Premium,Active,30-12-2023,,4424219.27,3300262.13
44676891844999,858382267699,HDFC042447,Savings,Premium,Active,14-02-2022,,1109867.21,7064577.48
4946724211416,689303882381,CNRB087681,Fixed Deposit,Corporate,Active,29-08-2018,,5861541.42,4534950.2
471608685621,689303882381,CNRB087681,Fixed Deposit,Regular,Active,29-07-2023,,6412205.97,13237719.75
15866426936,237109533133,SBIN089498,Fixed Deposit,Corporate,Active,05-01-2020,,8691492.25,8173201.41
87862613284,237109533133,SBIN089498,Fixed Deposit,Corporate,Active,28-11-2022,,1388060.93,12412162.03
3761923789619,477406927813,BARB073918,Savings,BSBD,Active,18-09-2020,,774847.51,14846001.81
9183959829086,769279404948,UTIB093819,Salary,Regular,Active,15-06-2024,,1357115.27,1546652.52
9165259950546,769279404948,UTIB093819,Recurring Deposit,Premium,Active,15-07-2023,,798655.89,1215226.5
92184998369267,775276997679,HDFC090927,Recurring Deposit,Basic,Active,09-07-2021,,3749238.64,3161910.73
69209312248654,876196574988,HDFC034345,Recurring Deposit,Regular,Active,21-06-2024,,2466790.59,7048854.15
29795725938666,876196574988,HDFC034345,Salary,BSBD,Active,22-12-2024,,5219533.84,11018434.9
6739595780160,295419722651,BKID092587,Recurring Deposit,Regular,Active,28-11-2018,,2401555.15,2901959.16
863764332158,604462764955,ICIC011749,Fixed Deposit,Regular,Active,20-07-2024,,2848393.4,8341199.75
7546375267880781,619185836653,PUNB052899,Salary,BSBD,Frozen,15-06-2018,,0.0,0.0
7610490133152000,619185836653,PUNB052899,Salary,Regular,Active,30-05-2019,,910933.13,1732821.74
9250923577768,979625100837,UTIB039336,Savings,Premium,Dormant,09-07-2024,30-10-2024,0.0,34606.37
9194121299817,979625100837,UTIB039336,Salary,Premium,Active,10-06-2023,,1476234.41,1378902.47
129148190341,464347676514,BARB073166,Salary,BSBD,Active,24-05-2023,,4209548.82,5007107.64
76577550807537,464347676514,BARB073166,Current,Basic,Active,15-05-2023,,3516012.74,3702567.19
431624725997,565088443757,BARB065890,Current,Regular,Active,18-05-2022,,3726492.53,3951689.78
320645887973,240583276758,ICIC050709,Salary,Premium,Active,29-12-2021,,770079.15,2048042.99
3426286687955,662738796925,BKID066932,Savings,Regular,Active,13-12-2024,,4318444.12,6230578.31
815635846066,662738796925,BKID066932,Salary,Basic,Active,27-10-2021,,1037393.7,1459046.81
53573943587,470613038781,CNRB095918,Savings,BSBD,Active,14-09-2022,,1655185.2,2970675.13
75730757633,470613038781,CNRB095918,Salary,Basic,Active,11-08-2019,,1332227.29,6792103.01
4941793402685,807214440587,IOBA034987,Savings,Premium,Active,26-12-2022,,1144243.16,1810487.4
7398825381025,807214440587,IOBA034987,Savings,Basic,Active,05-03-2023,,5306723.51,6085120.44
604141828633,570301956378,BARB017488,Fixed Deposit,Corporate,Active,27-09-2024,,7913802.86,8266620.46
67042235906794,546067228503,HDFC061612,Fixed Deposit,Basic,Dormant,24-12-2024,03-03-2025,4901.96,37197.37
18733196095,289630252295,KKBK045192,Savings,Regular,Active,04-07-2024,,1877264.47,11432461.91
6683226755109,289630252295,KKBK045192,Savings,Basic,Active,20-11-2024,,3292025.27,3713854.09
11362513492,689709850784,BKID048925,Fixed Deposit,Regular,Active,26-08-2021,,1855683.88,4049537.77
60452677853,689709850784,BKID048925,Current,Regular,Active,12-04-2022,,3991377.26,4062008.97
56737881562,556727534654,SBIN081132,Current,Corporate,Active,02-10-2021,,10518868.81,8098518.51
49284833477,556727534654,SBIN081132,Fixed Deposit,Regular,Active,07-10-2022,,3356307.07,8423839.34
606594390148,531477948092,ICIC048253,Salary,Premium,Active,25-03-2023,,2977010.72,4296392.41
61170150501,137350438272,KKBK065429,Current,Regular,Closed,08-10-2019,,0.0,0.0
58445893464,959838044855,SBIN063809,Savings,Regular,Active,29-05-2022,,1411739.72,8341861.61
19277046390,959838044855,SBIN063809,Salary,Premium,Dormant,07-02-2023,05-02-2025,58608.58,3418.4
73457046458,557076295152,KKBK016432,Savings,Regular,Active,11-01-2024,,1338477.8,1965971.83
7165224024490,557076295152,KKBK016432,Current,Basic,Active,20-03-2024,,1980009.69,2321298.65
4534137245998,255146656935,KKBK027937,NRE,Regular,Active,24-04-2024,,565614.55,1786874.68
4806542555856,269821086158,BKID026267,Salary,BSBD,Closed,05-12-2024,,0.0,0.0
92801914502196,126763637481,HDFC035604,Savings,Basic,Active,07-11-2022,,1742656.4,2500977.26
64965721789,377358473337,SBIN053781,Fixed Deposit,Regular,Active,06-09-2022,,1398147.82,7756302.83
662793697111,176815087860,ICIC023672,Savings,BSBD,Active,10-09-2023,,2040380.0,7278644.04
21016500732193,903635332564,HDFC010416,Fixed Deposit,Corporate,Active,20-09-2023,,10102945.86,9403705.23
47965593973,543242777699,BKID040961,Salary,Premium,Active,29-02-2024,,1074602.89,9799301.14
346691129822,569886557459,ICIC091228,Current,BSBD,Active,08-11-2024,,397885.81,519376.28
386655081637,569886557459,ICIC091228,Recurring Deposit,Regular,Active,05-04-2024,,429341.04,942465.53
798597437731,555313311177,BARB071894,Current,Premium,Active,23-11-2021,,1518682.65,2166002.11
834982387639,555313311177,BARB071894,Savings,Regular,Active,13-05-2019,,2293037.45,10196888.85
506935937761,129921491850,BARB012905,Salary,Regular,Active,05-09-2017,,14778374.69,19520643.64
48296104735955,129921491850,BARB012905,Savings,Basic,Active,10-02-2017,,103458.56,95080.38
9946523113205,177419548221,CNRB034124,Fixed Deposit,Corporate,Active,18-07-2021,,4217584.43,1059943.11
39948472499,132406837340,SBIN072449,Fixed Deposit,Corporate,Active,27-02-2022,,13211694.94,11183425.51
95026751094,132406837340,SBIN072449,Fixed Deposit,Regular,Active,20-07-2023,,592344.94,6300010.19
2482123705926,350930794072,BKID037599,Savings,BSBD,Active,10-01-2017,,1537156.73,6672733.43
1232039217941,195456905617,CNRB047058,Salary,BSBD,Active,30-09-2024,,4665571.03,4661512.58
6243831878093,195456905617,CNRB047058,Savings,Premium,Active,28-07-2024,,1191158.94,2065896.54
500921428714,858105618138,ICIC070576,Salary,BSBD,Active,19-08-2023,,616985.36,20102838.19
489040687092,858105618138,ICIC070576,Current,BSBD,Active,01-09-2023,,919465.76,793842.59
5312544315080,613750547420,BARB012113,Savings,Basic,Active,03-10-2022,,7658086.59,8320728.89
40825572282619,859272655610,HDFC096685,Salary,Regular,Active,07-04-2019,,360209.76,2073054.58
70901565642372,859272655610,HDFC096685,Savings,Basic,Active,28-11-2023,,264790.41,450848.07
27184820050,653200157716,KKBK041903,Savings,Basic,Active,11-05-2023,,296090.33,1353423.17
622858750384,371033167148,ICIC021633,Current,BSBD,Dormant,09-10-2022,27-09-2023,0.0,164756.29
723436993240,371033167148,ICIC021633,Fixed Deposit,Premium,Active,17-10-2017,,7481784.85,8412353.49
191536835732,816316001166,IOBA085682,Savings,Regular,Active,13-01-2024,,549176.88,589563.51
75121085643,816316001166,IOBA085682,Savings,Basic,Active,06-03-2023,,3716111.14,4514434.85
625353196322,852404530220,ICIC061897,Recurring Deposit,BSBD,Active,22-04-2022,,1769237.96,11391377.95
61887529082980,198736129218,CNRB067835,Salary,BSBD,Active,09-09-2022,,428598.82,768784.7
288936141530,198736129218,CNRB067835,Salary,Premium,Active,01-09-2017,,302639.32,1260478.34
23699869789,878811357842,IOBA015046,Savings,Basic,Active,03-08-2020,,6005088.23,6553698.55
620739009644,878811357842,IOBA015046,Current,Regular,Dormant,31-01-2020,04-12-2023,0.0,36979.79
323797442120,935083889805,ICIC012125,Savings,Basic,Active,14-08-2024,,620617.22,1549982.16
79265288190,943028795749,BKID045527,Current,Regular,Active,07-02-2024,,3200516.93,4682875.5
17556171911,859875537289,IOBA050825,Savings,Basic,Active,08-12-2023,,933501.85,1175041.77
24726737112537,108011990807,HDFC065005,Savings,Basic,Active,30-09-2019,,1688653.83,3402884.16
999323265088,578726045906,ICIC080766,Savings,Regular,Active,03-01-2023,,758083.78,6082320.5
876082434551,578726045906,ICIC080766,Fixed Deposit,Regular,Active,09-12-2023,,7548926.29,6785263.58
42889134129656,251437733806,HDFC020388,NRO,Premium,Active,08-12-2016,,2139944.26,3367974.19
92154435783856,251437733806,HDFC020388,NRO,Regular,Active,17-07-2017,,10321838.66,10034159.84
9192572561359,665095557886,UTIB046929,Current,Premium,Active,24-08-2021,,3254440.1,3106552.88
9198568235835,104041351472,IOBA022300,Fixed Deposit,Premium,Active,23-10-2024,,2481207.56,3526201.13
985866227819,603204292325,KKBK088505,Salary,Premium,Frozen,18-09-2022,,0.0,0.0
6215750591294,593738563075,KKBK088302,Savings,Premium,Active,25-06-2023,,1516607.87,2289455.6
2916385328226,593738563075,KKBK088302,Recurring Deposit,Regular,Active,23-09-2018,,1883382.17,1348350.44
8318700797018,130216665391,CNRB072328,Savings,BSBD,Active,12-09-2018,,2258814.65,6742255.27
33337382682941,702806393667,KKBK017008,Savings,BSBD,Active,03-12-2024,,3493863.11,19249723.75
581541721626,702806393667,KKBK017008,Savings,Premium,Active,02-12-2024,,990894.32,2073316.45
67164577595,618339207357,CNRB047760,Savings,Premium,Active,23-06-2022,,1199794.38,2507220.63
11876002225,700937572061,BARB099998,Fixed Deposit,Corporate,Active,24-12-2022,,2648943.58,4625815.58
972218282351,700937572061,BARB099998,Fixed Deposit,Regular,Active,20-02-2020,,3010368.49,6719642.04
704198924355,932853052373,ICIC098623,Savings,BSBD,Active,05-12-2024,,1046488.75,1080933.04
9136597106568,161125583059,UTIB050477,Current,Regular,Active,26-07-2017,,1348447.08,1069947.22
9175613069343,161125583059,UTIB050477,Current,Regular,Active,23-07-2022,,489692.01,394754.02
6627895389847610,608698492376,PUNB037020,Savings,BSBD,Active,19-06-2016,,203032.1,2211511.2
59940892041779,980311948420,KKBK014603,Salary,Premium,Active,15-02-2019,,556122.45,1943227.17
9278477993145,116382889061,UTIB074941,Savings,Regular,Active,28-05-2018,,590370.24,2083162.8
9231505578526,116382889061,UTIB074941,Salary,Premium,Active,29-07-2023,,2472213.99,9229099.98
90116827332,454503252876,SBIN040706,Savings,BSBD,Active,28-05-2024,,1662936.84,7615613.21
14336527320,454503252876,SBIN040706,Salary,BSBD,Active,09-01-2022,,1071365.96,5458299.58
48712524518302,104341354955,HDFC065674,Savings,Regular,Dormant,22-01-2024,21-04-2024,50944.22,0.0
73009158747011,104341354955,HDFC065674,Savings,Regular,Frozen,09-09-2023,,0.0,0.0
327775264744,894288134276,IOBA045170,Salary,Premium,Active,25-11-2023,,167758.05,9058153.02
9060755308974,159815943136,BKID043494,Savings,Premium,Active,02-01-2020,,13983597.73,24307979.85
628662402162,159815943136,BKID043494,Fixed Deposit,Basic,Active,26-05-2016,,858127.24,13979363.45
7534823405711931,843808301032,PUNB073870,Savings,BSBD,Active,04-09-2023,,4453575.51,5205591.57
85452153862,376892517964,BKID060930,Salary,Basic,Active,18-11-2022,,1243913.87,1804645.66
6567654611107,376892517964,BKID060930,Salary,Regular,Active,12-07-2024,,8319555.55,7828863.44
78829600047,773615639221,SBIN054467,Fixed Deposit,BSBD,Active,04-11-2020,,758581.2,1129424.83
75661493081,773615639221,SBIN054467,Current,Premium,Active,06-12-2023,,1613715.96,13509774.41
181893677715,709655287733,CNRB046871,Current,Corporate,Active,20-12-2022,,160800.94,191297.09
5586404213173,709655287733,CNRB046871,Fixed Deposit,Corporate,Active,27-04-2024,,9354417.4,6742952.33
784392239755,289283141473,ICIC079023,Current,Regular,Active,22-03-2023,,1386876.49,2472797.03
143967855634,289283141473,ICIC079023,Savings,Premium,Active,09-03-2018,,498858.83,10966493.48
4734799117243837,570734500791,PUNB072879,Savings,Basic,Dormant,28-01-2024,30-11-2024,1642.71,24181.18
1117752018222435,570734500791,PUNB072879,Current,BSBD,Active,03-09-2022,,3106050.0,7861550.01
211396262336,419477835349,BARB060577,Fixed Deposit,Premium,Active,02-03-2023,,4871179.52,4655192.94
10404266017733,419477835349,BARB060577,Fixed Deposit,Regular,Active,23-03-2023,,976451.12,7882849.42
9295198438162,202263306779,UTIB021821,Current,Regular,Active,13-08-2019,,2440469.87,9230652.91
983865888350,727705180753,ICIC049600,Current,Regular,Active,05-07-2024,,2126917.55,2450899.56
25298053105,221281567880,KKBK024636,Savings,BSBD,Active,06-04-2022,,1771150.95,1464318.02
24531435707,297170706333,SBIN065217,Current,Regular,Frozen,06-09-2022,,0.0,0.0
57007652743,297170706333,SBIN065217,Current,Corporate,Active,23-05-2020,,7410131.11,11435465.74
60287873983150,181927142438,BARB026505,Fixed Deposit,BSBD,Active,24-10-2017,,589558.06,1395882.65
67652972735,181927142438,BARB026505,Fixed Deposit,Premium,Active,18-06-2018,,2055403.06,17960743.86
6033746445673,613290416800,BARB029330,Savings,BSBD,Active,29-01-2023,,2228353.99,3189832.87
4675177646129,613290416800,BARB029330,Savings,Regular,Active,21-01-2023,,601660.2,2160651.9
509338258383,692017703006,ICIC044517,Current,Premium,Active,01-05-2024,,1297157.64,16686561.08
584055485248,692017703006,ICIC044517,Fixed Deposit,Premium,Active,16-09-2023,,1490303.96,14860202.69
667473545036,357562876385,BKID057977,Savings,Regular,Active,25-10-2023,,1875915.28,8138671.06
35786671680837,357527378244,KKBK043674,Savings,Basic,Active,23-07-2021,,7218123.75,7335119.55
41676932217259,357527378244,KKBK043674,Salary,Premium,Dormant,12-02-2021,25-03-2024,3539.74,4518.54
1730292011728,441301188150,KKBK059446,Current,Basic,Closed,24-02-2018,,0.0,0.0
92811707701,969739694006,SBIN017705,Current,Premium,Active,10-11-2023,,1125211.48,2824936.05
476817489646,286754981784,BARB047177,Current,Basic,Active,23-11-2017,,5871856.87,5455892.01
97077373890897,286754981784,BARB047177,Fixed Deposit,BSBD,Active,12-06-2023,,2266691.28,6785173.31
52893045312,605017086072,BARB054661,Savings,Premium,Frozen,05-05-2021,,0.0,0.0
83128254960,605017086072,BARB054661,Savings,Basic,Active,29-05-2020,,2612665.69,2419500.68
94350843382,875583224069,CNRB069233,Fixed Deposit,Premium,Active,12-03-2024,,9698768.92,9453433.58
763848926413,947434478150,ICIC030068,Savings,Regular,Active,19-11-2023,,1080799.11,11250872.36
13411993076776,585975588209,HDFC065367,Salary,Premium,Active,05-06-2023,,464171.92,2479303.73
42056503336,832090859506,SBIN093719,Salary,Premium,Active,07-01-2022,,1594336.41,12184941.9
31301684735,832090859506,SBIN093719,Savings,BSBD,Closed,08-11-2022,,0.0,0.0
69159738696,729483727255,KKBK032463,Current,Corporate,Active,29-09-2021,,5318018.15,1387267.49
1897035239847,729483727255,KKBK032463,Fixed Deposit,Corporate,Active,29-11-2023,,9018558.16,6777391.2
9245035288344,566512611933,UTIB046896,Recurring Deposit,Regular,Active,22-11-2022,,1742306.9,4872834.89
20831190355,504925857932,CNRB082531,Fixed Deposit,Corporate,Active,14-12-2020,,26151135.32,14266571.28
35175263010002,140627248652,HDFC014826,Current,Basic,Active,08-08-2024,,9152930.08,17980792.97
64439501784939,140627248652,HDFC014826,Savings,Basic,Active,29-08-2022,,10831399.65,8257671.52
349164400239,422058089341,BARB032619,Savings,Premium,Active,15-07-2024,,928315.86,1475125.94
762818569542,422058089341,BARB032619,Fixed Deposit,Premium,Active,22-08-2020,,3448607.71,4523260.88
9240988175325516,912697009039,PUNB060241,Current,Basic,Active,09-07-2023,,4723368.92,5938327.44
6635184519075428,912697009039,PUNB060241,Savings,BSBD,Active,20-05-2022,,1042424.69,1363277.6
30958602369,108901504899,BKID076978,Recurring Deposit,Regular,Active,04-07-2023,,2282491.03,8130692.72
84279429253,929186015901,SBIN010416,Savings,Regular,Active,18-09-2023,,8421381.8,8555007.85
45235298804,929186015901,SBIN010416,Savings,Premium,Active,26-04-2021,,912814.82,4741032.75
22202832706006,878417126817,HDFC022555,Current,Regular,Active,16-12-2018,,11694551.62,11839525.98
27779322101336,878417126817,HDFC022555,Salary,BSBD,Active,05-08-2023,,2362858.73,3355280.19
698029267580,838018636669,CNRB095251,Savings,BSBD,Active,08-04-2023,,464356.35,1041037.57
61939149788989,673233785193,BARB067358,Fixed Deposit,BSBD,Active,26-02-2021,,484086.4,1704432.82
9308176125750,673233785193,BARB067358,Savings,Regular,Active,15-11-2022,,1234438.02,14659252.52
6386326919926,445659754284,KKBK063190,Fixed Deposit,Regular,Active,27-09-2024,,1805915.0,3252598.05
339865275742,117576884848,ICIC086166,Savings,Basic,Active,07-03-2020,,1361716.97,1270963.99
514916887389,117576884848,ICIC086166,Salary,Regular,Active,28-11-2022,,480677.88,813150.18
145987211634,538374642353,IOBA016649,Recurring Deposit,Regular,Active,29-11-2024,,349347.78,747783.16
4107627159590,538374642353,IOBA016649,Recurring Deposit,Basic,Active,05-12-2023,,1378409.18,1914352.37
20733297711,211483131250,BARB022533,Salary,BSBD,Dormant,26-08-2024,24-11-2024,0.0,1470.71
87704728392984,211483131250,BARB022533,Salary,Regular,Active,24-03-2022,,162798.08,1746929.23
17653563586,835775418555,SBIN041473,Fixed Deposit,Regular,Active,27-11-2024,,3962834.75,6184582.51
58378354384069,269810971021,HDFC040020,Salary,Premium,Active,10-07-2023,,969284.26,6979241.85
65031477208111,269810971021,HDFC040020,Salary,Basic,Active,18-11-2024,,1324632.25,15577839.72
1510226784879301,200838741502,PUNB063988,NRO,Regular,Active,08-06-2022,,1442205.51,12238676.4
6341795175892538,200838741502,PUNB063988,NRE,Premium,Active,31-07-2019,,5305098.11,5034613.5
2414272680517,214609646232,IOBA062397,Savings,Basic,Active,08-11-2023,,743011.99,10107243.49
9375027214668,214609646232,IOBA062397,Current,BSBD,Active,10-10-2024,,219625.58,486959.59
46246113856478,536700871880,HDFC073962,Recurring Deposit,Basic,Active,24-07-2019,,2152302.67,12394787.65
85605412119240,536700871880,HDFC073962,Savings,Regular,Active,28-04-2024,,1177862.51,4873379.96
63525758889,321167073682,BKID078792,Savings,Premium,Active,25-04-2022,,4632743.18,3419919.58
1270728624402,321167073682,BKID078792,Salary,BSBD,Active,10-03-2023,,2630181.7,2672868.83
2639087228648,686473933099,CNRB098708,Salary,Premium,Active,13-12-2024,,3854979.3,10875437.29
52276144031448,686473933099,CNRB098708,Current,Premium,Active,31-08-2022,,3979667.87,11282516.48
5990507985167204,502154667634,PUNB026692,Current,Corporate,Active,27-01-2024,,9834642.41,765859.72
6889646630310367,502154667634,PUNB026692,Current,Regular,Active,08-03-2024,,9932147.4,13382656.39
107661384147,190333158105,CNRB044845,NRE,Premium,Active,20-12-2023,,4496233.8,4258640.44
93865455909823,496920059416,CNRB018729,Salary,BSBD,Active,02-02-2024,,7520291.58,7475645.44
87694635027,496920059416,CNRB018729,Recurring Deposit,Regular,Active,02-03-2020,,430363.96,11535554.2
3217243689073,632257134942,IOBA088161,Fixed Deposit,Regular,Active,02-09-2024,,7965188.78,4032589.42
33261673899,290501599767,SBIN012850,Savings,BSBD,Active,10-07-2023,,707101.99,15136358.42
37576677459,496253353335,BKID054791,Savings,Premium,Active,05-04-2024,,8325349.55,8406478.55
99203595638863,496253353335,BKID054791,Savings,BSBD,Frozen,01-01-2023,,0.0,0.0
976584688196,110854821678,ICIC030610,NRO,Regular,Closed,06-08-2024,,0.0,0.0
4731950109946154,481269731398,PUNB037838,Salary,Basic,Active,25-06-2019,,5492105.9,5729324.17
89951759440,378826407680,SBIN036252,Salary,Basic,Dormant,01-10-2020,14-04-2021,0.0,34062.12
55092971216,378826407680,SBIN036252,Salary,BSBD,Active,16-03-2022,,852152.04,2448282.13
51002555932,824073245972,BARB083757,Savings,Regular,Active,12-12-2021,,753795.4,11663442.93
547254476587,527816115607,ICIC045979,Current,Basic,Active,19-07-2024,,233681.5,8026295.89
38187408700,132575400034,SBIN033656,Current,Basic,Active,16-11-2024,,4401076.62,5103807.67
17600937859760,437027703563,IOBA054708,Salary,Premium,Active,01-06-2024,,636182.81,529516.86
9270169186574,379676564119,UTIB066670,Current,BSBD,Active,14-06-2024,,1408140.08,3183155.77
9762490088718,314403281119,BKID016295,Salary,Regular,Dormant,12-12-2023,23-01-2025,0.0,0.0
196281543334,692913841475,ICIC088829,Salary,Regular,Active,14-10-2024,,1276800.7,11454860.99
178256923112,692913841475,ICIC088829,Savings,Premium,Active,27-12-2024,,2628534.47,5373135.2
9182060847815017,917383721126,PUNB073108,Savings,Premium,Dormant,30-03-2019,19-01-2024,4071.96,7716.3
3627055992704036,917383721126,PUNB073108,Savings,BSBD,Active,29-11-2019,,1058006.08,1165339.74
353433971404,638873676798,CNRB047460,Savings,BSBD,Active,06-11-2024,,1972009.35,14253801.69
61923748956,638873676798,CNRB047460,Savings,Regular,Active,07-06-2024,,13648741.28,12702149.12
76583893267975,996524214885,KKBK069476,Savings,Regular,Active,16-04-2023,,1038645.37,752479.63
4079765790799,996524214885,KKBK069476,Savings,Premium,Active,08-01-2022,,1539001.52,1797329.02
8652126134138466,791176711624,PUNB056654,Recurring Deposit,Premium,Active,17-07-2023,,2269909.74,9352914.29
7254291841313833,791176711624,PUNB056654,Savings,Regular,Dormant,16-09-2022,24-02-2024,0.0,4215.92
43532893712,885018827652,SBIN076745,NRE,Premium,Active,05-10-2022,,210188.75,3175263.97
78014432971,885018827652,SBIN076745,NRE,Regular,Active,15-07-2021,,2494029.15,2762345.54
3924387948202,103417802796,KKBK052060,Savings,BSBD,Active,25-02-2023,,1648223.87,1473263.93
620361924369,103417802796,KKBK052060,Fixed Deposit,BSBD,Active,25-09-2024,,2162667.05,8889157.74
318262794786,527819464183,ICIC081894,Fixed Deposit,Corporate,Active,03-03-2021,,2395003.21,3274530.63
392322065344,527819464183,ICIC081894,Fixed Deposit,Corporate,Active,31-07-2023,,14198249.97,18572336.15
31198376185,375070543509,SBIN051290,Savings,BSBD,Active,07-12-2021,,9477523.44,9482271.66
90920773577,375070543509,SBIN051290,Current,Premium,Active,23-12-2018,,4147732.42,4201406.71
437599669799,922294414604,ICIC046156,Savings,Regular,Active,19-12-2021,,81377.4,1164525.72
224687036156,922294414604,ICIC046156,Current,BSBD,Active,14-09-2021,,1112678.67,3838190.3
12375781931791,251654103603,KKBK059550,Fixed Deposit,Corporate,Active,18-04-2023,,5268980.28,11181519.85
24333223397,710458889441,BKID058957,Savings,Premium,Active,23-09-2022,,774160.69,11789713.07
6799341380951,388523220228,KKBK050372,Savings,Regular,Dormant,04-10-2021,01-05-2024,3002.06,38512.94
67842532974,388523220228,KKBK050372,Salary,Premium,Active,07-07-2024,,652998.07,8825030.17
52371739418871,244051923035,HDFC024898,Savings,Basic,Active,31-12-2024,,931456.07,841545.49
31457371607768,244051923035,HDFC024898,Current,Premium,Active,09-08-2024,,6333993.23,7143045.1
44175056378253,904738421514,BARB017765,Savings,Basic,Active,07-11-2017,,1341976.62,2296568.86
26888645472442,904738421514,BARB017765,Salary,BSBD,Active,02-06-2020,,2666352.89,4468670.62
9172103593307,895116189085,UTIB015129,Savings,Regular,Active,28-12-2024,,2882893.45,3913389.07
9230411689597,895116189085,UTIB015129,Savings,Regular,Active,22-05-2023,,8224490.45,8199832.15
52378026906717,767230785028,IOBA034439,Current,Premium,Active,10-08-2024,,513141.12,11777295.68
43383309309540,862298088808,KKBK081647,Salary,Basic,Active,11-03-2022,,911685.52,3032601.38
45425651069,938826484941,SBIN089749,Fixed Deposit,Corporate,Frozen,26-07-2019,,0.0,0.0
83787276112,938826484941,SBIN089749,Current,Regular,Active,14-10-2019,,8975914.54,8501579.05
86232555046128,914484295356,HDFC098267,Savings,Basic,Active,02-04-2021,,1474710.54,3483113.64
7313492437198772,842962943807,PUNB020361,Savings,BSBD,Active,09-11-2022,,4279530.46,3673727.89
1651787572496188,842962943807,PUNB020361,Fixed Deposit,Basic,Active,03-10-2024,,1126896.24,2476818.54
96155045896440,808494089748,BARB073752,Current,Premium,Active,27-01-2023,,739834.97,5353224.35
54002571912,808494089748,BARB073752,Savings,BSBD,Active,12-05-2024,,9616596.03,9656507.58
651042730678,827274012468,KKBK020824,Savings,Basic,Active,04-11-2018,,5002334.23,5950062.7
78010326137175,827274012468,KKBK020824,Savings,Premium,Closed,21-11-2019,,0.0,0.0
884422273226,964676115412,IOBA080729,Recurring Deposit,BSBD,Active,01-08-2023,,1709681.87,2508531.44
875856455638,964676115412,IOBA080729,Salary,Premium,Dormant,15-10-2020,04-09-2023,20511.66,9926.77
87987808076,669140455114,BARB031370,Salary,Premium,Active,22-10-2024,,450171.09,4750129.74
783788752429,145274435473,IOBA051546,Fixed Deposit,Regular,Active,08-12-2022,,14609379.38,12958185.81
9259267752578,975007262416,UTIB015847,Current,BSBD,Active,05-02-2023,,1307481.68,1734581.33
9235138131956,975007262416,UTIB015847,Salary,Basic,Active,08-06-2023,,3887004.09,3713718.52
2435453052911110,746416872879,PUNB032992,Fixed Deposit,Regular,Active,15-09-2020,,1240340.63,13368737.69
97050843979120,523073267793,HDFC087910,Salary,Regular,Active,26-09-2021,,3324390.75,3598931.41
37529192283970,523073267793,HDFC087910,Salary,Premium,Active,03-03-2020,,4662412.92,4659810.72
9585079389582158,550471744756,PUNB093483,Savings,Premium,Active,02-07-2021,,3052284.19,3177964.43
92124843969222,732486723665,CNRB054458,Savings,Premium,Active,06-03-2024,,5189038.66,4823040.63
7586795735207,732486723665,CNRB054458,Savings,BSBD,Active,26-12-2023,,538876.08,785213.72
314112554187,863201356128,ICIC095745,Fixed Deposit,Basic,Active,26-09-2018,,236898.19,259427.34
9930739955424135,199432017130,PUNB034948,Salary,BSBD,Active,12-10-2023,,775277.36,180203.74
5278626173960802,199432017130,PUNB034948,Savings,Premium,Active,20-08-2023,,493768.63,567755.61
207131436150,322029589779,ICIC027967,Current,Regular,Dormant,11-01-2022,13-04-2023,17974.16,0.0
22673624638,771062429548,SBIN030405,Savings,Premium,Active,12-08-2023,,3267405.09,3030415.68
21518229797,771062429548,SBIN030405,Recurring Deposit,Regular,Active,15-01-2023,,3315460.38,2895578.34
638377549751,931629654732,CNRB073300,Savings,Basic,Active,07-07-2019,,6399490.88,7338016.01
65852523650,880377542450,KKBK093573,Savings,Premium,Active,10-07-2023,,945786.18,15936421.79
431128129704,418501351683,ICIC026522,Current,Corporate,Active,13-01-2021,,10087530.45,5925839.82
77415628202005,445858896204,BKID073122,Savings,Basic,Active,10-08-2020,,724684.25,1732947.56
6807839287503,784458343972,BKID069140,Recurring Deposit,BSBD,Dormant,14-10-2024,12-03-2025,0.0,220279.74
701984283821,188687690576,CNRB048900,Savings,Premium,Active,17-10-2019,,1610373.27,3665164.26
1872941211965,188687690576,CNRB048900,Recurring Deposit,Regular,Active,15-12-2023,,904946.26,7542342.55
16558338984,419517736670,BARB029433,Savings,BSBD,Active,08-09-2022,,3809369.68,3631570.44
8085796360564,419517736670,BARB029433,Recurring Deposit,BSBD,Active,13-05-2018,,832276.15,2208622.68
7883833947396324,363370737212,PUNB095197,Salary,Regular,Active,19-05-2019,,859299.75,7686538.97
9635318847345031,363370737212,PUNB095197,Savings,Basic,Active,19-08-2017,,490735.19,812461.86
770279707223,886847790695,IOBA033681,Salary,BSBD,Active,10-10-2021,,136723.28,9310378.52
20291249995940,886847790695,IOBA033681,Savings,Basic,Active,11-05-2024,,1497186.71,10734508.29
396013466670,103356707745,KKBK061512,Salary,Regular,Active,17-04-2024,,283118.56,1035695.81
262067594907,103356707745,KKBK061512,Savings,Premium,Active,09-08-2022,,8114843.88,7952581.75
13334039596,975642441925,BARB060409,Savings,BSBD,Active,23-02-2024,,1901984.55,1624508.58
31479411913192,975642441925,BARB060409,Savings,Premium,Active,31-05-2019,,416855.52,12450373.23
87862048232,244751728929,KKBK097266,Salary,Premium,Active,11-05-2023,,913286.03,2230643.03
736723065048,244751728929,KKBK097266,Recurring Deposit,Basic,Active,12-06-2020,,388566.98,4496712.8
82972521022376,460556269422,KKBK027653,Savings,BSBD,Active,21-07-2024,,969716.58,1554599.79
547477301212,295582076500,IOBA018680,Savings,Regular,Active,14-11-2024,,3765529.78,4612661.65
65755874855630,295582076500,IOBA018680,Savings,BSBD,Active,13-03-2024,,1314382.64,1243826.37
9115091308276,922803586713,BKID026138,Savings,Basic,Active,05-02-2021,,568583.63,3566984.17
7231558928411,922803586713,BKID026138,Savings,Basic,Active,12-07-2019,,1283606.35,1556631.12
2785511374865,299138574878,BKID013244,Salary,Basic,Active,19-10-2022,,1556017.79,9119750.53
8647015171079,299138574878,BKID013244,Current,Premium,Active,03-05-2023,,1821646.77,2622177.59
79723380505,757170697249,KKBK040972,Savings,Regular,Active,20-12-2023,,524509.65,6549571.02
30603779416465,678782909730,HDFC025281,Salary,Regular,Frozen,10-07-2022,,0.0,0.0
60557842107388,678782909730,HDFC025281,Fixed Deposit,BSBD,Active,07-05-2020,,244461.42,597356.47
5489696325925,470350580874,BKID034159,Current,Corporate,Active,14-02-2017,,545167.09,3864575.31
94758926322,111737300112,SBIN070454,Salary,Premium,Active,05-04-2024,,1209161.22,9949868.67
38826579600,872488583738,SBIN052884,Fixed Deposit,Basic,Active,03-04-2024,,1002171.27,11928725.37
77064115073,814302154055,SBIN074401,Salary,Premium,Active,16-01-2022,,2756683.54,12134303.14
863603360028,795857605419,BKID069654,Current,BSBD,Active,29-11-2019,,84567.99,677907.67
7336776508793,795857605419,BKID069654,Savings,BSBD,Active,25-07-2022,,2095711.69,7245084.45
81530471183277,761866493741,KKBK090801,Savings,Premium,Active,23-08-2020,,3866005.3,3279398.53
2841575879568,761866493741,KKBK090801,Savings,BSBD,Active,22-07-2018,,1957837.62,6054395.24
59957791977,659800683813,BKID069237,Current,Corporate,Active,21-08-2020,,5194637.26,9540967.08
4926274006794,659800683813,BKID069237,Fixed Deposit,Regular,Active,29-09-2020,,329658.92,15071842.22
42495246043298,993069250702,HDFC091685,Savings,Basic,Active,29-12-2024,,1114276.78,14002635.62
87227353644085,365556474560,BKID060062,Fixed Deposit,Regular,Active,22-11-2017,,557451.4,3884100.53
526038783921,192871147868,ICIC026143,Salary,Regular,Active,05-11-2024,,682856.96,13910032.93
105879235841,192871147868,ICIC026143,Fixed Deposit,Regular,Active,23-03-2023,,6290958.11,5950360.93
9187048979406,804944224247,UTIB085635,Savings,Regular,Active,10-08-2023,,199965.87,1295383.35
46234597478,590493559859,SBIN011253,Current,Premium,Active,18-11-2020,,1530549.62,7756824.94
68305521518,302422613798,CNRB072964,Savings,Regular,Active,02-04-2024,,499198.62,12563092.99
548083916975,302422613798,CNRB072964,Savings,BSBD,Active,25-12-2024,,133709.56,702839.23
99591678327612,568416233429,HDFC029119,Current,Corporate,Closed,14-06-2019,,0.0,0.0
22322917390491,568416233429,HDFC029119,Current,Corporate,Active,31-07-2021,,1133962.32,3507641.26
27137622388,931663259789,CNRB043842,Current,Corporate,Active,27-11-2020,,496131.68,11357881.78
2961344558263,931663259789,CNRB043842,Current,Corporate,Active,03-03-2016,,2177279.36,3687587.8
743071567601,206385319764,BARB076819,Recurring Deposit,Basic,Dormant,02-10-2021,21-10-2024,0.0,0.0
12612363540634,195852598897,IOBA099679,Savings,Premium,Active,29-09-2023,,2159880.75,4672768.91
19634177012,195852598897,IOBA099679,Salary,BSBD,Dormant,19-09-2019,09-06-2024,4939.18,3226.27
809900040007,777807704129,ICIC042463,Fixed Deposit,BSBD,Active,16-02-2018,,1331740.21,2271416.53
63067728739674,903380217095,HDFC032194,Savings,Regular,Active,03-08-2020,,3356965.12,8268301.15
6561880918336237,277306787253,PUNB085798,Savings,BSBD,Active,08-11-2023,,4416157.82,3879907.43
5441517379888246,277306787253,PUNB085798,Savings,Premium,Active,22-02-2024,,4949320.25,5545378.85
462420247149,892377287106,KKBK098413,Savings,Regular,Active,04-10-2021,,855272.04,1084576.76
97490326333,627264544124,IOBA076929,Savings,Basic,Active,14-12-2023,,501780.97,6029805.19
33532329722,627264544124,IOBA076929,Savings,BSBD,Active,03-08-2024,,51594.08,1837806.39
61553823523,720560011853,CNRB058724,Fixed Deposit,Regular,Active,28-08-2024,,14611867.24,2423541.6
266575895604,282498041017,CNRB054072,Savings,Premium,Active,11-07-2023,,1975128.64,1923037.63
18900877932,282498041017,CNRB054072,Savings,BSBD,Active,20-06-2023,,2332323.76,2381646.63
74984103230,815822403512,SBIN085184,Recurring Deposit,Regular,Active,14-08-2019,,1707371.67,2435682.97
259634057578,675392599601,BKID027361,Savings,Regular,Active,01-02-2022,,2511370.46,2665766.42
4713034911059,647899384715,KKBK066639,Salary,Premium,Active,23-11-2019,,12439495.56,12260327.39
4969448861287,647899384715,KKBK066639,Savings,Regular,Active,05-09-2019,,1256291.14,9980105.84
98349502536,555748626220,BARB048551,Fixed Deposit,BSBD,Active,06-07-2023,,3022013.24,2299841.58
9274822131906,840475723910,UTIB083589,Current,Regular,Active,15-06-2022,,1829266.01,13888279.12
9144392097824,840475723910,UTIB083589,Savings,BSBD,Active,24-03-2024,,453028.9,4199038.56
9007378369788,172634093209,BARB055584,Savings,Premium,Active,17-10-2023,,1674270.7,10843754.7
86509664887988,816116953888,IOBA086214,Savings,BSBD,Active,24-03-2024,,1776633.28,1504551.32
366108578643,816116953888,IOBA086214,Savings,Regular,Active,24-11-2024,,777502.17,1396360.57
357734287527,769894432864,IOBA036373,Savings,BSBD,Active,28-12-2022,,4599341.52,4457508.34
82463413396582,769894432864,IOBA036373,Current,BSBD,Active,24-01-2024,,6972492.23,8325891.03
8461750156972,198012964633,KKBK072864,Current,Premium,Active,14-07-2021,,1181290.94,1297414.23
4528412866741,198012964633,KKBK072864,Savings,Premium,Active,09-07-2021,,2464243.09,2276771.78
13562882770261,264519467724,HDFC067400,Salary,Regular,Active,17-05-2023,,2251228.19,2857551.98
9111477250467,268751023698,UTIB037464,Savings,BSBD,Active,06-10-2023,,51724.59,638994.17
9215894178256,268751023698,UTIB037464,Salary,Premium,Active,28-10-2023,,5942715.38,5597053.38
4414753802046,660813859876,BARB028704,Savings,BSBD,Active,25-07-2020,,14685408.57,14933048.55
1670243109574,660813859876,BARB028704,Recurring Deposit,BSBD,Active,18-07-2023,,268137.65,755967.74
59898532993049,123362413448,HDFC054592,Savings,Basic,Active,10-08-2018,,5606413.45,5710102.73
380698400367,826224129308,ICIC076700,Current,Regular,Active,29-12-2022,,1029849.93,22410664.8
924458381415,826224129308,ICIC076700,Recurring Deposit,BSBD,Active,05-08-2021,,350644.45,1426579.25
68129186860224,333052957077,KKBK055307,Current,Corporate,Active,16-05-2016,,9584818.53,18445033.4
388394737512,333052957077,KKBK055307,Fixed Deposit,Regular,Dormant,06-09-2022,02-11-2024,2307.39,0.0
62073312105,879364755348,BARB087502,Savings,Basic,Active,25-11-2016,,2901768.43,8613001.35
36137331335,118031234089,BARB028209,Current,Corporate,Active,28-06-2021,,12037684.29,17632683.29
4004391963510,294966136483,BKID042176,Salary,Basic,Active,26-05-2024,,2418461.92,2550551.04
1699196140345,294966136483,BKID042176,Salary,Regular,Active,10-05-2024,,957422.55,635754.64
9830448792708,778371842931,BKID094477,Savings,BSBD,Active,08-11-2021,,237734.3,608456.21
78226558561543,778371842931,BKID094477,Savings,Regular,Active,10-07-2017,,1669458.18,2165291.32
96430620758,759914453364,SBIN055257,Recurring Deposit,Premium,Active,23-09-2024,,7484997.79,6075422.14
8126928003168864,192120694168,PUNB078339,Fixed Deposit,Regular,Closed,16-06-2024,,0.0,0.0
5105026683272,563854141248,KKBK091720,Salary,BSBD,Active,11-07-2024,,6047122.27,5855012.41
87342300712452,563854141248,KKBK091720,Salary,Regular,Active,09-11-2024,,1411614.17,10399307.61
9384731386212,843464902818,CNRB017618,Savings,Premium,Active,12-06-2024,,664556.73,9349536.24
59908035280,843464902818,CNRB017618,Current,Regular,Active,10-06-2024,,962161.66,947337.85
77761983632,648866110121,BKID067081,Salary,Regular,Active,15-04-2020,,5244872.18,5225042.78
16542592282,207554312676,CNRB073786,Savings,Premium,Active,05-07-2022,,2563208.6,6433723.72
5203411591111,207554312676,CNRB073786,Current,Basic,Active,03-05-2023,,2593091.62,2930459.71
573838020725,170890988994,ICIC079564,Current,Premium,Active,19-04-2016,,3542232.36,3263878.25
422310011301,170890988994,ICIC079564,Savings,BSBD,Active,19-12-2024,,6142655.78,6795843.62
64616012278331,163135833567,HDFC023040,Savings,Premium,Active,24-03-2023,,2239883.63,13585156.69
30275721507530,764036263361,IOBA048223,Recurring Deposit,BSBD,Active,05-09-2023,,4829437.3,4693803.63
91581782892,289759805840,SBIN083349,Current,Regular,Active,13-06-2015,,397769.26,9797502.01
71281137397,289759805840,SBIN083349,Current,Regular,Active,25-09-2015,,4343106.32,4383410.67
8812969211535197,611018600521,PUNB099958,Fixed Deposit,Premium,Active,18-07-2024,,814865.32,7961341.22
9036810777854515,767449418234,PUNB078911,Savings,Regular,Active,27-11-2018,,3550155.32,3941973.96
8387746022166658,767449418234,PUNB078911,Current,Premium,Dormant,18-02-2019,09-12-2022,20795.23,193085.95
958680794202,605582252359,ICIC028179,Savings,Regular,Active,06-11-2021,,146701.01,623907.79
26595589307,153173484280,BARB024022,Savings,Regular,Closed,28-10-2024,,0.0,0.0
943095310185,135366446097,ICIC073262,Savings,BSBD,Active,04-07-2024,,2911906.12,2985719.41
1709686850605,563003361835,IOBA078255,Salary,Premium,Active,17-09-2024,,833025.43,920299.11
82536094717,563003361835,IOBA078255,Current,Basic,Active,13-10-2024,,974306.09,7252544.6
96687367690,379365975392,CNRB019562,Fixed Deposit,BSBD,Active,26-02-2022,,645683.26,2952662.7
624007022478,379365975392,CNRB019562,Salary,BSBD,Active,24-06-2022,,605757.9,14419645.75
50723310562249,623009355098,KKBK068756,Savings,Premium,Active,18-12-2024,,1031568.67,8304030.41
157370345504,623009355098,KKBK068756,Recurring Deposit,BSBD,Active,28-03-2024,,71285.58,5868842.74
24861810681305,896995359915,CNRB067538,Current,Basic,Active,04-03-2024,,4125427.42,4018703.37
97516239171,854011795021,KKBK016503,Savings,Regular,Active,12-12-2016,,4846696.85,4751478.61
5309794309806852,500783529522,PUNB015267,Current,Regular,Dormant,02-05-2024,07-12-2024,106881.8,4178.74
90468409286,941479956068,SBIN083089,Savings,Regular,Active,30-06-2022,,835658.77,9455076.29
2764465068928247,459845991020,PUNB091553,Salary,BSBD,Active,19-09-2023,,1477693.61,15036310.37
99957536191410,536602892940,HDFC083317,NRO,Premium,Active,07-06-2024,,1591114.55,358494.33
87159743125872,536602892940,HDFC083317,NRE,Regular,Active,18-12-2024,,376929.85,1624891.82
9237293877634,308106064703,UTIB016132,Savings,Regular,Active,10-04-2023,,7688977.01,8215531.08
9116476688844,308106064703,UTIB016132,Savings,Regular,Active,11-01-2022,,4331848.7,3987633.6
9253293597060,571555101150,UTIB069294,Fixed Deposit,Regular,Active,18-04-2023,,496874.36,1364455.43
9230222488474626,493355501600,PUNB029191,Savings,Premium,Active,06-03-2023,,4843561.17,5752581.97
8188122896452608,493355501600,PUNB029191,Current,Regular,Active,31-03-2022,,6136872.87,4756216.88
9067313985514,211844978263,KKBK087589,Fixed Deposit,Regular,Active,19-07-2023,,1162086.02,2034532.73
3437982281537,333002630175,IOBA079222,Current,Regular,Active,16-06-2015,,12341868.83,8252338.9
4318181172249495,911368576403,PUNB024149,Savings,Basic,Active,08-05-2020,,4056307.61,4044679.27
4476830172848,176849737890,KKBK074099,Current,BSBD,Active,26-12-2021,,1379186.48,14020397.57
39133653116,176849737890,KKBK074099,Savings,Regular,Active,18-08-2019,,2051414.77,2159386.97
2846264437857,311186835567,KKBK042438,Savings,BSBD,Active,14-04-2022,,3072780.18,3479707.69
825391867995,311186835567,KKBK042438,Savings,BSBD,Active,08-04-2018,,5658684.17,5226252.87
90171184808931,985823274311,BKID034566,Fixed Deposit,Corporate,Active,16-11-2024,,20185674.2,16311957.59
80643436313022,985823274311,BKID034566,Current,Regular,Dormant,21-11-2024,17-12-2024,0.0,4333040.04
165658505444,533814349876,BKID051771,Current,Premium,Active,15-10-2018,,2373747.44,14905654.03
7040963222230884,201243682638,PUNB055950,Savings,Regular,Active,07-06-2024,,1094718.59,12354915.43
7477920964590927,201243682638,PUNB055950,Salary,Regular,Active,15-02-2023,,6599424.99,6450282.9
9139510637193,309493777116,UTIB070987,Current,Regular,Active,11-08-2024,,5426485.94,6000065.34
98300887886698,914483988395,HDFC038489,Savings,Regular,Active,04-06-2022,,1207580.01,4396181.08
9110611088077,252338391155,UTIB075249,Current,Premium,Active,28-03-2024,,745106.97,1193448.55
9182665436421,252338391155,UTIB075249,Savings,Premium,Active,07-08-2023,,1300502.32,3165412.58
84026451710,533893182687,CNRB018031,Salary,Regular,Active,11-06-2022,,548597.89,2672968.96
9159631144920,140944232868,UTIB037422,Fixed Deposit,Basic,Active,21-09-2016,,790230.83,7340688.79
33302331016139,206965347322,CNRB069409,Fixed Deposit,Basic,Frozen,21-06-2023,,0.0,357157.2
78137760559600,674014097803,HDFC085435,Savings,Basic,Active,25-04-2024,,1348117.01,8086696.23
358157811367,876350169613,KKBK014883,Savings,Basic,Active,24-06-2017,,1189058.52,2321146.36
345004988422,876350169613,KKBK014883,Recurring Deposit,Basic,Active,17-07-2022,,1051262.69,5804724.92
45776149922,682185602529,SBIN066196,NRO,Regular,Active,04-08-2021,,1704103.75,1654795.64
33434174739,682185602529,SBIN066196,Savings,Premium,Active,13-09-2024,,4802555.2,5112761.58
67326028793244,445028003387,IOBA052652,Current,BSBD,Active,08-05-2023,,694298.43,2678999.52
6301383359463,243223622113,CNRB023625,Current,Regular,Active,23-12-2024,,1336523.8,9671434.9
577625117755,243223622113,CNRB023625,Savings,BSBD,Active,30-12-2024,,7592134.69,7444441.52
14181577129,835754767212,BKID028364,Fixed Deposit,Corporate,Active,09-09-2023,,4681248.14,5296368.56
9329844913226,101669632213,IOBA011035,Savings,Regular,Active,23-12-2022,,9585447.53,10366202.08
904689369798,101669632213,IOBA011035,Savings,Basic,Active,04-11-2022,,1201861.67,11725821.44
77113571719,706434206779,SBIN053686,Savings,Premium,Active,13-02-2020,,339008.88,1574320.23
30624349949,774939001350,BARB046473,Savings,Basic,Active,16-03-2024,,1535000.0,3399593.52
9152297612718,117980671454,UTIB088984,Salary,Premium,Active,08-05-2022,,7643535.29,8195807.96
50783341343665,732452825949,HDFC077333,Savings,Basic,Active,28-02-2023,,1107040.05,1894944.81
4169171491894709,345938794373,PUNB035365,Fixed Deposit,Premium,Active,29-10-2023,,420965.0,12523076.56
926831094065,567559707461,CNRB051770,Fixed Deposit,BSBD,Active,05-11-2022,,1923479.47,15916486.84
4242350541135,951340697794,KKBK039075,Salary,Regular,Active,21-06-2023,,5011911.0,3983359.92
29843446404,951340697794,KKBK039075,Savings,Premium,Active,24-10-2023,,150320.75,1463401.67
9266413679776,429111675684,UTIB058816,Savings,Premium,Active,04-06-2017,,608092.81,12579438.67
8626197748896,320996710877,BARB085525,Savings,Regular,Active,26-08-2024,,780078.62,9712307.72
87183481576,320996710877,BARB085525,Savings,Premium,Active,26-06-2024,,4881090.57,5743726.49
51619352155,536169539859,BKID040164,Fixed Deposit,BSBD,Active,21-07-2022,,87435.63,2272497.88
9186113471133,536169539859,BKID040164,Salary,Premium,Active,18-12-2021,,5272130.65,5290429.77
63913315426,416017691365,SBIN017766,Current,Premium,Active,17-06-2021,,5403960.34,6159939.89
82392707163,679007393544,IOBA040286,Salary,Basic,Active,16-12-2016,,15068060.73,18456901.1
70723562427532,959840880653,BARB095153,Savings,BSBD,Active,05-03-2019,,1771288.31,15712509.32
59852095421,490874927256,BARB097306,Savings,Basic,Active,06-01-2021,,2520675.23,8850964.78
567533474707,690808700609,KKBK058278,Fixed Deposit,BSBD,Active,16-08-2024,,1609209.47,9775886.83
92879278649878,690808700609,KKBK058278,Savings,Regular,Active,25-12-2024,,621798.31,6717712.59
9704633545776910,261002256538,PUNB028834,Fixed Deposit,Regular,Active,18-03-2024,,6237409.71,8580208.77
7838734296192920,261002256538,PUNB028834,Fixed Deposit,BSBD,Active,05-08-2023,,7023733.74,15773065.2
99484263537,244049912883,BKID049029,Salary,Regular,Active,18-07-2019,,5036102.7,6142535.51
509117279660,768546903102,ICIC059989,Salary,Premium,Active,08-05-2024,,897109.03,11447343.25
254263520073,768546903102,ICIC059989,Current,BSBD,Active,27-05-2023,,11422113.77,10632679.67
9182985864960,545638625988,UTIB041075,Salary,Premium,Dormant,27-06-2022,07-08-2023,0.0,86688.3
9249725568389,545638625988,UTIB041075,Salary,Premium,Active,29-01-2020,,4419612.62,5148358.05
612271665687,287017054471,IOBA039809,Current,Corporate,Active,11-10-2023,,3769982.26,13176300.75
9121851329224,250957618793,UTIB013069,Savings,Premium,Active,10-03-2023,,589620.1,1330684.07
6393602534402,247431880689,BKID052616,Savings,Premium,Active,22-05-2019,,557625.29,182469.0
18860360184,247431880689,BKID052616,Salary,Basic,Active,12-07-2016,,777436.95,8304332.87
9255842244183,605584379556,UTIB039622,Savings,Basic,Active,18-09-2021,,615059.02,10193610.49
3596322482029,412765116162,IOBA099395,Savings,Premium,Active,21-12-2024,,5997876.67,5764862.23
677707822733,412765116162,IOBA099395,Fixed Deposit,Basic,Active,01-11-2024,,7494049.04,7506585.61
15202411253,781485689749,SBIN072668,Savings,BSBD,Active,27-02-2021,,4648112.96,5011501.7
98107701101,781485689749,SBIN072668,Recurring Deposit,Basic,Active,01-09-2022,,1791822.02,1883743.8
82709263369,153918480732,SBIN058378,Fixed Deposit,Premium,Active,30-09-2020,,1349722.1,1650633.04
64005961175,153918480732,SBIN058378,NRO,Premium,Active,15-06-2024,,1191920.71,2393243.02
497329087404,106192892732,BARB010171,NRO,Regular,Frozen,29-10-2024,,0.0,0.0
99312944082,106192892732,BARB010171,NRE,Premium,Active,27-12-2024,,245882.09,7694343.24
3827172661903996,932927298464,PUNB091673,Salary,BSBD,Dormant,21-03-2021,25-04-2024,0.0,0.0
278306001225,555873202878,ICIC057526,Salary,BSBD,Frozen,21-12-2023,,0.0,0.0
502153360658,159103104095,IOBA088657,Fixed Deposit,Regular,Active,08-09-2024,,3263525.9,20947953.04
18959990432,678381056893,SBIN078371,Savings,Regular,Active,04-01-2020,,8917018.27,10140166.52
18988465894,678381056893,SBIN078371,Salary,Premium,Active,28-01-2023,,4686236.25,23450757.19
5181464764838,629382432351,KKBK095799,Salary,Basic,Active,14-12-2018,,965552.93,1318255.13
1280169195242,648709745211,IOBA094280,Recurring Deposit,Regular,Active,19-04-2021,,1339016.48,6758549.92
419003734650,648709745211,IOBA094280,Savings,BSBD,Active,14-04-2023,,7718159.22,7444251.7
788231786405,706921027909,BARB073990,Savings,Basic,Active,27-07-2024,,798621.35,3833093.88
9127443597406,265518519402,UTIB026046,NRO,Regular,Active,05-10-2020,,3939835.62,3877173.59
9108899425944,265518519402,UTIB026046,NRE,Regular,Active,11-03-2020,,1604489.06,2488086.77
9215736200270436,422781860257,PUNB054892,Savings,BSBD,Active,18-11-2024,,3573861.46,3488771.03
10054664190,693837635494,KKBK021976,Recurring Deposit,Regular,Active,27-02-2024,,9986836.49,10503348.2
6287800151984,670465161822,BARB024940,Savings,Regular,Active,02-11-2022,,6222302.53,6842037.81
33123125818,670465161822,BARB024940,Fixed Deposit,BSBD,Active,14-07-2021,,5501742.2,4961524.92
1872385908112141,561976298857,PUNB080840,Savings,Basic,Active,13-04-2024,,886026.91,3189608.65
387348149352,712425021518,BARB035056,Current,Basic,Active,22-08-2022,,1736015.51,2378776.58
15645789923,306473191991,SBIN068366,Recurring Deposit,Premium,Active,07-12-2024,,412738.75,5265758.02
83630137460,567869712175,BKID069829,Current,Regular,Dormant,08-06-2023,12-12-2023,15223.98,141422.32
9282789345861,442678721313,UTIB077651,Savings,BSBD,Active,03-12-2022,,1314215.77,8511609.51
9217030844705,442678721313,UTIB077651,Current,Regular,Active,14-07-2024,,1512177.94,3236895.89
30235709033,777574995198,SBIN051061,Salary,Premium,Active,19-11-2024,,1848252.73,3668982.3
84755997250,777574995198,SBIN051061,Savings,Premium,Active,04-11-2024,,959690.72,13639282.77
87144857316570,633971327241,KKBK063132,Current,Regular,Active,04-05-2024,,2097114.92,7667629.0
1059875982541,633971327241,KKBK063132,Recurring Deposit,BSBD,Active,09-06-2024,,1501551.85,7470984.37
829751487410,212529925289,ICIC017902,Current,Regular,Active,24-09-2021,,992696.71,1109783.43
942086836227,212529925289,ICIC017902,Salary,BSBD,Active,10-07-2021,,167604.99,932270.97
400259344738,326222842513,ICIC062033,Fixed Deposit,BSBD,Active,10-08-2017,,1653683.37,7451168.06
383877989403,839238758052,BARB016639,Current,Corporate,Active,31-03-2017,,375066.21,7015629.76
5651299695671,839238758052,BARB016639,Current,Regular,Active,07-01-2020,,4938702.18,6842660.33
9268298335539,317155324885,UTIB036835,Current,BSBD,Active,06-02-2017,,442460.97,10549040.76
93092043190741,428673862968,HDFC067833,Fixed Deposit,Basic,Active,29-10-2024,,1204864.89,1128671.34
34648628503864,428673862968,HDFC067833,Savings,Regular,Active,10-05-2023,,733997.12,4251240.92
61676304105,660953208900,SBIN077481,Savings,BSBD,Active,17-10-2017,,827586.7,1358760.92
915382364150,291309552036,BARB049690,Fixed Deposit,Corporate,Dormant,18-10-2023,19-01-2024,16325.7,1662.46
42690572999631,633719871799,HDFC042345,Salary,BSBD,Active,06-04-2022,,1281981.4,2588188.84
59567257476910,633719871799,HDFC042345,Current,BSBD,Active,05-06-2021,,389361.06,8654278.52
20802644988,254015553709,SBIN031662,Savings,Basic,Dormant,13-08-2022,01-02-2025,12790.56,79492.81
52331400369,254015553709,SBIN031662,Fixed Deposit,Premium,Active,22-06-2023,,1116170.37,705325.09
19684076287367,181345027939,BARB049430,Savings,BSBD,Active,12-03-2021,,515857.57,1103408.75
57325562483344,181345027939,BARB049430,Savings,Basic,Active,29-07-2019,,4546261.69,5965052.19
74704989654,220998868565,SBIN083133,Savings,Basic,Active,06-05-2024,,1912902.78,1243971.41
74082634707,696525278420,BKID013779,Savings,Regular,Active,13-11-2022,,355892.05,5376909.24
93455678225,877058601686,BKID058802,Savings,Regular,Active,12-08-2024,,3284527.68,3428406.0
810757873330,877058601686,BKID058802,Recurring Deposit,Basic,Active,04-05-2023,,839584.26,2625134.84
25997210684097,194091566628,CNRB096417,Current,Premium,Active,11-09-2024,,6127699.95,5895243.41
1213219986875,194091566628,CNRB096417,Savings,Regular,Active,10-09-2022,,445842.17,422074.76
8353965860344230,617596151496,PUNB034801,Current,Premium,Active,16-10-2023,,665517.84,4944617.16
6224210733263383,617596151496,PUNB034801,Salary,BSBD,Active,23-08-2024,,254081.82,12977535.7
1235455739800,101412056903,BKID041532,Savings,BSBD,Active,22-08-2021,,4590075.63,4779094.02
1369115621028,101412056903,BKID041532,Savings,Premium,Frozen,04-08-2019,,0.0,0.0
41005937098,632993753578,KKBK029314,Savings,BSBD,Active,03-04-2022,,1534748.26,1868388.56
676186126076,675954682427,ICIC031992,Fixed Deposit,Regular,Active,13-03-2022,,4861351.69,14772325.45
90562625737932,867959229683,HDFC089453,Recurring Deposit,BSBD,Active,28-03-2024,,129231.99,1724429.73
41047498945056,867959229683,HDFC089453,Savings,Regular,Active,10-04-2024,,4786772.85,4735409.33
32836689448892,140067190057,KKBK083925,Salary,Regular,Active,14-10-2021,,1904471.37,14398295.5
5542271003274,140067190057,KKBK083925,Savings,Basic,Active,13-04-2024,,2040936.9,14165804.71
85042960510,974429624438,BARB033608,Savings,Premium,Active,13-06-2020,,1746391.73,13513913.81
2884752399585,864849262846,KKBK030757,Savings,BSBD,Active,30-08-2016,,797805.94,1609886.82
87745040529,637103275115,BKID045303,Fixed Deposit,BSBD,Active,25-09-2024,,255414.95,1299715.97
76881259924,564120391551,BKID058214,Savings,BSBD,Closed,27-06-2022,,0.0,0.0
780992120058,175766044458,BKID068024,Salary,BSBD,Active,15-07-2023,,158968.72,5092564.44
634719062671,880773853128,ICIC017959,Recurring Deposit,Regular,Active,16-06-2024,,725549.73,1141327.81
587032259688,880773853128,ICIC017959,Savings,BSBD,Active,31-12-2024,,842886.42,1274860.63
4834203453199,878789684278,BKID081605,Salary,Regular,Active,04-11-2024,,214694.49,9751734.38
58571103587056,341603498757,KKBK077056,Salary,Regular,Active,04-05-2019,,1708889.41,2684392.57
979246958693,341603498757,KKBK077056,Current,Basic,Dormant,12-08-2019,03-08-2023,93689.39,0.0
81885730108,667633641240,CNRB091677,Fixed Deposit,Corporate,Active,24-08-2020,,8747185.62,9882936.5
34463597801,978754276183,BKID083180,Savings,Basic,Active,14-07-2024,,1784822.94,14224978.65
2274786017241,978754276183,BKID083180,Savings,Premium,Active,06-08-2024,,734814.67,1585129.89
47613651422908,966787265482,HDFC033239,Fixed Deposit,Basic,Active,23-08-2017,,7878093.36,7778367.5
57383746561302,966787265482,HDFC033239,Fixed Deposit,Regular,Active,07-08-2021,,1498238.8,1710556.47
81836408249,942509013108,IOBA076835,Fixed Deposit,Basic,Active,25-08-2022,,1968192.92,14311372.87
5493340737960,942509013108,IOBA076835,Current,Basic,Active,19-07-2024,,631971.98,2197021.64
92925433065472,573954954668,HDFC072326,Current,Regular,Active,06-01-2024,,2662306.94,3348618.23
61033616309421,573954954668,HDFC072326,Savings,BSBD,Active,27-05-2021,,1554767.5,8194060.54
77455627110,270414452522,IOBA044879,Savings,BSBD,Active,14-08-2023,,1839606.36,2397148.87
12127282963,965244894760,BARB065334,Savings,Premium,Frozen,30-10-2020,,0.0,0.0
2488494100149,641356694009,KKBK041918,Savings,Premium,Active,15-06-2023,,4525049.32,5000798.5
10485915060,830331641268,IOBA070397,Savings,BSBD,Active,05-10-2024,,674634.26,1912092.93
2698166255308,759547820188,CNRB069955,Salary,Basic,Active,02-09-2022,,2137744.71,3262891.17
64491738935,759547820188,CNRB069955,Savings,BSBD,Active,11-09-2023,,230108.58,2358011.25
67442889025,292227619522,IOBA038852,Fixed Deposit,Basic,Active,21-07-2023,,366668.39,400011.48
2001691779736,292227619522,IOBA038852,Savings,Regular,Active,31-12-2023,,440924.99,1058459.16
7724713708231,220301415905,KKBK045383,Savings,Basic,Active,05-01-2017,,4203366.82,3930788.7
9641912922821,726858788248,BKID033337,Recurring Deposit,BSBD,Active,03-12-2022,,1203676.07,2978536.4
77248610695130,726858788248,BKID033337,Savings,Basic,Active,28-09-2024,,2577581.56,2828590.14
55065790973074,120221060463,HDFC081857,Salary,Premium,Active,04-08-2021,,835771.41,8052893.49
23198271393097,945773060816,HDFC043241,Savings,Basic,Active,22-10-2021,,5197701.26,4378728.06
59537738136726,945773060816,HDFC043241,Savings,BSBD,Active,02-04-2021,,10246056.4,10413054.59
856843363702,165332010149,IOBA047684,Salary,Premium,Active,17-11-2024,,6395895.56,5752812.52
97411464167,695996693907,BARB078625,Savings,Basic,Active,02-04-2024,,4628851.53,5443099.38
544403703051,695996693907,BARB078625,Savings,Basic,Active,15-11-2023,,1700757.56,3329903.56
66726382725,124058958123,CNRB071801,Fixed Deposit,Basic,Active,08-07-2021,,610494.27,8261759.4
963835137935,234090435241,ICIC015218,Savings,BSBD,Active,28-04-2021,,1681894.43,8060950.33
11547383492,118112874655,BARB048955,Salary,BSBD,Active,07-11-2024,,6141225.03,6106842.97
696328454545,118112874655,BARB048955,Salary,BSBD,Active,16-03-2023,,549882.34,1884784.72
789179573904,752190323709,BKID014847,Fixed Deposit,Basic,Dormant,30-06-2023,24-04-2024,298076.83,2632.94
37445841953328,975591950663,CNRB049877,Current,Basic,Active,26-06-2024,,88129.8,239294.41
57298309224434,454487505812,HDFC041650,Salary,Premium,Active,23-04-2022,,653165.09,6974557.42
79291657353,245011679626,IOBA039258,Recurring Deposit,Basic,Active,22-09-2023,,3767682.81,3998241.19
2683135241980,169464176314,BARB069464,Fixed Deposit,Basic,Active,08-12-2024,,1484246.11,12612865.81
104902322227,110998554013,ICIC082046,Current,Basic,Active,22-07-2019,,1735010.79,11998752.09
914202109198,110998554013,ICIC082046,Savings,Premium,Dormant,22-12-2020,22-01-2024,0.0,0.0
923081311604,940058077580,ICIC057763,Current,Regular,Active,27-04-2018,,9730520.38,9673169.27
541510924331,940058077580,ICIC057763,Fixed Deposit,Corporate,Active,16-05-2020,,1809565.65,4975146.68
86497609619465,890351884575,HDFC085228,Recurring Deposit,Premium,Active,24-04-2019,,6853837.99,7372299.08
544778884007,774757202034,BARB080777,Salary,Basic,Active,04-04-2020,,4380558.32,4934189.51
9261036195644,964350672221,UTIB053567,Savings,Premium,Active,31-08-2022,,607845.34,14120938.07
9266994817159,964350672221,UTIB053567,Current,Premium,Active,12-11-2024,,682953.14,8592056.6
66587416004,695489235586,SBIN012314,Savings,Premium,Active,18-07-2024,,391836.25,817991.83
52675305159009,399766484702,HDFC076790,Current,Regular,Active,08-10-2016,,9009109.81,4422698.39
40041808516,848033437550,BARB069302,Savings,Premium,Active,07-10-2023,,3131433.29,3382995.65
79406409397,168045455390,CNRB037349,Savings,Premium,Active,05-04-2021,,1878590.8,1915149.03
9237252205311,379039425076,UTIB062454,Savings,Regular,Active,09-02-2022,,3838526.92,3269774.35
47834211175527,829681240208,HDFC056770,Current,Premium,Active,03-12-2021,,2079302.04,7069395.71
35336635450859,829681240208,HDFC056770,Salary,BSBD,Active,19-11-2023,,2880616.98,3409332.69
43751495573,272534596752,SBIN072556,Salary,BSBD,Dormant,29-06-2024,16-09-2024,27998.34,6219.57
34983759142,272534596752,SBIN072556,Savings,Premium,Active,11-12-2024,,34347.24,1793404.98
19327803571510,415869187897,IOBA043020,Recurring Deposit,Basic,Dormant,27-10-2023,19-04-2024,153800.05,3419.37
593328092099,415869187897,IOBA043020,Salary,Regular,Active,01-06-2021,,3779901.11,3407201.64
4801166920748,157965669871,BKID096970,Salary,Basic,Active,05-07-2023,,1178658.07,4812601.48
255132734021,157965669871,BKID096970,Savings,Regular,Frozen,06-02-2020,,0.0,0.0
4692813180864700,530196369638,PUNB096441,Current,Corporate,Active,29-06-2024,,8724271.43,25109032.21
900980507021,384750024402,CNRB010039,Salary,Premium,Active,10-06-2023,,2105111.26,3649850.39
65156751548,869059356944,KKBK027941,Savings,Premium,Active,25-01-2017,,2341215.84,9187748.17
54069076720,862712951237,IOBA013469,Recurring Deposit,Premium,Active,23-12-2024,,205670.88,8712940.47
816577260895,364516456565,BARB083200,Current,Premium,Active,19-12-2024,,3815674.38,3693021.47
9166451698523,549571171860,UTIB075364,Recurring Deposit,BSBD,Active,22-07-2023,,861280.09,936478.07
3983502633885582,485266718774,PUNB032451,Savings,Regular,Active,22-07-2018,,1172989.18,3086804.15
60364707515,367608007652,BKID057090,Fixed Deposit,Basic,Active,30-03-2020,,428319.56,7668773.54
870467422134,367608007652,BKID057090,Savings,BSBD,Dormant,03-07-2017,15-11-2019,0.0,32450.41
53679946182,265631092655,BKID076260,Savings,BSBD,Active,08-03-2024,,1932103.92,12417159.47
9272866668051,371026172969,UTIB079010,Savings,Regular,Active,29-05-2023,,7619283.56,7698756.24
69492208336908,591134560343,BKID020306,Fixed Deposit,BSBD,Active,11-12-2024,,561248.71,10276936.52
109375573515,202301239494,ICIC020856,Savings,Basic,Active,25-01-2024,,2624279.12,11541890.0
9129653548316,165771151520,UTIB094589,Salary,BSBD,Active,01-06-2024,,5232623.61,5817389.71
95899478933858,554743669945,BARB072808,Salary,Regular,Active,10-12-2024,,1699610.82,1663673.75
2552484134545,344017303540,KKBK089751,Current,BSBD,Active,05-09-2024,,500922.97,4242475.6
4260906813880,344017303540,KKBK089751,Savings,Regular,Active,05-07-2023,,5566267.22,5175741.38
18429254740,630179003095,SBIN021954,Current,Regular,Active,09-07-2024,,1902474.91,13530934.93
795509948753,434360418798,IOBA070116,Current,Corporate,Active,20-02-2022,,13473341.01,13146194.19
182614589145,505782310412,ICIC096056,Savings,Premium,Active,21-02-2023,,2192190.63,2536671.03
612782330695,505782310412,ICIC096056,Salary,Regular,Active,06-03-2024,,1384201.83,1667956.37
96542519888676,602809433983,HDFC076130,Salary,Basic,Active,04-09-2024,,406436.28,2305178.86
8714663552140003,251326456656,PUNB081833,NRO,Regular,Active,14-05-2022,,877991.53,2181998.86
8725711621739547,251326456656,PUNB081833,NRE,Premium,Active,11-12-2023,,1165593.09,1950979.39
64257935025527,217214687075,HDFC075983,Savings,BSBD,Active,13-08-2023,,451145.76,2180271.71
547125816860,440185792413,CNRB073414,Recurring Deposit,Regular,Active,10-06-2021,,2066485.32,2332655.7
676955481120,440185792413,CNRB073414,Fixed Deposit,Basic,Active,05-10-2022,,1468188.3,1103709.37
516623234129,887088415042,ICIC088254,Salary,Basic,Active,12-01-2024,,3863806.25,4544898.27
955566967376,887088415042,ICIC088254,Current,Regular,Active,17-02-2024,,1476557.49,2047829.97
111088888350,938022738940,IOBA042483,Current,Basic,Active,21-02-2016,,7353849.5,9248099.27
94592384042,456781873508,SBIN012027,Savings,Regular,Active,30-03-2024,,6065808.33,6851977.59
84879198374,456781873508,SBIN012027,Fixed Deposit,BSBD,Active,25-12-2024,,181432.31,2947886.03
885192260310,417729122157,ICIC089258,Salary,Basic,Active,01-08-2024,,4918574.54,4878658.93
30748510326232,104927052621,HDFC048925,Fixed Deposit,Regular,Active,16-06-2023,,5451386.95,11427720.11
9233083787801,491752972332,UTIB097055,Savings,Basic,Active,14-03-2022,,5790698.05,5695583.1
9237044188898,491752972332,UTIB097055,Savings,Premium,Active,11-11-2016,,8014796.24,9396907.12
6736254841438506,521617372679,PUNB035461,Recurring Deposit,Regular,Active,17-12-2021,,12523472.03,11390721.42
40141977488,898705532401,SBIN045798,Current,Basic,Active,15-03-2022,,1142172.65,1210725.02
46529516077,898705532401,SBIN045798,Savings,Regular,Active,30-07-2024,,320927.94,2037999.1
9135835395816,188105884132,UTIB033028,Savings,Regular,Active,27-07-2017,,1890037.68,2418974.16
9192963405992,188105884132,UTIB033028,Savings,Basic,Active,27-06-2022,,145778.23,3223222.96
9150150987454,571604192831,UTIB037524,Fixed Deposit,Corporate,Active,27-11-2024,,11616409.11,16219943.99
398952686133,442985591635,IOBA032757,Salary,Basic,Active,11-03-2024,,279516.58,10350208.28
9029336129647,442985591635,IOBA032757,Current,Premium,Active,03-08-2024,,4155057.59,5172177.36
79770633907,134673205902,SBIN039875,Savings,BSBD,Active,05-02-2018,,381462.02,4447487.38
72328050292,134673205902,SBIN039875,Savings,Regular,Active,09-04-2024,,582627.64,7382669.09
92268383711,184176283586,SBIN036270,Current,Basic,Active,18-03-2024,,10987016.37,10767037.48
604844098124,420905479479,BARB085150,Current,Corporate,Active,08-06-2015,,5806179.71,9237787.85
31529092625,420905479479,BARB085150,Current,Regular,Active,30-01-2022,,744461.11,4154822.06
9382775875458960,222437245868,PUNB093252,Recurring Deposit,Regular,Active,30-03-2022,,398120.36,11238783.56
9543241389835666,222437245868,PUNB093252,Savings,Basic,Dormant,23-01-2024,28-03-2024,21535.46,0.0
9277775340760,462918625800,UTIB050311,Fixed Deposit,Regular,Active,29-07-2024,,10306732.41,19562014.25
125181653500,465164426905,IOBA075110,Fixed Deposit,Premium,Active,07-11-2024,,11936597.82,11955685.35
88455498645833,465164426905,IOBA075110,NRO,Premium,Active,25-03-2024,,5963418.91,6757044.49
9179989146050,385126383999,UTIB044678,Current,Corporate,Active,13-12-2015,,6771146.8,12069502.09
920754219148,794015537271,BKID089551,Fixed Deposit,Regular,Active,21-07-2023,,6892166.01,8730689.1
5693785162072,794015537271,BKID089551,Current,Regular,Active,08-10-2020,,602950.84,19657159.62
66346112319319,453512066130,BARB016512,Current,Regular,Active,15-02-2022,,502315.06,186495.18
1952185465703,453512066130,BARB016512,Recurring Deposit,BSBD,Active,27-01-2021,,1487221.65,4547167.1
1264762147708,966064271303,KKBK052671,NRE,Regular,Active,26-05-2024,,538312.71,8631778.73
7386509865721,966064271303,KKBK052671,NRO,Premium,Active,01-09-2023,,442437.03,967252.51
941262374244,765696734966,ICIC083283,Recurring Deposit,Regular,Active,05-09-2020,,229645.36,3129454.15
2833959177029,117072050420,KKBK033787,Current,Regular,Active,30-07-2018,,7378119.52,8374500.61
92238216276246,117072050420,KKBK033787,Fixed Deposit,Corporate,Active,14-01-2015,,13746.26,6721330.06
489799541712,714076075454,ICIC039725,Salary,Premium,Active,21-11-2021,,9649591.45,9320822.6
9142592155579,201303346007,UTIB014928,Salary,BSBD,Active,23-05-2019,,816973.38,11710520.3
9295394159715,201303346007,UTIB014928,Savings,BSBD,Active,11-01-2021,,131757.11,5171672.77
448191982271,852481401157,ICIC058753,Current,Corporate,Active,15-04-2016,,16908948.53,2803039.92
2489465619441340,345040271790,PUNB010644,Savings,Regular,Active,16-09-2024,,9380320.87,9567418.99
4258023129711983,345040271790,PUNB010644,Savings,BSBD,Active,03-03-2024,,314821.38,949056.0
321235834307,681295154814,BARB056641,Salary,Regular,Active,11-12-2024,,585268.2,1331813.36
95731915477,501982995824,SBIN032572,Savings,Premium,Frozen,08-12-2020,,0.0,0.0
2459058652958497,387829976987,PUNB095251,Salary,Basic,Active,27-10-2023,,198005.64,307656.9
5733024353688597,387829976987,PUNB095251,Recurring Deposit,Regular,Active,18-07-2019,,6652686.6,6689872.43
9123865279190,282213550460,UTIB057677,Savings,Regular,Active,30-06-2024,,1362635.73,11147770.55
9299131472594,282213550460,UTIB057677,NRO,Regular,Dormant,15-08-2016,26-12-2017,0.0,2791.27
28074489251,617535259187,SBIN028244,Savings,Basic,Active,03-09-2016,,1928007.01,3553437.52
75196951602,617535259187,SBIN028244,Salary,Regular,Active,27-03-2021,,7447353.6,6663318.61
93005272756471,540705013004,KKBK056916,Savings,BSBD,Active,30-11-2019,,466536.24,7004061.49
447617089543,362790192598,ICIC044195,Salary,BSBD,Active,18-01-2019,,1495785.19,4241706.48
986879815771,362790192598,ICIC044195,Current,Premium,Frozen,29-11-2022,,0.0,0.0
18389233800,819668048919,KKBK047640,Savings,BSBD,Active,19-09-2019,,337882.37,673591.84
60813853661259,837532642411,HDFC099051,Savings,BSBD,Active,31-07-2022,,4279414.83,4812168.5
80547574625823,837532642411,HDFC099051,Recurring Deposit,Regular,Active,17-10-2024,,270752.21,6595415.85
41196908974,353704453105,SBIN098481,Savings,Premium,Active,25-09-2022,,550135.06,6027709.99
47798640656,353704453105,SBIN098481,Savings,Regular,Active,03-05-2024,,1542837.93,7943237.08
606183488054,731275365086,BARB071814,Salary,Basic,Active,05-09-2019,,3416622.83,11555515.0
30766323118295,542919783488,HDFC034335,Current,Premium,Active,24-07-2023,,6072122.28,6848344.23
33068586105837,542919783488,HDFC034335,Savings,Premium,Active,17-05-2024,,5161977.2,5521903.75
18727242310460,820769086417,HDFC093141,Recurring Deposit,Regular,Active,22-03-2023,,6722025.45,6045114.7
20292873688406,820769086417,HDFC093141,Current,Premium,Active,09-11-2021,,632353.42,7091451.08
75358311312262,916802731270,HDFC097708,Salary,BSBD,Active,26-07-2022,,725552.63,4424288.81
9227577415469,405159720697,UTIB037270,Current,Basic,Active,10-01-2021,,8295859.2,7958018.05
3100268263597,695199196069,BKID074719,Recurring Deposit,Premium,Active,25-07-2022,,358283.15,6924316.87
196098876859,695199196069,BKID074719,Savings,Regular,Active,05-02-2024,,936815.72,1663281.37
1677195367912,156987964254,BARB052972,NRO,Premium,Active,03-01-2021,,2311297.0,2155710.29
7216895131958583,178822244040,PUNB028143,Savings,Regular,Active,17-12-2023,,556550.26,3443065.12
257539982898,580727512308,BARB082740,Recurring Deposit,Premium,Active,15-04-2024,,6310612.94,7276632.42
64472044730265,812073670130,BKID072770,Savings,Basic,Active,29-10-2022,,1012508.03,9151110.33
52850616754,934211186595,BKID093315,Salary,Basic,Active,14-01-2023,,6412082.61,16283328.64
2246142104518595,776306574654,PUNB051781,Fixed Deposit,Premium,Active,30-09-2017,,1560903.02,2150007.49
7328227918370156,776306574654,PUNB051781,NRE,Regular,Active,30-08-2019,,425298.58,742939.78
397004486139,496984713566,ICIC073120,Current,Regular,Active,01-04-2018,,7188211.18,20429400.97
9298956295701,107785059144,UTIB020614,Fixed Deposit,BSBD,Active,27-02-2021,,4522260.52,4550728.38
9176303957795,107785059144,UTIB020614,Fixed Deposit,Premium,Active,05-05-2021,,5229591.82,5316119.04
6623843133488,631552446335,KKBK032501,Salary,Basic,Active,20-01-2024,,1596473.09,2898522.83
60400337386761,317765944699,HDFC023039,Savings,BSBD,Active,21-06-2023,,1266497.27,2900895.03
97628482579534,317765944699,HDFC023039,Savings,BSBD,Active,09-07-2019,,7355548.16,8272867.58
802325778970,357308381950,ICIC053300,Current,Premium,Dormant,01-08-2024,06-01-2025,4537.41,0.0
74859736943017,117622730155,KKBK032618,Savings,BSBD,Active,08-01-2021,,1650683.59,3266789.25
184532157344,882026065842,ICIC019891,Savings,Premium,Active,28-08-2017,,316599.67,531453.13
648439757877,882026065842,ICIC019891,Salary,Regular,Active,26-04-2018,,530952.95,12721184.27
9130433982517,608065958926,UTIB059014,Savings,Premium,Active,21-06-2023,,9151264.49,9038167.29
17190619715,595291608392,SBIN055946,Salary,Regular,Closed,01-10-2021,,0.0,0.0
91739902952,595291608392,SBIN055946,Current,BSBD,Active,20-01-2023,,246134.25,537605.53
41554745830599,203670483244,CNRB029163,Savings,Premium,Active,11-12-2024,,2232263.92,2768093.6
8798009678345,203670483244,CNRB029163,Savings,BSBD,Active,08-01-2024,,1923776.5,2332007.35
5443170961692,407472240254,BARB010901,Salary,Premium,Active,05-07-2021,,934294.5,19632546.54
724086301425,407472240254,BARB010901,Recurring Deposit,Basic,Active,05-08-2021,,1406363.94,3014697.79
42137816660563,932094342396,HDFC017832,Fixed Deposit,Regular,Active,20-08-2024,,446141.41,1049766.53
52906720587946,932094342396,HDFC017832,Savings,Regular,Active,23-02-2024,,2247832.76,1631964.04
88352320341,190578187547,IOBA016134,Salary,Regular,Active,21-07-2024,,570915.05,7593565.71
9215734116549,638175512005,UTIB062441,Recurring Deposit,Premium,Active,27-06-2022,,645538.05,1483969.35
885584025897,811782536281,CNRB063731,Salary,Premium,Active,06-11-2019,,793026.8,14952418.29
926364699495,811782536281,CNRB063731,Salary,Premium,Active,25-01-2023,,178709.08,8392858.57
35168825642,435183378063,IOBA083117,NRO,Regular,Active,22-10-2024,,3479795.96,3601197.0
93991588848928,700154693297,BKID049074,Fixed Deposit,Regular,Active,06-06-2024,,747492.52,8766483.23
635654681319,700154693297,BKID049074,Fixed Deposit,Regular,Active,13-05-2023,,10373044.3,10824339.59
249312162575,695751745119,IOBA034724,Fixed Deposit,Corporate,Active,20-04-2024,,2670119.98,24421595.4
20454559325,695751745119,IOBA034724,Fixed Deposit,Corporate,Active,05-02-2024,,4009231.05,11714007.85
65727067884314,762449330730,IOBA032806,Recurring Deposit,Basic,Active,16-10-2018,,686150.52,731456.26
623153896954,809535144120,BARB093541,Current,Regular,Active,14-06-2018,,265941.78,1988031.53
60770870674,271830619966,SBIN075502,Savings,Basic,Active,14-04-2022,,5065724.79,2089127.09
42221259318,271830619966,SBIN075502,Savings,BSBD,Active,14-10-2018,,3657376.22,7421340.0
9185622229115,519386458199,UTIB094029,Fixed Deposit,Premium,Active,12-07-2015,,823549.9,2620590.83
9144292831337,519386458199,UTIB094029,Recurring Deposit,Basic,Active,28-12-2022,,411490.37,1601454.29
71611046788298,395738478277,HDFC051452,Fixed Deposit,Corporate,Dormant,07-06-2021,10-01-2023,0.0,41151.84
79280785384695,395738478277,HDFC051452,Current,Corporate,Active,26-07-2017,,19636941.86,6063310.42
31183924044,202965994275,SBIN082172,Savings,Premium,Active,21-07-2024,,2430726.57,2055611.26
7597712152820473,425957724466,PUNB096219,Current,BSBD,Active,26-12-2018,,9541434.94,294446.16
9133053044107599,541511182733,PUNB096478,Current,Basic,Active,27-08-2022,,3833760.96,4460228.81
8275946677240,436545066867,BKID037154,Fixed Deposit,BSBD,Active,05-06-2023,,6038435.79,6119268.58
819826783799,436545066867,BKID037154,Current,Regular,Active,08-08-2022,,2070988.05,1148527.86
804202223958,708648090531,ICIC023090,Fixed Deposit,Premium,Active,28-04-2023,,3589414.38,3411380.06
801069737959,708648090531,ICIC023090,Savings,Premium,Active,01-05-2022,,522717.93,684754.11
17067680769294,478210180992,IOBA052582,Salary,Regular,Active,10-04-2024,,2094891.46,6962922.2
644627743993,478210180992,IOBA052582,Current,Premium,Active,09-07-2024,,256665.33,2236026.78
196495175500,243564349974,BKID065654,Savings,BSBD,Active,21-12-2019,,4407523.64,5382331.04
175537483311,441442768643,ICIC013318,Current,Regular,Active,12-09-2023,,1957495.19,8482618.82
76035065984,911975570760,SBIN014899,Current,BSBD,Active,20-08-2019,,1211349.18,831365.6
78221770532870,685039427506,HDFC061961,Current,Regular,Active,11-06-2024,,367753.42,7535091.1
32435965632831,242374510962,BARB092593,Savings,BSBD,Active,01-11-2022,,2877842.41,1140474.49
3785175867469469,429062133309,PUNB081894,Current,Regular,Active,07-04-2019,,2918312.09,23278583.89
59900556839643,733622885977,KKBK015536,Recurring Deposit,Premium,Active,04-04-2020,,3105560.59,3208108.95
39467395357,733622885977,KKBK015536,Savings,Basic,Active,30-08-2022,,467125.23,1085722.1
96304625679655,106803996076,HDFC095805,Savings,Regular,Active,01-10-2021,,1096170.09,1303789.76
94105668052,885289285330,KKBK069558,Salary,BSBD,Active,21-04-2024,,2631232.31,3258531.35
1479252559250,845208807417,IOBA069822,Fixed Deposit,Regular,Active,15-11-2024,,10767800.72,10540371.81
6804559189602,845208807417,IOBA069822,Current,Corporate,Active,20-10-2024,,2703187.14,6640630.52
69203735317,376209483836,CNRB021920,Savings,BSBD,Active,25-05-2020,,740296.74,2315219.08
530200604115,376209483836,CNRB021920,Savings,Basic,Active,08-11-2018,,454974.53,5587315.28
2628160644757780,901524915767,PUNB018471,Savings,Regular,Active,27-02-2020,,3421143.22,4024298.98
9619108216407,513768435828,KKBK092593,Fixed Deposit,Regular,Dormant,09-03-2021,06-02-2025,0.0,38003.49
85584416540527,513768435828,KKBK092593,Savings,Regular,Active,13-02-2020,,4924501.13,4785119.16
862457166620,800868037134,IOBA078626,Savings,Premium,Active,24-11-2020,,5508718.41,5568003.01
57630493852,214994015246,SBIN050339,Current,Basic,Active,13-02-2023,,910110.34,1069702.28
68458306215,214994015246,SBIN050339,Fixed Deposit,Basic,Active,25-09-2022,,753513.81,11122362.69
7479260568965435,888106355132,PUNB018219,Current,Premium,Active,27-10-2024,,827502.55,1704269.48
2243300407964881,888106355132,PUNB018219,Fixed Deposit,Premium,Active,18-01-2023,,672608.96,1202351.79
553759329010,496566555938,ICIC089653,Salary,Basic,Closed,03-11-2019,,0.0,0.0
221894906010,600992604307,ICIC076835,Salary,Basic,Active,06-06-2024,,1114292.01,6380583.35
260078584327,600992604307,ICIC076835,Savings,BSBD,Active,31-03-2023,,1635560.95,16538230.05
5362433185095251,174334278550,PUNB091293,Fixed Deposit,BSBD,Active,11-07-2023,,1419692.39,1847749.28
67610129321,399507395082,SBIN085042,Salary,Basic,Active,15-03-2023,,1060367.84,3704482.1
75627758379,399507395082,SBIN085042,Savings,Basic,Closed,15-01-2023,,0.0,0.0
59297541407,823019570258,SBIN066714,Current,Basic,Active,04-01-2021,,545515.79,1188298.65
1341763464244788,799049751353,PUNB093743,Current,Corporate,Active,27-08-2023,,4196902.83,7185721.73
4040213908702,770921168566,BARB027603,Current,BSBD,Active,19-11-2024,,490350.17,15771427.77
873180077336,770921168566,BARB027603,Salary,Premium,Active,30-01-2023,,4761136.09,5310376.37
8149483703204244,569807077531,PUNB045878,Fixed Deposit,Regular,Active,10-08-2023,,5528176.64,5796710.51
18451416932,993421571704,BARB073910,Salary,Premium,Active,23-11-2016,,828098.38,8844898.22
4080977554121,993421571704,BARB073910,Current,BSBD,Active,25-01-2023,,8823828.42,9170662.53
28961333712,412024771908,SBIN052890,Savings,Basic,Dormant,22-09-2024,24-11-2024,1414.01,40170.83
91539575428,148963462959,SBIN085303,Current,Premium,Active,07-02-2022,,3530110.0,7847334.02
92321185262,148963462959,SBIN085303,Savings,Regular,Active,30-10-2018,,1264929.86,2642805.65
90068826490,280284708614,CNRB083391,Savings,Regular,Active,02-11-2018,,327406.77,1911503.83
61376338961377,373113140855,HDFC079383,Savings,Premium,Active,02-12-2024,,1946697.94,11826084.74
17290901971166,434962914243,HDFC041216,NRO,Regular,Active,09-09-2017,,1945208.84,6008350.43
23358405196,262061698878,SBIN052256,Current,Premium,Active,13-09-2021,,10842387.68,10469257.82
33452132220,262061698878,SBIN052256,Salary,BSBD,Active,24-05-2021,,1391470.43,2039344.15
5899345747311,304649796696,CNRB013214,Current,Regular,Frozen,05-11-2024,,0.0,0.0
856498493105,203360554492,ICIC091159,Recurring Deposit,Regular,Active,10-01-2024,,5238747.5,5541070.05
905550808190,203360554492,ICIC091159,Fixed Deposit,BSBD,Active,06-06-2023,,818626.75,1255199.85
811207624997,267143696280,ICIC090784,Savings,Premium,Active,13-02-2022,,129617.24,6960907.21
996677203631,365418866864,BKID057712,Salary,Premium,Active,12-05-2019,,766793.82,6115795.99
63452843318,365418866864,BKID057712,Savings,Regular,Active,20-06-2021,,1599414.49,10610791.66
6291789448837,954461523315,KKBK076792,Current,Regular,Active,01-09-2020,,583971.28,904140.05
211578174561,212516585101,ICIC080769,Salary,Regular,Active,30-07-2024,,402983.1,11043318.43
806850566830,212516585101,ICIC080769,Savings,Basic,Active,28-09-2024,,1177476.62,14169312.31
1455987593220,552116298789,IOBA055212,Current,Basic,Active,06-07-2024,,7150140.15,9917946.23
421902851556,136300231961,ICIC042605,Salary,BSBD,Active,01-10-2023,,348796.11,263379.35
767621033054,136300231961,ICIC042605,Salary,Regular,Active,17-09-2020,,4253289.13,6227714.49
12059872518,452895759668,SBIN029096,Savings,Regular,Active,24-03-2022,,1415820.24,7579021.34
4371325261005,267058018426,IOBA022615,Savings,Basic,Active,08-03-2022,,5255482.22,5785668.9
980692496150,824935284288,KKBK089121,Savings,BSBD,Active,15-01-2023,,3416216.55,3536229.38
20412154032,824935284288,KKBK089121,Salary,Basic,Dormant,27-05-2023,03-12-2024,0.0,5282.94
963786805219,400545811344,ICIC081967,Fixed Deposit,Corporate,Active,29-09-2020,,3542034.72,14942425.31
26921085310,179975102975,SBIN048788,Savings,Basic,Active,15-09-2019,,8441260.02,8326517.13
76301255055,179975102975,SBIN048788,Savings,Premium,Active,17-03-2022,,1202344.61,1253182.95
903005654262,160289555548,BARB056397,Savings,Basic,Active,23-09-2019,,7665368.26,8500119.08
74939034398877,160289555548,BARB056397,Salary,Regular,Active,07-07-2018,,1256002.57,11193188.03
9173201831075,325757591531,UTIB028080,Recurring Deposit,Basic,Active,02-12-2019,,1642215.7,2845477.25
91647165661,973380316042,SBIN017710,Current,Regular,Active,08-02-2017,,1616061.39,1744096.34
80927688587,973380316042,SBIN017710,Fixed Deposit,Basic,Frozen,01-08-2024,,0.0,0.0
304786772992,132915018273,BARB022241,Savings,Basic,Active,07-05-2020,,9070860.42,9325325.83
451331472696,922204308971,ICIC041759,Savings,Regular,Active,18-08-2020,,1034714.68,5485173.32
876982666541,922204308971,ICIC041759,Salary,Premium,Active,21-08-2018,,2165738.85,12889358.1
2702625519146,753005725062,BKID068741,Current,Regular,Active,27-05-2022,,737755.15,8369039.39
81703545569,908473478707,SBIN023319,Recurring Deposit,BSBD,Active,09-03-2021,,675390.99,11171702.11
43493141808338,321011773363,BKID094372,Salary,Premium,Active,16-06-2021,,529017.66,4809821.05
29615878340,321011773363,BKID094372,Salary,Regular,Active,17-11-2018,,3212621.19,3049611.33
36431007420,533498867339,KKBK059343,Savings,Regular,Active,21-02-2023,,1765437.67,1913750.3
96045833616,620261008665,SBIN098339,Salary,BSBD,Active,23-07-2024,,1364254.71,696516.2
58012859041,620261008665,SBIN098339,Fixed Deposit,Regular,Active,05-12-2021,,222923.78,1486115.65
25994329130,485530609649,KKBK014760,Fixed Deposit,Corporate,Active,13-10-2019,,9406832.05,16611287.15
9196317619496,237483419974,UTIB064160,Savings,Regular,Active,12-08-2022,,490555.06,890201.18
9173850824285,237483419974,UTIB064160,Salary,Basic,Active,07-01-2022,,828535.12,2944851.99
92130673563,849584825427,SBIN068108,Recurring Deposit,Premium,Active,11-10-2022,,455968.26,1415619.93
24764346417,849584825427,SBIN068108,Savings,Regular,Active,12-06-2020,,3996430.98,4130358.16
30253469807686,682711375634,BKID057056,Savings,Regular,Active,02-11-2022,,722273.55,1221343.61
98036712842,682711375634,BKID057056,Savings,BSBD,Active,12-12-2021,,3793323.55,4482466.99
3183676792849,627551216905,IOBA046443,Fixed Deposit,Regular,Active,10-10-2018,,7369584.52,7816505.39
13583170243,627551216905,IOBA046443,NRO,Premium,Active,13-09-2020,,1679986.09,9954065.16
32846748314257,674820542023,HDFC057497,NRE,Regular,Active,04-11-2024,,3162537.1,3308974.4
21220419057422,806246441484,IOBA080781,Current,BSBD,Dormant,01-12-2023,17-02-2024,180243.71,162110.72
8573116216068,643643555171,KKBK072754,Savings,Premium,Active,15-11-2023,,11727390.08,8805970.93
72147199395679,764948331536,CNRB043719,Savings,Regular,Active,05-06-2023,,3938297.15,4013437.46
9294242158610,114724472723,UTIB016680,Salary,BSBD,Active,26-02-2018,,2424937.96,5213573.51
9174807226718,114724472723,UTIB016680,Fixed Deposit,Basic,Active,06-05-2018,,935891.09,6524507.05
7055792925594694,772093299402,PUNB096653,Savings,Regular,Active,18-12-2019,,1953751.49,2470041.1
68886869340,650559690079,KKBK064257,Savings,Basic,Active,18-12-2020,,1103829.96,7104224.36
7778325729477,650559690079,KKBK064257,Recurring Deposit,Premium,Active,16-12-2024,,15195868.53,2651348.84
9116139761892,603031344047,UTIB034456,Recurring Deposit,Regular,Active,26-10-2020,,1889586.54,3004917.86
9148134342767,603031344047,UTIB034456,Savings,Basic,Active,04-07-2021,,1305577.47,2695802.7
5199177763939,918433194044,IOBA043010,Recurring Deposit,Basic,Active,05-02-2023,,389838.22,4677401.72
553207126524,918433194044,IOBA043010,Savings,BSBD,Active,09-04-2024,,7363372.41,8270106.64
162397389235,471225851170,ICIC043178,Savings,Regular,Active,26-11-2024,,697326.23,1760292.78
253803893654,471225851170,ICIC043178,Savings,Premium,Active,05-01-2020,,233264.41,9698415.05
864050574643,924454162642,BARB099755,Savings,Premium,Active,02-11-2019,,699203.19,672951.67
6728573511184,924454162642,BARB099755,Recurring Deposit,Premium,Active,21-07-2019,,627723.72,9278733.25
47621786501,575555165757,SBIN094372,Salary,BSBD,Active,21-10-2024,,5597094.8,5662080.31
3439131403802,590118307856,BARB016048,Current,Regular,Active,01-03-2024,,1370206.77,3753320.53
4793623049071,590118307856,BARB016048,Current,Basic,Active,10-01-2021,,654064.96,7380998.43
75084188688,990983731421,BKID010540,Savings,Basic,Active,31-12-2023,,1950261.78,1854908.17
77303889172247,990983731421,BKID010540,Current,Regular,Active,05-01-2023,,532187.17,7815816.14
88533217682,107746112372,BKID039394,Current,Premium,Active,29-10-2024,,1544137.44,15187251.63
26258923287909,107746112372,BKID039394,Recurring Deposit,BSBD,Active,16-10-2018,,677406.87,1165047.65
322655725007,141862639055,CNRB025755,Savings,Regular,Active,22-01-2022,,328993.3,1040986.87
9488800215034,141862639055,CNRB025755,Current,Premium,Active,06-07-2023,,1115670.37,10340372.77
473989332946,575087953051,ICIC036509,Savings,Basic,Active,16-04-2020,,6289229.97,9156664.44
986861945261,575087953051,ICIC036509,Fixed Deposit,Premium,Active,23-10-2019,,3932073.72,6289049.86
7997812499344,123066577543,IOBA034221,Current,BSBD,Active,19-11-2019,,1187633.6,1672250.25
514963283777,144514900260,ICIC082987,Current,Basic,Active,21-08-2024,,4780536.23,4663758.35
988456686286,144514900260,ICIC082987,Savings,BSBD,Active,08-09-2024,,1171969.02,5819425.57
30727669555525,762826776862,HDFC091405,Savings,Regular,Active,04-11-2022,,2350227.86,2520465.08
46208036256,409019791198,SBIN086609,Savings,Regular,Active,24-08-2022,,1617200.14,10655309.79
69634129495,409019791198,SBIN086609,Salary,Basic,Active,05-03-2024,,841626.65,962054.21
39039794227412,944957468243,CNRB035995,Current,Corporate,Active,26-09-2022,,7347898.16,8150030.69
14756433023382,944957468243,CNRB035995,Fixed Deposit,Regular,Active,13-08-2016,,746278.66,13209765.84
9447256126550844,838544719154,PUNB011669,Current,Corporate,Active,25-08-2018,,830683.46,5247978.8
743483162917,267763341531,KKBK072485,Fixed Deposit,BSBD,Active,27-01-2024,,236394.15,15305965.94
8956394310184,397984987110,IOBA032499,Recurring Deposit,Premium,Active,13-03-2024,,518605.3,13802500.14
74453879782,346956605066,IOBA069297,Savings,Premium,Active,26-07-2024,,1046089.95,13944089.5
230461540365,346956605066,IOBA069297,Salary,BSBD,Active,23-02-2024,,5001113.69,6194960.09
2716655517177488,624505803717,PUNB039950,Recurring Deposit,Premium,Active,03-07-2024,,6300339.89,5584426.85
8001835215143571,624505803717,PUNB039950,Recurring Deposit,Basic,Active,15-10-2024,,8134963.33,8653949.53
149110913750,815506949850,ICIC094571,Savings,Basic,Active,16-02-2020,,1385497.67,7303427.39
891280611733,815506949850,ICIC094571,Savings,Premium,Active,29-07-2024,,925355.23,1058917.03
128829944009,534903057255,ICIC084765,Recurring Deposit,BSBD,Active,23-03-2023,,502695.05,5238140.41
975165616892,534903057255,ICIC084765,Savings,Basic,Active,22-02-2021,,123746.9,5748380.2
1393242906834,199073327934,BKID060288,NRE,Premium,Active,03-10-2020,,202321.49,8307579.58
52670533753,273712877652,KKBK059932,Salary,Basic,Active,09-04-2024,,10664164.58,8778062.12
2320682303759,273712877652,KKBK059932,Savings,Premium,Active,29-04-2018,,8579568.88,16190648.76
58163938383,713444613461,BKID085985,Savings,BSBD,Active,06-11-2024,,4650429.38,5129756.85
7468662825801345,587937055959,PUNB042829,Recurring Deposit,Basic,Active,04-07-2024,,909617.26,12537186.24
5088625418029035,587937055959,PUNB042829,Current,BSBD,Active,25-03-2023,,6194760.35,6558997.77
7205980913278719,942424676037,PUNB029578,Current,Regular,Active,25-08-2016,,9631830.56,12133166.08
39460491927768,192569900522,HDFC012414,Current,BSBD,Active,30-11-2018,,1659252.18,15892442.79
85983430305105,192569900522,HDFC012414,Salary,Basic,Active,10-12-2017,,950053.28,747038.32
9283739096166,156773462362,UTIB050414,Savings,Basic,Active,02-03-2024,,3068922.89,3169588.84
9117305947747,156773462362,UTIB050414,Current,Basic,Active,22-05-2024,,4558885.8,4458607.47
9121259277465,750422523388,UTIB033996,Current,Premium,Closed,01-09-2020,,0.0,0.0
9241020398484,750422523388,UTIB033996,Savings,Basic,Active,13-12-2022,,1085545.28,1289195.44
17618889115,792057138067,SBIN028856,Savings,Premium,Active,28-12-2021,,1936732.72,10407831.22
9197578441299,229627763453,UTIB059270,Current,Regular,Active,02-03-2016,,883388.62,12290882.18
9182710890812,229627763453,UTIB059270,Salary,Regular,Active,05-09-2021,,649376.29,794388.03
9183281624079,589720570203,UTIB092258,Salary,Premium,Active,10-02-2021,,583669.05,10003838.27
9167244460079,589720570203,UTIB092258,Current,Basic,Active,15-06-2022,,7480841.53,8136900.72
9160582113530,260486376133,UTIB026179,Recurring Deposit,Regular,Active,15-02-2022,,150285.86,956127.34
9262166213420,260486376133,UTIB026179,Current,Premium,Dormant,08-08-2023,01-09-2024,3301.21,273958.78
354439048596,253503021414,ICIC045879,Savings,Basic,Active,01-04-2022,,9355393.26,8561539.57
232489204188,253503021414,ICIC045879,Savings,Premium,Active,13-07-2022,,798448.53,10726907.36
3625013125446,959881702588,KKBK035268,Salary,Regular,Active,11-10-2023,,1553198.64,7705523.96
63589166784844,958779957614,CNRB088390,Current,Corporate,Active,26-11-2018,,326804.44,10365895.71
9180450792340,311858919641,UTIB011667,Fixed Deposit,Premium,Active,12-08-2023,,511112.57,9488177.52
9192792809813,311858919641,UTIB011667,Current,BSBD,Active,05-03-2024,,1817807.6,8817691.38
868747884619,225416524965,KKBK011075,Savings,Premium,Active,27-09-2024,,1424684.55,2508334.05
431295337720,467426004476,ICIC061366,Current,BSBD,Closed,30-10-2024,,0.0,0.0
382839375162,467426004476,ICIC061366,Current,Basic,Active,05-09-2024,,109627.21,913677.51
2192997327191,885907072427,BARB046954,Savings,Basic,Active,22-02-2024,,12054249.85,11379521.59
56968369464,885907072427,BARB046954,Recurring Deposit,Basic,Closed,12-08-2024,,0.0,0.0
435213629301,421791537283,CNRB085175,Savings,Premium,Active,05-06-2024,,357948.04,7311807.82
9130015167394,347706346532,UTIB050766,Savings,Basic,Closed,07-03-2023,,0.0,0.0
9183954726119,347706346532,UTIB050766,Salary,Regular,Active,10-11-2016,,1751723.32,2668983.16
421321488727,678164537146,ICIC052988,Savings,Basic,Active,12-01-2023,,5907152.13,5615905.81
373343660620,678164537146,ICIC052988,Salary,Basic,Active,12-06-2024,,1248208.36,9490382.91
43289126907,500512408770,CNRB016358,Current,Corporate,Active,27-06-2023,,8030809.47,11587802.2
67876285679902,500512408770,CNRB016358,Fixed Deposit,Regular,Active,26-07-2024,,5734250.71,6357431.39
7326368379804,499832023460,KKBK085747,Current,Basic,Active,24-11-2024,,1125049.44,2268335.37
5079765815539,499832023460,KKBK085747,Savings,BSBD,Active,19-10-2024,,2060176.52,4025874.43
891232242926,847981837919,IOBA061005,Salary,Premium,Active,01-11-2023,,1110897.59,1803227.96
65155062125,847981837919,IOBA061005,Salary,Basic,Dormant,03-02-2024,05-03-2024,170556.12,0.0
356169372980,269074661823,IOBA046053,Fixed Deposit,Regular,Active,05-04-2016,,11349954.0,17515162.7
673120083683,747024881844,BKID033005,Recurring Deposit,Regular,Active,18-10-2021,,3077213.24,3573818.92
97057272342258,301184741796,BKID089146,Salary,Regular,Active,11-06-2020,,3518654.71,3143874.19
688910274228,629385231265,KKBK024194,Current,Premium,Active,17-03-2022,,5086221.08,4949874.56
4858594570628,335571668885,BKID018202,Fixed Deposit,Regular,Active,29-03-2019,,17971322.26,16820481.37
9280098862934,379853896968,UTIB043523,Salary,Basic,Active,01-10-2024,,662929.65,882350.3
33427634661563,862782576560,IOBA018234,Savings,Basic,Closed,04-09-2023,,0.0,0.0
58996880410545,607136110737,IOBA021252,Savings,Basic,Active,29-09-2022,,254542.84,1289877.45
63744045438,705023778042,SBIN010589,Savings,Regular,Active,07-12-2024,,7028541.09,6912538.22
646114393324,393181022724,BARB027374,Savings,BSBD,Active,09-07-2023,,3620850.73,4237041.2
5306716023330,393181022724,BARB027374,Current,BSBD,Active,07-09-2021,,1232529.59,14199591.83
9210011816607,723332464826,UTIB042691,Recurring Deposit,Premium,Active,25-06-2024,,1053332.94,11347588.94
55389295074,360823796483,SBIN027395,Savings,Regular,Active,20-02-2022,,2414829.0,2010222.08
676610665644,976093769824,BKID097140,Fixed Deposit,Regular,Active,30-08-2024,,2832124.01,3813598.09
32293477769538,498234558919,IOBA032396,Fixed Deposit,Basic,Active,17-12-2024,,181543.7,853874.51
62149465543565,302280597609,HDFC034810,Savings,Regular,Active,02-06-2024,,951371.93,2229357.52
57854367638211,302280597609,HDFC034810,Current,BSBD,Active,23-08-2023,,1374742.61,2514967.7
37862924468,362350467885,SBIN097233,Current,Regular,Active,25-09-2018,,4465860.53,9765545.76
52258810251,362350467885,SBIN097233,Current,Regular,Active,29-04-2017,,13990709.24,6027010.79
36131736719,117485588458,BKID058315,Current,Regular,Active,12-08-2023,,693065.07,8113599.23
50497890765,117485588458,BKID058315,Fixed Deposit,Premium,Active,14-06-2022,,2497770.24,2310031.85
9267865840742,585624144147,UTIB092376,Fixed Deposit,BSBD,Active,19-04-2024,,759361.16,1849921.85
3676392677354,934996216171,IOBA029550,Salary,Regular,Active,19-07-2023,,236511.87,1536915.89
3307462055339,934996216171,IOBA029550,Salary,BSBD,Active,18-05-2023,,758903.94,952165.69
274774519534,860417733829,CNRB030779,Recurring Deposit,Regular,Active,05-06-2023,,1756022.75,14796354.65
69838773583,860417733829,CNRB030779,Salary,Basic,Active,12-04-2020,,10228605.43,11614385.77
9663224890230,622800123559,BKID066172,Savings,BSBD,Active,26-02-2020,,1676202.12,1682617.76
3651202535912,622800123559,BKID066172,Salary,Regular,Active,15-06-2020,,711184.35,10467593.68
5798932082659281,640267214028,PUNB079540,Current,Corporate,Active,05-04-2023,,4476720.03,6294750.56
70507373195,292927289437,SBIN029116,Salary,Regular,Active,09-08-2020,,371676.75,15677161.09
4277433298724,391777061449,BARB051972,NRE,Premium,Active,24-09-2017,,5844537.35,5661256.1
70845643604986,391777061449,BARB051972,NRO,Premium,Active,23-02-2022,,1495749.26,1597485.12
54262991068,967136675989,BKID076033,Recurring Deposit,BSBD,Active,10-06-2022,,1691287.89,2936617.48
51915333552716,270008221446,HDFC043003,Current,Regular,Active,15-01-2018,,1641145.25,10873853.5
13861959547492,270008221446,HDFC043003,Savings,Regular,Active,10-01-2017,,941774.62,1442762.71
9216844217028,318857497746,UTIB059657,Savings,Premium,Active,21-12-2023,,1059845.14,1740728.87
9191037195803,494446460118,UTIB032775,Savings,Basic,Active,22-03-2022,,1718195.03,9410750.18
9158823771659,494446460118,UTIB032775,Savings,Basic,Frozen,26-08-2021,,0.0,0.0
4336324068619078,897873401421,PUNB079360,Fixed Deposit,BSBD,Active,15-04-2023,,5981267.59,6105283.24
4246503622421175,897873401421,PUNB079360,Fixed Deposit,Premium,Active,16-07-2024,,330104.07,1511469.44
869642148116,691014009024,BARB098989,Savings,BSBD,Active,07-09-2024,,199144.18,5637640.6
1709950702864,240915349816,IOBA070015,Fixed Deposit,Corporate,Active,29-11-2024,,9155207.54,9091895.11
9154417094208497,121874504986,PUNB034303,Current,Regular,Active,04-06-2022,,856176.34,1137498.7
4085275244291795,121874504986,PUNB034303,Salary,Basic,Active,12-03-2024,,6160107.85,7013097.22
14681067421,188770028727,BARB038633,Savings,Basic,Frozen,11-03-2023,,0.0,0.0
32510589607972,188770028727,BARB038633,Salary,BSBD,Frozen,09-09-2020,,0.0,0.0
9201437510544,926638623123,UTIB084865,Savings,Regular,Dormant,13-12-2019,18-07-2024,4795.26,64060.02
44507754974,263198732925,BARB093494,Savings,Basic,Active,15-12-2024,,768017.2,7630661.99
580476147029,263198732925,BARB093494,Savings,BSBD,Active,25-03-2022,,9541803.43,10222229.72
704863840394,880241633004,KKBK052421,Savings,Regular,Active,12-05-2022,,578974.44,8361364.51
14261035089,145504684303,KKBK046338,Salary,Premium,Active,07-11-2023,,341974.87,5365186.77
9191438331096,243468115602,UTIB030374,Savings,Basic,Active,04-10-2019,,209969.88,2196149.45
65479275210,195287153746,IOBA013716,Salary,Premium,Active,21-09-2024,,1500316.16,7572078.68
93749780208,290975354989,IOBA092284,Current,Corporate,Active,22-12-2022,,8375808.82,14298303.12
496872784285,290975354989,IOBA092284,Current,Corporate,Active,23-06-2024,,3950722.86,22403674.11
75465517698,297150899649,SBIN070475,Fixed Deposit,Basic,Active,07-03-2024,,6735336.31,6826404.78
22620282915,297150899649,SBIN070475,Recurring Deposit,BSBD,Active,14-09-2022,,1008415.57,1702542.84
59404783624142,403093284238,BARB066726,Savings,Premium,Active,23-05-2018,,463542.51,6260772.37
506453595547,403093284238,BARB066726,Savings,Basic,Active,09-11-2019,,8040778.48,7666428.77
357064226262,368847990474,BKID029649,Fixed Deposit,Regular,Active,11-07-2021,,6212398.56,13963763.59
188169725787,755050766827,IOBA041669,Fixed Deposit,Premium,Active,19-06-2022,,511440.0,7471141.47
93566788371,210552841781,IOBA072069,Fixed Deposit,BSBD,Active,22-06-2024,,632610.64,999832.05
2410462308017615,777895818004,PUNB051732,Recurring Deposit,Premium,Active,30-04-2024,,1140928.11,2059907.7
1322799389435996,777895818004,PUNB051732,Savings,BSBD,Active,31-12-2021,,5612560.4,4565156.81
60083369722,205460228719,SBIN072621,Savings,Premium,Active,30-04-2024,,446234.58,6819398.7
50985963702,205460228719,SBIN072621,Current,Regular,Active,03-10-2024,,1176566.15,2786614.77
21136218970,345807479179,SBIN095837,NRO,Premium,Active,16-11-2022,,1362978.89,3572910.61
45047408991,943599221967,BKID030907,Savings,BSBD,Closed,12-08-2024,,0.0,0.0
80679504725,943599221967,BKID030907,Current,Regular,Active,06-04-2024,,4173294.76,4821127.28
9158315189211,766666991270,UTIB080676,Salary,Basic,Active,19-05-2023,,1110962.27,950048.12
9195402242888,766666991270,UTIB080676,Savings,BSBD,Active,29-06-2023,,664877.12,11764172.59
6410423336657518,478674374243,PUNB036286,Current,Regular,Active,07-02-2024,,498709.97,8442444.66
3068912600771823,478674374243,PUNB036286,Savings,Basic,Active,03-02-2020,,1109012.24,8969551.44
9143654046757,882578923493,UTIB041832,Salary,Regular,Active,24-01-2024,,5873793.17,6573402.21
9224194985523,882578923493,UTIB041832,Current,BSBD,Active,11-01-2021,,2430810.48,6239067.07
53465680723546,239908729477,HDFC088293,Savings,Regular,Active,06-05-2024,,5217058.72,5143214.77
15437270476,811171948111,BKID082175,Salary,Basic,Active,02-09-2019,,467208.84,4966417.1
282151020281,811171948111,BKID082175,Current,Regular,Active,27-09-2022,,2503862.01,2201519.65
36030061802,389126072411,BKID075083,Savings,Premium,Active,05-12-2020,,723971.9,777286.97
29104350850314,729562329438,HDFC089686,Savings,Basic,Dormant,03-02-2022,24-05-2024,221073.4,269138.11
61451260375950,729562329438,HDFC089686,Salary,BSBD,Active,17-08-2023,,6495703.11,7223435.58
9227791693102,939173472020,UTIB022456,Current,Premium,Active,01-12-2024,,320537.95,1427765.0
9179358159397,939173472020,UTIB022456,Savings,Premium,Active,12-07-2023,,9394106.51,8926479.54
299272845023,452871240290,CNRB094168,Savings,Regular,Active,13-02-2020,,8690879.1,6740749.28
6977956742720,452871240290,CNRB094168,Savings,Premium,Active,23-05-2022,,1159227.32,4927957.3
59789773866,313727907093,SBIN020680,Savings,Regular,Active,07-12-2023,,2055342.52,1925285.63
2050831134512262,663134209066,PUNB044675,Savings,Premium,Active,25-10-2021,,1103488.77,7701770.88
17408634865864,856322969244,BARB099167,Savings,BSBD,Active,18-04-2024,,1246255.21,1135479.26
9888433854411293,808795938818,PUNB048407,Savings,Regular,Active,30-05-2023,,3771836.52,4471676.48
60038737698,185707320232,BKID041249,Recurring Deposit,Regular,Active,20-12-2019,,573333.2,413497.77
44504992357,132224495882,CNRB094351,Savings,BSBD,Active,02-12-2020,,849995.27,1301671.89
1556625708092,187306900463,IOBA022849,Current,Basic,Active,27-10-2019,,7579889.69,8017383.22
4276374497701,187306900463,IOBA022849,Fixed Deposit,BSBD,Active,03-06-2020,,5126470.64,5387818.84
206630585730,760537443999,ICIC031524,Savings,Premium,Active,04-06-2019,,1572092.62,3123806.26
99898180026,780032351343,BKID070344,Salary,BSBD,Active,29-12-2024,,7023451.4,6433504.14
65698880016,268272522304,SBIN075799,Salary,BSBD,Active,21-12-2024,,1247888.79,14105941.76
79543158238,875112476330,BARB017819,Savings,Basic,Active,01-04-2016,,11680886.33,6746439.34
4694629546818,875112476330,BARB017819,Salary,Regular,Active,26-10-2016,,4784517.69,5271316.85
115832833351,361423006449,ICIC028223,Fixed Deposit,BSBD,Dormant,24-06-2020,15-11-2020,0.0,0.0
27533913448,117753190354,SBIN042722,Salary,BSBD,Active,29-02-2024,,1385878.72,9311111.68
22405791364,117753190354,SBIN042722,Savings,BSBD,Dormant,29-10-2024,04-03-2025,7293.78,196138.87
255507087413,668918586626,BARB081185,Savings,Premium,Active,15-09-2021,,188842.77,553872.71
9592358434792,294485749539,CNRB054899,Fixed Deposit,BSBD,Active,29-03-2019,,1585226.89,7067371.35
23331891297,294485749539,CNRB054899,Current,Premium,Active,19-10-2020,,1429064.17,8894461.37
74566590674463,808216983378,BARB039370,Salary,Basic,Active,22-12-2019,,1817073.05,2993531.06
46355230987,937431538895,SBIN033813,Salary,Regular,Active,22-02-2022,,945674.51,2346756.47
55063972191,937431538895,SBIN033813,Recurring Deposit,Basic,Active,29-12-2021,,2312102.05,1885041.13
570044123586,951138270101,ICIC049493,Fixed Deposit,Regular,Active,29-03-2021,,6280307.07,9398713.15
567501318387,169031497621,BARB049822,Savings,Basic,Active,20-06-2023,,603375.1,11881401.21
174773036753,169031497621,BARB049822,Savings,BSBD,Active,30-11-2020,,459600.37,570569.34
75402889862,548036952096,IOBA036553,Recurring Deposit,Regular,Active,06-02-2021,,391522.08,807957.7
44536585313,548036952096,IOBA036553,Savings,Premium,Dormant,27-10-2021,03-06-2024,42145.77,0.0
527661771167,140897477970,ICIC024966,Recurring Deposit,Basic,Active,03-02-2020,,1151694.84,5172367.83
9244090387901,290023442174,UTIB066295,Savings,Regular,Dormant,16-04-2024,11-11-2024,38304.84,0.0
9214617007706,290023442174,UTIB066295,Current,BSBD,Active,31-08-2022,,4680225.15,5375363.62
45156688959710,880567194192,KKBK058038,Salary,Regular,Active,20-12-2023,,868078.65,14203761.7
4034080716695,880567194192,KKBK058038,Savings,Regular,Active,24-03-2024,,1469106.39,2776169.07
52339831543048,107319975093,HDFC048249,Current,Premium,Active,04-05-2024,,6654797.47,6982719.32
27485928167383,151448878274,CNRB091351,Salary,BSBD,Active,06-05-2023,,1335512.49,2816376.66
4812185603171,804315260451,BKID075786,Current,Regular,Closed,09-11-2021,,0.0,0.0
9976854298748,268939075854,KKBK068574,Fixed Deposit,Regular,Active,27-01-2022,,2175134.28,3228049.11
21283233935,653926076851,SBIN031946,Salary,BSBD,Active,19-08-2022,,2854781.62,2663922.66
13549112154969,369714584905,HDFC039878,Current,Regular,Active,10-06-2023,,795188.35,8476686.42
34719605012016,369714584905,HDFC039878,Savings,Regular,Active,28-08-2024,,1562723.52,4096528.72
97716829092560,882901054340,BKID059850,Fixed Deposit,Regular,Active,05-07-2020,,1770644.33,22569437.46
4206152190777,492158625784,BKID042591,Savings,BSBD,Active,30-08-2024,,1970287.78,2013781.05
9185166514271,261000344128,UTIB093019,Savings,Basic,Active,01-12-2015,,5398380.55,5892904.73
4051830912158,840646394589,IOBA058219,Salary,Premium,Active,24-10-2024,,342766.71,143282.46
30724861769441,496376193753,HDFC044092,Savings,Basic,Active,23-08-2023,,7593854.62,7168860.4
50543360485337,496376193753,HDFC044092,Fixed Deposit,Basic,Dormant,22-10-2022,28-01-2023,167093.51,4860.17
74969118287552,190470779773,HDFC061553,Savings,Basic,Active,19-07-2024,,8052816.87,6897111.28
16941658324902,190470779773,HDFC061553,Savings,Regular,Active,30-12-2020,,1004150.44,2226268.47
430501362219,276502639715,CNRB021725,Fixed Deposit,BSBD,Active,04-06-2024,,1303750.74,629175.03
18442810019,616211170453,SBIN040075,Salary,BSBD,Active,16-04-2024,,7098402.48,7054826.19
34409017258,616211170453,SBIN040075,Savings,BSBD,Active,11-08-2024,,6212186.79,6458445.17
99808083972704,478949723603,KKBK075978,Savings,Regular,Active,11-03-2020,,3487851.17,3306291.43
20259123012486,167109432352,CNRB081398,Salary,Regular,Active,27-05-2022,,1614430.01,7787370.8
652728652534,167109432352,CNRB081398,Savings,Basic,Active,17-07-2024,,250437.72,5653439.08
99665165536210,206828584880,HDFC025906,Salary,Regular,Active,08-03-2023,,526644.65,2207948.22
59672635287309,880070189310,BKID053638,Savings,BSBD,Frozen,16-09-2023,,0.0,0.0
5455150468963,880070189310,BKID053638,Fixed Deposit,Premium,Active,06-08-2023,,3722172.05,8237747.36
56774047259874,332069319358,HDFC022932,Savings,Regular,Active,31-10-2017,,1392017.37,16281951.66
70439857468872,332069319358,HDFC022932,Savings,Premium,Dormant,23-08-2021,11-07-2023,17153.63,4464.49
354294034075,523288853700,ICIC037961,Fixed Deposit,Basic,Active,22-12-2023,,679415.38,8965250.58
451916550068,523288853700,ICIC037961,Savings,Regular,Active,06-04-2024,,254805.49,1354241.9
1194807462797,192175020584,BKID033088,Savings,Regular,Active,11-06-2023,,1546217.58,13322266.08
4210863490116,226110838353,BARB031425,Current,Regular,Active,05-09-2020,,4999028.89,5606823.07
23595220652,302208207906,SBIN065544,Recurring Deposit,BSBD,Frozen,20-05-2019,,0.0,0.0
3402615524162312,295587286597,PUNB068866,Savings,Basic,Active,10-01-2022,,699532.21,3046116.74
9957946987966651,295587286597,PUNB068866,Current,Regular,Active,10-05-2020,,239187.26,3221770.01
218080212269,412436864556,ICIC045143,Current,Regular,Active,19-03-2023,,1511414.31,19308075.91
6679170272865524,965426608124,PUNB042904,NRO,Premium,Active,06-08-2023,,4951570.51,4674894.86
9815727014126252,965426608124,PUNB042904,Fixed Deposit,Premium,Active,26-11-2024,,1040898.75,2668892.09
50589606876257,157900885225,HDFC071939,Savings,BSBD,Active,10-06-2022,,1322492.84,3707216.4
35789154529,367228463517,BARB029009,Salary,Regular,Active,25-04-2023,,6886800.3,6738936.11
9251109927057,986793226493,UTIB025671,Fixed Deposit,Premium,Active,14-09-2023,,1206284.32,1929559.25
9211363048691,822619399484,UTIB056589,Savings,Basic,Active,15-07-2024,,9333950.69,11284284.1
442142235631,962027685636,ICIC059762,Salary,Premium,Active,29-08-2022,,489090.11,1526625.43
41535775049806,783726187437,HDFC057164,Current,Basic,Active,01-08-2022,,2027826.14,11240718.1
65954347745164,783726187437,HDFC057164,Savings,Premium,Dormant,10-07-2024,11-08-2024,0.0,0.0
690733021346,272218042635,CNRB081031,Salary,Regular,Active,15-05-2024,,3440901.88,3395494.23
94432967695,970228413735,KKBK056847,NRE,Regular,Active,19-03-2023,,2774131.84,2347521.13
70554201780,885361698539,SBIN092636,Current,Corporate,Active,21-02-2023,,10618018.23,18962321.5
85966042153,885361698539,SBIN092636,Fixed Deposit,Regular,Active,27-07-2023,,5873692.24,20154317.04
9038302179694263,747768836423,PUNB051513,Recurring Deposit,BSBD,Active,07-08-2024,,12613239.81,3029276.27
8995579799617100,747768836423,PUNB051513,Current,Basic,Frozen,14-07-2024,,0.0,0.0
55589419335,265513270911,SBIN016605,Savings,Regular,Active,10-09-2024,,507790.0,1733470.78
49244052118,265513270911,SBIN016605,Salary,Regular,Active,28-09-2024,,962692.34,10366005.19
414625623751,331983813014,ICIC083933,Recurring Deposit,Basic,Active,25-12-2021,,1071764.32,1088692.28
907923071394,331983813014,ICIC083933,Salary,Basic,Active,16-04-2016,,1113773.61,1620436.85
6571857481898733,444481169107,PUNB021835,Recurring Deposit,BSBD,Active,23-01-2022,,855980.21,13131857.97
19927677849055,430674951540,BARB047471,Savings,BSBD,Active,09-12-2024,,3498923.54,3595814.76
57676272876664,430674951540,BARB047471,Savings,BSBD,Active,05-09-2018,,6404258.56,6414328.74
935885796173,356032078178,ICIC060616,Savings,Premium,Active,09-08-2020,,1195958.66,654769.17
432384686892,356032078178,ICIC060616,Savings,Regular,Active,26-08-2020,,5425981.34,5827957.32
9211193108848,305971547236,UTIB087107,Savings,Regular,Active,04-03-2024,,658703.42,13510235.14
30364969956,688119359218,SBIN092068,Savings,BSBD,Active,18-09-2024,,1312727.57,1326362.96
33123543974,688119359218,SBIN092068,Savings,Premium,Frozen,04-11-2021,,0.0,0.0
72063995950033,369694836315,CNRB088568,Recurring Deposit,Premium,Active,03-01-2024,,518944.91,3090154.37
80453582655,115990857982,BARB044511,Salary,Regular,Active,28-07-2024,,77673.27,13443146.87
9226541169211,461826105818,UTIB068912,Salary,Premium,Active,29-06-2022,,5784432.08,5716792.22
9126249019679,461826105818,UTIB068912,Fixed Deposit,Regular,Active,17-12-2021,,4211024.18,4831230.35
101419866050,649138750312,KKBK088795,Salary,Premium,Active,20-04-2024,,730508.41,2075478.59
72073637444,430085750522,IOBA043378,Recurring Deposit,BSBD,Active,31-12-2017,,7303484.67,7350554.9
77678119082,430085750522,IOBA043378,Salary,Basic,Active,21-11-2017,,3222680.27,2378053.84
22777727691330,834992121292,HDFC078278,Savings,Basic,Active,03-11-2022,,2404277.39,11870971.75
54630325441809,834992121292,HDFC078278,Savings,Basic,Active,16-09-2024,,5676374.73,5120223.44
9226962263579,159715308922,UTIB023715,Salary,Regular,Active,15-02-2020,,1367035.96,15908696.26
9106764610096,159715308922,UTIB023715,Salary,Basic,Active,13-03-2023,,5266934.81,5447310.58
368255563097,593263894656,CNRB014774,Salary,Regular,Active,25-03-2022,,6539179.5,6677365.66
19089516278,971810350951,SBIN081030,Savings,Regular,Active,17-02-2023,,1913280.5,13043122.21
38647592444398,246603824966,HDFC043293,Current,Corporate,Active,18-09-2015,,392410.27,10876638.01
79042709806262,246603824966,HDFC043293,Fixed Deposit,Corporate,Active,08-10-2020,,7669151.09,6493691.15
32351885449,438773554630,IOBA072513,Savings,Basic,Active,19-03-2018,,2547482.2,956521.44
37703693180,438773554630,IOBA072513,Savings,Basic,Active,08-07-2024,,4082615.55,4232772.39
52064774285027,922531404645,HDFC016252,Current,Corporate,Active,17-02-2024,,16574373.09,15073013.72
792740805704,718672839383,CNRB092812,Salary,Premium,Active,29-08-2023,,908250.74,721261.84
2841012501636,650754073697,KKBK084854,Savings,Regular,Active,26-03-2024,,1341289.91,14325259.17
84034568357,650754073697,KKBK084854,Savings,Regular,Active,29-05-2024,,4084395.05,3902143.25
31238903121195,900949146831,HDFC010200,Savings,Regular,Active,12-08-2024,,156006.05,2211589.35
98609878462195,900949146831,HDFC010200,Current,Basic,Active,30-06-2023,,1959789.87,11723667.95
72401942792308,591241848280,HDFC038420,Savings,Regular,Active,30-07-2022,,1804621.78,4502229.56
95483487223274,591241848280,HDFC038420,Current,Premium,Active,10-12-2017,,3676315.38,4099874.58
269156744402,992242085137,ICIC081567,Salary,Regular,Active,20-05-2024,,7959925.33,8773500.22
839313569934,992242085137,ICIC081567,Fixed Deposit,Premium,Active,17-08-2019,,847536.02,2206885.28
9147302679061,502744584795,UTIB050596,Savings,Premium,Active,28-05-2023,,2630836.2,3656049.88
88333734998668,276004860220,HDFC055245,Savings,BSBD,Active,06-04-2024,,4866675.57,12064972.52
65202369858310,276004860220,HDFC055245,Savings,BSBD,Active,26-04-2022,,2384118.77,3481762.77
40365315759,538582798866,BARB081494,Current,Basic,Active,22-10-2024,,6040421.71,7189864.75
95421252302435,130085588642,BARB044491,Fixed Deposit,Regular,Active,22-04-2018,,1097216.59,5640481.06
613834737998,336027231636,ICIC073234,Fixed Deposit,Corporate,Active,28-08-2019,,5189546.99,21197056.27
45925310987676,295115937348,CNRB051298,Fixed Deposit,Regular,Active,02-12-2021,,5855361.38,5696218.87
416028185551,710696610166,BARB028923,Salary,Premium,Active,04-11-2023,,297040.32,1349100.64
769804346915,710696610166,BARB028923,Fixed Deposit,Basic,Active,26-04-2024,,616719.03,742006.68
9649231516031,125265881526,IOBA058446,Current,Corporate,Active,10-11-2018,,11225460.15,7031859.62
2969983888747,125265881526,IOBA058446,Fixed Deposit,Regular,Active,19-03-2019,,337101.2,1525175.66
57987428769585,940332360970,KKBK047117,Savings,Basic,Closed,09-08-2016,,0.0,0.0
709544161437,989566196013,ICIC046135,Savings,Basic,Active,08-05-2024,,2633515.4,2696616.78
9469054864954003,867316201854,PUNB023935,Savings,Regular,Active,15-01-2024,,416762.42,6318812.34
9433840691752270,867316201854,PUNB023935,Savings,Regular,Active,29-05-2024,,1430759.18,8005226.59
90926992083,664027297634,SBIN077172,Savings,Regular,Active,03-05-2022,,1380269.21,1602658.44
479464953762,794260437316,BKID039022,Savings,Basic,Active,31-12-2024,,6157163.97,5911709.08
12431194550,993018117185,SBIN053285,Savings,Basic,Active,10-08-2024,,1219721.76,3481032.88
7522153088364,484422449398,IOBA082421,Current,Regular,Active,06-12-2022,,5049627.66,5587869.3
36146910590544,484422449398,IOBA082421,Salary,BSBD,Active,12-04-2018,,480384.78,2518234.48
80670275114809,328673082356,IOBA097287,Fixed Deposit,Regular,Dormant,26-04-2022,19-07-2023,0.0,4812.15
55570420299,529779477507,IOBA025955,Savings,Premium,Active,14-07-2024,,8025497.9,7872093.53
92373562268048,621129349892,KKBK079225,Current,Premium,Active,10-01-2024,,986190.21,2292889.58
825128591592,621129349892,KKBK079225,Current,Regular,Active,20-01-2024,,322906.81,248567.42
7784165231636127,777851046811,PUNB042468,Salary,BSBD,Active,26-08-2024,,230275.14,353380.88
8495093537802919,777851046811,PUNB042468,Savings,Premium,Active,10-07-2023,,914941.63,10031891.51
97501381690,349358867757,BKID085524,Savings,Premium,Dormant,09-07-2024,24-01-2025,143112.42,1224.73
7740462291282,349358867757,BKID085524,Savings,Basic,Active,17-10-2022,,4602.18,131701.08
488674444280,784803953936,ICIC020216,Current,Basic,Active,13-04-2020,,1534181.79,4308216.66
5257215135927040,593127750045,PUNB063034,Savings,Regular,Active,27-12-2017,,2588669.78,2943154.66
3405372635208966,593127750045,PUNB063034,Savings,Basic,Active,26-06-2024,,242871.51,4075569.94
8428497777276929,269688523989,PUNB046271,Salary,Basic,Active,10-03-2022,,1688945.76,2008031.21
9178601491392,448225517248,UTIB096688,Current,BSBD,Active,10-07-2020,,1134650.33,7690494.89
739764556870,251423575136,BKID079925,Savings,Premium,Active,12-04-2021,,1813228.75,2371265.41
81489805972227,251423575136,BKID079925,Recurring Deposit,Basic,Active,01-12-2021,,3102939.9,3758188.34
81062031386,577031397657,SBIN070642,Current,Premium,Active,26-01-2023,,596580.79,1568245.88
61903956512,577031397657,SBIN070642,Current,BSBD,Closed,06-06-2023,,0.0,0.0
520988049715,598933456982,ICIC038006,Savings,Basic,Closed,13-06-2024,,0.0,0.0
8352167797373,731722697155,IOBA041616,Fixed Deposit,Regular,Active,14-02-2021,,5841752.44,6550177.8
8019597214496,731722697155,IOBA041616,Savings,Basic,Active,07-10-2015,,771879.42,1446213.86
207872137209,716758312143,BKID048231,Fixed Deposit,Corporate,Active,15-05-2022,,6429100.23,13935269.88
27633781186242,716758312143,BKID048231,Fixed Deposit,Regular,Active,27-08-2015,,4417748.71,4430169.95
907221354089,288920157624,BKID095777,Savings,Regular,Dormant,17-12-2019,19-01-2024,47080.49,43200.63
797047247389,288920157624,BKID095777,Savings,Basic,Active,20-04-2015,,216935.88,2023599.67
72847034669035,982947068517,BARB017662,Current,Regular,Active,31-07-2020,,3887432.23,16537364.71
42105184741,338110168591,CNRB036544,Savings,Premium,Active,15-01-2021,,395979.89,12352646.25
98457222936,146379350350,CNRB026038,Salary,Premium,Active,29-07-2021,,4832276.02,4926831.13
72782778012,114197373834,BARB064473,Salary,Regular,Active,03-09-2022,,5014589.76,5933931.52
28283244178926,571670634743,HDFC027459,Fixed Deposit,Regular,Active,09-05-2024,,287861.31,2176599.88
990253992024,661152865428,ICIC025386,Fixed Deposit,BSBD,Active,16-06-2024,,2505371.68,12253147.88
702268590648,661152865428,ICIC025386,Salary,Premium,Active,14-04-2022,,14321542.12,8675362.57
82147946863677,761159213459,HDFC053400,Salary,BSBD,Active,03-11-2019,,2556223.18,5586453.72
2168247889335,316099697409,BARB021913,Fixed Deposit,Corporate,Active,29-08-2023,,1935218.11,4218828.94
5379911134040,316099697409,BARB021913,Fixed Deposit,Regular,Active,17-09-2021,,2176961.83,3330977.76
45778166433,729470133739,SBIN013910,Savings,Basic,Active,10-02-2018,,592259.93,818278.2
40826595613,729470133739,SBIN013910,Fixed Deposit,BSBD,Active,04-09-2021,,4969566.48,5509162.31
56892019380,638278337306,BARB076077,Salary,Regular,Active,11-09-2022,,123294.22,951022.91
9363795147510,638278337306,BARB076077,Current,Basic,Active,18-10-2023,,1543808.06,1283516.74
19325698616,793245838236,IOBA022754,Salary,Basic,Active,22-10-2020,,4946436.32,5467760.64
937571119405,793245838236,IOBA022754,Savings,BSBD,Active,05-09-2021,,813130.58,742760.35
55445378399,566578325120,SBIN060996,Savings,Premium,Active,10-07-2019,,1373262.55,2427896.34
86351287755,566578325120,SBIN060996,Savings,Premium,Active,01-09-2018,,3802451.77,4356951.41
784786671288,224779437187,BARB091038,Current,Basic,Active,30-06-2024,,5154989.2,4661967.66
234254672408,922981046992,BARB043613,Savings,Regular,Active,16-09-2021,,1293644.44,610394.45
41995749620,612419410444,KKBK064474,Salary,Premium,Active,05-04-2024,,306810.99,9484285.49
96769758331646,612419410444,KKBK064474,Current,Premium,Active,02-09-2024,,211160.77,571490.19
47702490549,780423002087,BKID032609,Salary,Basic,Active,18-09-2023,,93272.47,205332.77
73569308139647,780423002087,BKID032609,Fixed Deposit,Regular,Active,07-05-2024,,174241.03,8851545.79
88766933307619,984998032918,KKBK026629,Savings,Premium,Active,16-12-2022,,1291064.95,1719608.2
68890601981848,542506013210,KKBK032993,Savings,Basic,Active,12-08-2023,,4455743.92,5195898.32
604198572735,542506013210,KKBK032993,Savings,Premium,Active,29-10-2019,,1390192.4,9887475.69
59393853285,771427094799,BARB039684,Savings,Basic,Active,24-09-2021,,218519.67,9831724.23
45011741139,771427094799,BARB039684,Savings,Premium,Active,07-07-2022,,4482051.91,4616342.69
24438822542,889570513018,SBIN044963,Savings,Basic,Closed,10-04-2023,,0.0,0.0
54172824119,889570513018,SBIN044963,Savings,Basic,Active,17-07-2024,,646207.19,459381.53
229562339210,410207910606,KKBK099202,Savings,BSBD,Active,29-01-2023,,3612533.37,4076213.72
66129552828,824702463434,SBIN014215,Recurring Deposit,BSBD,Closed,10-07-2024,,0.0,0.0
64607353472,824702463434,SBIN014215,Recurring Deposit,Basic,Active,26-09-2024,,1433355.5,3072505.81
5920411431780,180463207281,CNRB071331,Savings,BSBD,Active,15-10-2023,,1797721.7,76031.97
39211136782,277984986754,BARB023866,Current,Corporate,Active,14-08-2023,,7477624.65,15709985.55
269189805738,921059468218,BKID051541,Savings,Premium,Active,06-02-2021,,1279923.34,1486872.82
54635291323962,756885946506,HDFC090609,Fixed Deposit,Basic,Active,07-05-2023,,2446306.9,2177052.19
98405287305708,497662161560,KKBK035527,Savings,Regular,Active,21-12-2023,,1401909.45,2654074.96
3356394420223,497662161560,KKBK035527,Savings,Regular,Active,17-09-2024,,1585630.42,2914080.13
4992698155358471,831387557852,PUNB016923,Savings,BSBD,Frozen,29-10-2023,,32850.62,0.0
1708944260566875,831387557852,PUNB016923,Salary,Premium,Active,27-07-2023,,940118.86,11191002.07
74298567164,782935082684,SBIN046779,Fixed Deposit,Regular,Active,12-02-2022,,2868201.29,5652023.85
80142483439,782935082684,SBIN046779,Fixed Deposit,Corporate,Active,25-04-2024,,161649.27,16528042.78
109432931426,836756945213,KKBK071911,Savings,Regular,Active,07-05-2021,,9608612.94,9397007.78
36725454664,836756945213,KKBK071911,Fixed Deposit,Regular,Active,22-04-2021,,543133.02,10481494.69
8718290056681,396170064307,IOBA045540,Current,BSBD,Dormant,16-09-2022,29-07-2023,0.0,5749.57
3456882489524727,616709209271,PUNB091123,Savings,Regular,Active,26-10-2024,,4181484.05,3957571.12
3486880899839675,616709209271,PUNB091123,Savings,Premium,Active,07-12-2023,,2028653.61,1924006.5
491311725347,986126979468,ICIC076901,Savings,BSBD,Active,22-07-2018,,757340.22,873603.3
354439349662,986126979468,ICIC076901,Savings,Regular,Active,10-12-2017,,578538.16,8909585.28
839294541881,762825547267,IOBA054254,Salary,BSBD,Frozen,13-12-2024,,0.0,0.0
57610403207987,939284985138,HDFC069735,Salary,Regular,Active,29-06-2024,,6975005.64,6460909.36
10994334286262,939284985138,HDFC069735,Salary,Regular,Active,08-12-2024,,1461560.47,1971176.54
9925793064479,949528569159,CNRB040496,Salary,Premium,Active,22-02-2020,,1825175.4,2609017.36
9179298229442,182092757975,UTIB013425,Current,Regular,Active,12-05-2023,,6333748.78,6720192.69
9161120225505,182092757975,UTIB013425,Current,Regular,Active,07-10-2018,,28302381.83,11799350.64
53201196811200,477303524248,HDFC094250,Salary,Premium,Active,30-03-2024,,566446.04,1808489.89
90098872026,307595228379,KKBK098569,Current,Regular,Active,24-10-2022,,13864542.04,8829990.34
224959300200,398581166116,CNRB058210,Salary,Basic,Frozen,13-03-2021,,0.0,0.0
741222532475,398581166116,CNRB058210,Savings,Premium,Active,21-05-2023,,387769.21,1385053.09
4046493805866,131816019757,KKBK047230,Salary,Basic,Active,05-10-2024,,1577783.96,1285914.36
1893379033058,131816019757,KKBK047230,Fixed Deposit,BSBD,Active,12-09-2021,,1251899.26,1689602.36
41061095709195,817840220670,BARB097200,Recurring Deposit,BSBD,Active,02-03-2022,,934712.96,1924642.48
8040755964551272,731334705037,PUNB080434,Savings,BSBD,Active,24-04-2020,,3640493.86,3824815.44
6279441662329491,731334705037,PUNB080434,Savings,BSBD,Active,24-03-2020,,462282.62,5453170.63
70517262147380,379289467108,CNRB021400,Savings,Premium,Dormant,27-02-2024,25-07-2024,187675.13,4730.96
80431454661,969422419807,BKID049306,Recurring Deposit,Regular,Active,10-06-2023,,1713612.52,2707506.42
40323006570,611325298408,SBIN055790,Salary,Regular,Active,06-03-2022,,870233.54,1866227.04
53500432224991,410870830425,HDFC026536,Savings,Regular,Active,17-08-2022,,560902.37,1147465.58
12114282711,381985157825,IOBA034368,Salary,Regular,Active,08-10-2019,,998419.05,1107595.25
847782543162,381985157825,IOBA034368,Salary,Basic,Active,04-09-2017,,416674.49,1504611.1
456800827047,245011309340,BKID032446,Savings,Regular,Frozen,05-10-2017,,0.0,0.0
55475388328746,431121062582,BKID077840,Salary,BSBD,Active,03-05-2019,,1195142.15,1759201.66
4802674332310301,571674320742,PUNB075551,Salary,Regular,Active,02-04-2023,,953550.27,3534268.11
6505968893463,256876779055,KKBK090671,Recurring Deposit,Basic,Active,16-12-2024,,4474379.13,4760146.3
38776124262,256876779055,KKBK090671,Salary,BSBD,Dormant,26-08-2024,04-03-2025,4855.44,89147.85
60597123122694,771133762720,HDFC042229,Fixed Deposit,Corporate,Active,24-09-2023,,3876340.85,13876500.13
33888599379200,771133762720,HDFC042229,Current,Corporate,Active,11-11-2022,,7128445.48,2998627.42
4619786774772,553798565317,BKID049642,Current,Regular,Active,11-04-2024,,5130048.54,5224307.58
7511586878754,553798565317,BKID049642,Salary,BSBD,Frozen,10-03-2023,,0.0,0.0
57498189747149,888599632993,HDFC055969,Recurring Deposit,Basic,Active,08-06-2023,,731381.86,2231275.12
32514156653855,888599632993,HDFC055969,Savings,Premium,Active,10-12-2019,,455374.22,1397443.09
69968092920,505675532780,KKBK040377,Savings,Basic,Active,10-10-2024,,1090079.24,1174912.55
689095697432,505675532780,KKBK040377,Fixed Deposit,Basic,Active,02-09-2023,,836007.78,1031179.33
1515926641874,597357845433,CNRB090653,Savings,Premium,Active,14-07-2023,,135407.04,413472.08
633310527977,229213242209,ICIC061565,Current,BSBD,Active,28-07-2022,,353047.1,6105817.82
9134113349051,710748913348,UTIB074151,Salary,Basic,Closed,17-09-2016,,0.0,0.0
9141117280562,710748913348,UTIB074151,Savings,Premium,Active,06-04-2024,,1062125.49,8880375.11
4022598756352,950753238390,BKID036964,Savings,Basic,Active,23-08-2020,,5604737.64,5642764.36
9213530794961,995479866146,UTIB013255,Savings,BSBD,Active,15-12-2022,,2124492.84,7166705.97
9156403513052,995479866146,UTIB013255,Savings,Basic,Active,25-09-2023,,686601.71,2629219.35
97049023793,892258335224,SBIN056676,Current,Basic,Active,19-04-2022,,7405802.52,6895729.34
34534662141602,489164792004,HDFC077476,Current,Regular,Active,28-07-2018,,6253141.73,6985606.24
75741259397,552333033028,BKID024293,Savings,BSBD,Active,15-08-2023,,286006.23,3447608.78
9262391039505,903551726664,UTIB082911,Savings,Premium,Dormant,17-01-2018,21-05-2021,9469.82,0.0
28678702053,736516445977,IOBA057701,NRE,Premium,Active,23-09-2023,,546436.57,558493.44
864735100218,736516445977,IOBA057701,NRO,Premium,Active,29-08-2024,,726830.96,19495820.03
83932046784141,582093198928,BARB083921,Fixed Deposit,Premium,Frozen,25-01-2023,,0.0,0.0
5082527203660,695267999599,KKBK025494,Current,Corporate,Frozen,15-03-2023,,0.0,0.0
58281788246847,628175179749,CNRB080804,Savings,BSBD,Active,18-02-2023,,5242751.84,5793256.62
3370039734611,454572851376,IOBA017883,Savings,Regular,Active,11-07-2021,,880892.17,1710028.06
407855045230,110031780526,ICIC099897,Fixed Deposit,Corporate,Active,05-09-2016,,3653740.29,7597266.54
470984399299,110031780526,ICIC099897,Current,Corporate,Active,24-05-2017,,4123186.01,14463825.02
9813607693546967,792983785291,PUNB049502,Salary,BSBD,Active,17-04-2016,,199345.61,11907338.45
42413137919027,200978235279,HDFC047262,Savings,BSBD,Active,17-05-2024,,5512473.0,6018049.71
83868595882,955760643972,BKID023321,Fixed Deposit,Basic,Active,05-03-2020,,1329816.54,2431882.35
408820679924,955760643972,BKID023321,Savings,BSBD,Active,05-12-2021,,7333813.12,7594379.9
56948393746,657181802325,BARB050274,Fixed Deposit,Regular,Active,01-11-2024,,15783374.28,15853037.32
20583136297565,241279697494,CNRB036652,Current,Corporate,Active,28-10-2021,,6488973.23,12747865.23
26998515655,661721020205,SBIN045221,Current,Basic,Active,02-09-2022,,3704847.27,3411401.01
25161937516,661721020205,SBIN045221,Current,Regular,Active,30-01-2023,,3707776.2,3569216.99
200905411723,662273831554,ICIC013026,Fixed Deposit,Regular,Active,30-04-2024,,4469114.37,4221769.65
436932428098,119156060806,ICIC011432,Current,Premium,Active,10-03-2017,,5185659.04,6279217.47
33101786981317,321828097936,KKBK041137,Savings,Regular,Active,05-11-2023,,1479244.65,2788138.39
7750666677273,321828097936,KKBK041137,Current,Premium,Active,27-03-2023,,1919762.3,5260918.59
661354111393,229712872139,CNRB044782,Savings,BSBD,Active,11-05-2018,,7340213.31,6482393.21
89499473014403,229712872139,CNRB044782,Salary,BSBD,Active,26-06-2020,,9015077.36,5487014.91
9117909405292,145218279700,UTIB027003,Current,Corporate,Active,03-10-2023,,7849300.59,6796966.14
9118980025885,145218279700,UTIB027003,Fixed Deposit,Regular,Active,21-05-2024,,8566250.3,15993206.33
35896128585,851982965632,SBIN011710,NRE,Premium,Active,11-05-2024,,2066516.3,2468816.41
561002371964,136832233247,BKID085334,Fixed Deposit,Corporate,Active,24-05-2023,,651557.94,11718031.73
97931309842911,509966460948,HDFC018313,Savings,Premium,Active,04-09-2022,,1568804.05,2442821.38
69205316295,980734406753,SBIN097930,Current,Regular,Active,30-06-2018,,764059.02,1334381.74
53320103706818,333013565536,BKID071680,Savings,Premium,Active,19-09-2020,,4171724.58,4115345.66
11057006531,333013565536,BKID071680,Current,Basic,Active,13-08-2024,,1190073.16,11054537.96
3531268892870728,373506668853,PUNB092030,Salary,BSBD,Active,06-07-2020,,265749.19,192294.27
5205922007661,529763326023,BKID063676,Fixed Deposit,Basic,Dormant,18-11-2024,08-03-2025,10046.0,646877.11
511716578070,519839013319,BARB054604,Recurring Deposit,Premium,Active,05-06-2021,,6993021.15,7026136.02
6659390083197,519839013319,BARB054604,Recurring Deposit,Premium,Active,11-04-2022,,95476.53,3067123.29
9291225499987,204441356431,UTIB095760,Salary,BSBD,Active,15-06-2021,,1182515.27,5307284.25
71903051338139,629512886321,HDFC035853,Recurring Deposit,BSBD,Active,05-06-2023,,7230421.44,7092255.52
34161457938,135409298099,SBIN025193,Savings,Regular,Active,13-04-2022,,5569507.43,5783814.4
41621127863,135409298099,SBIN025193,Savings,Premium,Active,14-05-2023,,860015.37,7024863.63
34944465868,241203292323,SBIN020075,Salary,Basic,Active,20-11-2017,,1656552.01,4221905.37
51163293493,891498842960,IOBA067026,Savings,BSBD,Active,18-09-2024,,689497.47,1565137.06
796358203422,891498842960,IOBA067026,Savings,Premium,Active,15-10-2024,,484002.36,9010005.5
88242284008,615867307718,SBIN014761,Savings,BSBD,Active,21-10-2023,,11838376.22,11028395.1
366476422204,151580261750,BARB014279,Salary,Premium,Active,31-01-2024,,4623533.0,5695911.41
292845848842,630495409916,ICIC067679,Savings,Premium,Active,26-07-2017,,1897710.14,5807281.11
9255877325464,870902489799,UTIB043120,Current,Corporate,Active,11-06-2023,,2898501.66,10541506.09
9195094416688,870902489799,UTIB043120,Fixed Deposit,Corporate,Active,26-01-2024,,1742471.77,465695.28
25239600111,461046387878,CNRB026472,Fixed Deposit,Regular,Active,16-04-2016,,2005663.01,10699804.75
51302398169,349223326766,SBIN047295,Salary,BSBD,Active,23-10-2019,,1265039.31,3101822.06
36841326190,349223326766,SBIN047295,Savings,Basic,Active,03-03-2022,,11861072.29,11202088.29
58293668600659,608204114627,HDFC027161,Current,Corporate,Active,27-11-2024,,10372320.4,6558369.6
55352582469269,444722836643,BARB049888,Savings,Premium,Active,30-12-2018,,833155.19,2521719.4
58741072652,444722836643,BARB049888,Savings,BSBD,Active,04-01-2024,,4896470.08,3883341.59
95623770304703,476270973537,HDFC086102,Savings,Premium,Active,04-05-2022,,5044289.62,4914154.6
6434967185122563,386962366796,PUNB049557,Savings,BSBD,Active,20-04-2017,,2548964.3,4196193.68
9183429659854,455309312712,UTIB018817,Savings,Basic,Active,17-04-2024,,1043975.75,1419023.13
195368021600,803061631039,IOBA048332,Salary,Basic,Active,27-06-2023,,431057.81,11985945.46
50037033249274,836082381620,HDFC047102,Savings,BSBD,Active,05-12-2023,,444853.21,9170616.36
63890824141733,836082381620,HDFC047102,Salary,Regular,Active,07-05-2019,,614378.94,7619597.86
24331030568296,743650621790,BARB080248,Fixed Deposit,Regular,Active,06-03-2022,,911284.79,2349341.96
787412088216,567075834443,ICIC055262,Current,Corporate,Active,23-08-2023,,4486088.71,7898315.97
9270164704562,491251226969,UTIB024800,Savings,Basic,Active,24-12-2024,,6143027.72,5842145.92
9172717787926,543476867703,BKID066477,Salary,Basic,Active,21-03-2023,,3144755.38,3433215.1
99583100104,543476867703,BKID066477,Savings,Regular,Active,01-10-2024,,281048.65,920274.16
622224794220,459601492545,BKID020724,Savings,Basic,Active,05-01-2024,,1648521.37,2185420.44
9358377927728,613435856196,BKID024852,Current,Basic,Active,08-02-2024,,770470.76,3236898.05
9485734635142,613435856196,BKID024852,Savings,Regular,Active,21-07-2023,,7758736.04,7760563.22
108379980058,225463681473,BKID027843,Savings,Basic,Active,22-12-2024,,1247302.93,3368769.15
162495276485,225463681473,BKID027843,Fixed Deposit,Basic,Active,06-08-2019,,2078668.99,883728.76
56080897977645,657611856823,BARB094682,Savings,Regular,Active,06-02-2024,,1436169.09,1468588.57
601882035098,418774746940,ICIC060938,Salary,BSBD,Active,02-04-2024,,1045880.72,2336485.91
399154248222,418774746940,ICIC060938,Salary,Regular,Active,21-08-2023,,2432103.94,2558736.08
883093391678,318970519533,CNRB030007,NRO,Premium,Active,11-07-2021,,2263553.56,9459732.47
164105349477,318970519533,CNRB030007,NRO,Regular,Active,29-02-2024,,3172167.86,2846534.52
6551300531094,875654606447,IOBA049699,Fixed Deposit,Corporate,Active,01-02-2024,,5423872.73,11767997.91
22972131216,540273707754,KKBK038554,Current,Regular,Active,05-07-2018,,184110.65,2362276.64
75208414207861,540273707754,KKBK038554,Salary,Basic,Active,26-03-2017,,892794.94,1474058.95
430853675704,674892568663,KKBK021021,Savings,Basic,Active,11-03-2024,,1312249.19,16844247.62
7855642148287,674892568663,KKBK021021,Savings,Regular,Dormant,09-05-2024,20-11-2024,0.0,367.44
3230016508196247,326019483869,PUNB051013,Fixed Deposit,Basic,Active,30-05-2023,,1518026.01,7974716.22
240307673720,137152303372,IOBA042017,Savings,BSBD,Active,06-02-2018,,4222937.47,4308910.27
70619604859059,137152303372,IOBA042017,Savings,Premium,Active,21-12-2018,,2037412.66,2955085.66
7556836119601,835928981411,BARB098436,Current,Corporate,Frozen,01-10-2024,,0.0,0.0
50325033533235,835928981411,BARB098436,Current,Corporate,Active,30-12-2024,,1642668.2,6392702.56
53866943826,486713920292,KKBK087426,Salary,Basic,Active,10-10-2019,,3900507.92,4848264.64
685216138923,828704549845,ICIC048940,Savings,BSBD,Active,15-02-2022,,2857399.21,3846582.13
333899197932,828704549845,ICIC048940,Salary,Regular,Active,17-03-2020,,2789997.98,3268296.16
9208139819330,234407327865,UTIB026978,Salary,Premium,Active,03-03-2023,,4236885.81,4284839.35
5230289696391,959673835002,BARB023985,Savings,Premium,Active,19-07-2021,,869611.4,1637359.01
41995989786331,275673857160,HDFC063013,Salary,Premium,Active,14-11-2022,,1042578.12,3026629.14
59710032354200,275673857160,HDFC063013,Fixed Deposit,Regular,Active,27-02-2021,,1553414.81,7623259.79
88035040279,805326196611,SBIN011503,Current,Regular,Active,28-07-2022,,540712.15,8560443.61
3684366491363,956562969001,BKID062622,Savings,Regular,Active,09-09-2024,,1366583.26,3195047.58
81979755808,956562969001,BKID062622,Savings,Premium,Active,07-12-2023,,1674238.54,973091.3
9211280269715,297190678643,UTIB014179,Savings,Basic,Active,03-11-2022,,5155591.93,16029865.34
9287576866790,297190678643,UTIB014179,Savings,BSBD,Active,17-09-2024,,16296822.89,11305943.0
2946989324069,237709173874,CNRB077823,Salary,Basic,Dormant,08-11-2024,12-01-2025,133003.33,6267.36
58492740955,237709173874,CNRB077823,Fixed Deposit,Basic,Active,25-12-2024,,5097728.03,5580028.83
91394039089,130079195114,KKBK032435,Fixed Deposit,Regular,Active,10-04-2024,,659676.69,14634950.45
9158659122326,524788805535,BARB097010,Current,Corporate,Active,10-09-2024,,2177922.6,16519444.53
624861018408,524788805535,BARB097010,Fixed Deposit,Regular,Active,25-07-2024,,572905.89,661198.7
9117546541519,209939037988,UTIB096266,Fixed Deposit,Corporate,Active,08-08-2020,,4100547.23,2805899.76
38101664516,317827708370,IOBA036173,Salary,BSBD,Active,07-09-2023,,3836546.71,4190571.62
9930530016585,317827708370,IOBA036173,Salary,Regular,Active,04-07-2024,,577011.01,730761.43
1583734172447928,189903418942,PUNB077705,Current,Premium,Active,14-08-2023,,2061183.97,12018921.74
8778128128832802,189903418942,PUNB077705,Savings,Basic,Active,06-12-2021,,1572726.77,1955264.01
91559122576868,271662753200,BKID069973,Savings,Basic,Active,03-05-2024,,2295986.68,1878242.54
940786678844,634378734167,ICIC099640,Savings,Regular,Dormant,31-12-2019,26-11-2022,0.0,29323.38
470103489383,634378734167,ICIC099640,Savings,Basic,Active,01-10-2021,,2066160.43,3255215.15
7870369556575163,808119477060,PUNB036979,Savings,Regular,Active,26-08-2024,,1454345.19,9186741.38
3966135101696970,808119477060,PUNB036979,Salary,Regular,Active,13-04-2024,,583035.35,5534976.37
165567252085,253974089324,IOBA021810,Current,Basic,Active,03-01-2019,,8238079.52,8568066.75
3893849433981,253974089324,IOBA021810,Savings,Regular,Active,03-09-2023,,621161.66,107620.45
19328338509958,829745494536,HDFC083543,Savings,BSBD,Active,27-01-2024,,701874.42,9305265.54
87040132424663,829745494536,HDFC083543,Fixed Deposit,Basic,Active,28-09-2018,,3510941.35,3653003.25
69277122593218,380936992168,HDFC021416,Salary,Premium,Active,23-12-2018,,5856355.89,5514913.54
35956944847932,380936992168,HDFC021416,Salary,Basic,Active,28-05-2019,,551664.49,8819168.18
57540512890,184623192709,BKID092694,Current,Regular,Active,12-11-2018,,5096156.62,5111708.19
78448642926,564734089739,KKBK011053,Current,BSBD,Active,02-08-2019,,350982.67,823526.96
88543312123,181425257728,BARB086987,NRO,Regular,Active,05-06-2023,,1769580.76,2835842.06
1873066657044,181425257728,BARB086987,Savings,Regular,Active,18-10-2020,,884621.23,3040696.92
5086218016221,945308404656,IOBA053626,Salary,Regular,Frozen,29-11-2024,,0.0,0.0
845034826727,372008039461,BARB078358,Current,Regular,Dormant,22-12-2024,14-03-2025,3609.55,24951.64
2723339450141,372008039461,BARB078358,Current,Premium,Active,08-06-2023,,4185816.1,3989962.42
51621449049,628797601906,KKBK097370,Fixed Deposit,Corporate,Active,30-03-2024,,6086517.27,16579002.55
1539916671632423,120715599891,PUNB070120,Savings,BSBD,Active,05-07-2022,,1142267.92,1504103.66
8305523842620856,120715599891,PUNB070120,Savings,Regular,Active,14-01-2024,,7823.5,9878263.17
31056853325211,274389949882,CNRB047454,Fixed Deposit,Corporate,Active,10-11-2015,,6333283.25,13046792.5
52220689035,274389949882,CNRB047454,Current,Regular,Active,26-08-2020,,9245728.62,5541913.76
3913549441504463,115245407422,PUNB057214,Fixed Deposit,Basic,Active,10-07-2024,,1433507.86,1863209.01
5236197277802379,115245407422,PUNB057214,Savings,Regular,Dormant,10-01-2024,28-10-2024,0.0,105901.09
9229587566385,348830675418,UTIB082083,Savings,Premium,Active,07-04-2024,,5484627.04,7821072.09
9125171034397,348830675418,UTIB082083,Fixed Deposit,Premium,Active,10-02-2018,,2486901.51,1118379.36
2057279981391064,783568812616,PUNB043578,Savings,Premium,Active,25-04-2023,,4036627.08,4476763.59
1485407935366531,783568812616,PUNB043578,Savings,BSBD,Active,03-04-2023,,4937840.87,5426340.17
35972313918,477144606884,BKID089534,Fixed Deposit,Corporate,Frozen,18-12-2021,,0.0,0.0
40858378700,127506642741,CNRB044163,NRO,Premium,Active,24-03-2021,,1002257.02,2747996.49
2772215304132,292362841830,BARB096183,Savings,BSBD,Active,05-08-2019,,1116912.14,1701284.89
84156000863,292362841830,BARB096183,Salary,BSBD,Active,21-08-2016,,713954.61,3199378.58
10050779288,846988813442,BKID023603,Savings,Basic,Active,17-09-2022,,12736329.96,8329285.43
66911386122120,846988813442,BKID023603,Savings,BSBD,Active,04-08-2023,,7553992.99,4240252.8
134889570897,434542424825,ICIC083141,Salary,Regular,Active,29-07-2023,,891354.13,7468028.72
70371094424,105646123202,CNRB037609,Fixed Deposit,BSBD,Active,02-05-2024,,1106722.6,9524730.22
9188263179873,585390607891,UTIB068847,Salary,Premium,Active,02-12-2024,,964432.48,10901900.66
3947518663761,537701384435,BARB054935,Savings,Premium,Active,20-08-2024,,551862.44,1455850.42
72298627550,777442489712,SBIN016213,Recurring Deposit,BSBD,Dormant,29-04-2024,09-03-2025,41400.1,7660.81
41670031320,777442489712,SBIN016213,Salary,Basic,Active,22-04-2024,,7609810.95,6890141.35
9140613728341,441009032217,UTIB010068,Current,Premium,Active,10-05-2022,,1348995.2,7870863.61
807868370299,191652478350,ICIC073404,Current,Corporate,Active,14-03-2024,,5091257.08,21969363.2
9158183653701,856737135253,UTIB081120,Recurring Deposit,Premium,Active,24-12-2023,,776383.55,508154.27
9163716596995,856737135253,UTIB081120,Savings,Regular,Active,04-11-2021,,1724764.09,17440914.4
13710682747771,220266943984,HDFC097255,Fixed Deposit,BSBD,Active,17-10-2023,,1022415.04,14378966.07
21401826441088,220266943984,HDFC097255,Fixed Deposit,BSBD,Active,15-01-2024,,535296.59,2657913.95
4900422251575,735495654328,BARB079611,Salary,BSBD,Active,03-02-2021,,3796665.9,3717566.08
70994757403,735495654328,BARB079611,Fixed Deposit,Basic,Active,12-11-2020,,1391704.24,9450176.05
35673639415814,796390792134,IOBA027579,Salary,Regular,Active,02-06-2017,,1141734.29,1467618.79
93668933303,501303864684,KKBK042983,Savings,Regular,Active,26-04-2024,,1017893.26,5305366.29
13869547320,675927340517,IOBA067292,Current,Basic,Active,24-08-2024,,1118242.93,986565.65
95513280400944,675927340517,IOBA067292,Savings,BSBD,Active,08-11-2024,,2210806.76,3203014.35
185472452558,313260982179,ICIC097562,Fixed Deposit,Basic,Active,19-12-2023,,1031396.44,8600407.13
6711927238204142,836953332241,PUNB084270,Salary,BSBD,Active,23-04-2023,,2003252.57,1547738.59
66567412666964,610909317030,BKID069884,Current,Corporate,Active,23-12-2022,,9606401.94,9143270.56
9209547058388,664568411357,UTIB018411,Savings,BSBD,Active,30-06-2021,,3819485.64,4267144.9
9157575450391,664568411357,UTIB018411,Savings,Regular,Active,20-11-2020,,451285.15,819570.42
928836310374,663052375282,ICIC048471,Salary,Premium,Active,15-12-2024,,4804623.59,3642755.72
972733635270,663052375282,ICIC048471,Savings,Premium,Active,24-06-2021,,3007897.87,3541771.98
36183095360461,905391842557,HDFC029082,Current,Corporate,Active,28-11-2024,,3970720.27,6952952.79
55739398430,412031134378,CNRB011880,Salary,Basic,Active,25-05-2017,,647423.27,10779764.31
8493292121782,412031134378,CNRB011880,Savings,Basic,Active,29-09-2024,,2094157.35,12185510.98
26738180280293,297751570723,BARB035073,Savings,Premium,Active,09-09-2018,,3544440.38,3071513.15
582066133205,297751570723,BARB035073,Savings,BSBD,Active,25-09-2023,,5035305.11,4685082.15
717701931175,122558756512,CNRB058109,Savings,Premium,Active,23-08-2020,,1106657.92,7962592.57
99904745815,122558756512,CNRB058109,Salary,BSBD,Active,30-11-2024,,4581158.58,4416219.22
4643926066471145,183512138351,PUNB050598,Savings,Premium,Active,29-04-2022,,291661.76,7095067.36
71010828254533,101508166988,BKID091539,Salary,Basic,Active,03-09-2020,,7158704.12,7446427.57
44297950858,101508166988,BKID091539,Salary,Basic,Active,17-06-2022,,4042264.13,4497362.97
36294118862,974064808897,SBIN046714,Savings,Basic,Active,21-04-2024,,12634634.04,12830087.15
40068797601,974064808897,SBIN046714,Savings,Premium,Active,23-10-2019,,987809.39,10381286.46
9775026646461831,597426232073,PUNB045813,Salary,Basic,Active,19-01-2023,,197257.13,1217835.9
6961722611655727,597426232073,PUNB045813,Savings,Regular,Active,28-04-2022,,8227074.83,8803996.54
83171142954178,723235730698,BKID083223,Savings,Regular,Active,10-12-2022,,327109.45,1861487.56
809125953700,468933825154,BKID050533,Fixed Deposit,Corporate,Active,16-09-2020,,429885.64,7781083.89
988511587371,468933825154,BKID050533,Fixed Deposit,Corporate,Active,26-12-2021,,8860040.38,4460719.69
595987332624,685586192111,BARB038738,Savings,BSBD,Active,13-09-2024,,302893.32,6465224.15
33957772785494,685586192111,BARB038738,Salary,Basic,Active,28-10-2024,,9068630.12,8800757.76
9193899250543,200312282964,UTIB078482,Savings,Regular,Active,14-02-2024,,1303138.17,2739814.49
31766892180303,146452191379,KKBK047691,Fixed Deposit,Regular,Active,15-04-2021,,2116236.33,7608148.24
2855680450719,146452191379,KKBK047691,Fixed Deposit,Corporate,Active,17-02-2022,,3840273.97,4412807.57
24292971531,160470545685,SBIN059551,Current,Regular,Active,31-07-2024,,4358570.0,4931623.37
9228219461473,380806995702,UTIB036147,Savings,BSBD,Active,09-05-2019,,8032687.97,8242498.8
9170011128114,923110330104,UTIB035355,Recurring Deposit,Regular,Active,02-08-2022,,579929.5,664340.14
9267109785480,923110330104,UTIB035355,Savings,Basic,Active,16-10-2018,,726664.22,2119613.4
427302434105,398332603137,ICIC057245,Recurring Deposit,Basic,Active,27-02-2022,,6630238.52,7121990.97
1715805611171,191707620635,IOBA056159,Fixed Deposit,Corporate,Active,06-03-2021,,4149291.0,4681393.44
12201797958,467047622375,SBIN049210,Salary,Regular,Active,26-07-2024,,1698126.19,4011106.18
293810694332,289479672137,BKID083288,Savings,Regular,Active,23-02-2023,,1403514.03,1614364.56
93663010317,289479672137,BKID083288,Savings,Regular,Active,26-05-2023,,1225309.34,6750350.8
8867697674982505,842580095752,PUNB065015,Salary,Premium,Active,18-04-2020,,3479146.08,3454681.41
3929584016970665,842580095752,PUNB065015,Savings,Premium,Active,24-07-2021,,7236909.75,6829081.34
86095709700087,623101505288,KKBK049558,Recurring Deposit,Premium,Active,15-03-2015,,3234392.54,3553877.73
549102156966,623101505288,KKBK049558,Savings,Regular,Active,25-03-2019,,6494804.67,7111844.1
89220152747511,655558226515,HDFC097413,Savings,Basic,Active,19-06-2019,,1514487.52,8780987.51
72147439617356,655558226515,HDFC097413,Fixed Deposit,BSBD,Active,20-01-2024,,559197.34,10684993.0
9276339861728,597191117776,UTIB046005,Savings,BSBD,Active,26-09-2023,,4774207.2,5235733.24
9235432201690,597191117776,UTIB046005,Savings,Basic,Closed,09-03-2023,,0.0,0.0
164634747293,431128803410,ICIC042776,Savings,BSBD,Active,08-06-2020,,4307840.73,4359605.36
984646965381,431128803410,ICIC042776,Current,BSBD,Active,17-08-2023,,5641890.96,6421459.63
73620896595601,486379056823,HDFC073930,Savings,Basic,Active,18-07-2023,,455646.77,523738.76
651299297396,524694232727,ICIC047250,Savings,BSBD,Active,20-11-2019,,1598647.56,1951998.97
664398127336,353005451410,ICIC014157,Fixed Deposit,Corporate,Closed,17-04-2022,,0.0,0.0
30196637337510,610395275127,BKID093414,Fixed Deposit,Regular,Active,21-03-2021,,4058093.55,4899119.72
8653041077855,995889706522,IOBA026885,Current,Corporate,Active,19-01-2015,,7682643.95,13356625.74
1702524392155,995889706522,IOBA026885,Current,Corporate,Active,15-01-2022,,4423485.81,6564325.36
71458176392225,315878916017,BKID093484,Savings,Basic,Active,29-09-2024,,1538274.04,3677278.37
2472146762074,828902428647,BKID029416,Savings,Basic,Active,28-04-2024,,3697329.63,4560105.93
72870938394324,828902428647,BKID029416,Savings,Regular,Active,01-03-2024,,769093.15,540417.3
81070951388,856239239980,CNRB027922,Savings,BSBD,Closed,18-02-2024,,0.0,0.0
74078810174279,921974910922,HDFC062578,Savings,BSBD,Active,07-01-2017,,3977375.0,4372053.86
7434543259883020,700869813587,PUNB088988,Fixed Deposit,Corporate,Active,20-06-2015,,4847914.72,17405416.79
9206402921375251,700869813587,PUNB088988,Fixed Deposit,Corporate,Closed,20-05-2018,,0.0,0.0
9267462615912,129677892206,UTIB063275,Savings,Regular,Active,19-07-2022,,1239630.48,5188667.62
9239902724968,129677892206,UTIB063275,Savings,Basic,Active,13-12-2023,,419326.24,1655637.43
28929633963,212154426340,SBIN060697,Salary,Regular,Active,23-11-2020,,6155187.46,6347706.68
60508092347,914645277914,SBIN035833,Current,Premium,Active,14-12-2024,,2026614.65,2033511.54
39903244110,914645277914,SBIN035833,Current,BSBD,Active,06-10-2024,,846786.25,981983.26
494699413611,281143971158,CNRB024556,Savings,Regular,Active,13-01-2022,,1573463.32,1628284.56
71960506059274,143805074405,HDFC047477,Fixed Deposit,Basic,Active,25-10-2021,,818047.4,1722485.85
37254178949823,541134907137,BARB087180,Savings,Regular,Active,18-06-2020,,614347.96,7258205.92
6305829180253,399600365875,KKBK080475,Recurring Deposit,Premium,Active,23-11-2020,,3492647.74,4520681.56
707595601846,730344448233,ICIC039364,Savings,Basic,Active,19-12-2024,,1260531.62,1737081.7
356907347428,891976214241,BARB051912,Savings,BSBD,Active,16-09-2018,,119498.35,714653.26
63723953377025,341490893861,HDFC062562,Current,Basic,Active,26-08-2023,,1434783.06,10772307.08
81565268254836,256982694146,HDFC079026,Current,Premium,Active,29-09-2024,,3836422.78,2400246.92
20022204393456,256982694146,HDFC079026,Salary,Premium,Active,10-06-2024,,455841.26,1857730.34
244575116932,725899758651,ICIC086103,Fixed Deposit,Regular,Active,25-05-2023,,443493.83,6798394.61
69505136877,512661668692,CNRB081477,Savings,Basic,Active,16-06-2024,,3964657.02,4508009.47
7482640205313,430438377737,BARB078626,NRE,Regular,Active,28-09-2022,,4616409.43,5469553.11
1312753675801,796740690516,CNRB080240,Current,Regular,Active,25-10-2024,,1840606.92,4910542.99
154827103151,796740690516,CNRB080240,Savings,Premium,Active,20-05-2024,,763049.45,7544974.94
7976583328853,244789978970,BKID078770,Savings,Regular,Active,26-01-2024,,853576.66,15458067.19
787477231366,244789978970,BKID078770,Recurring Deposit,Premium,Frozen,13-10-2021,,0.0,0.0
9292859825844,252115111164,UTIB023497,Fixed Deposit,Corporate,Active,06-08-2022,,13890450.12,14994023.9
9183812328132,228065435646,UTIB094545,Current,BSBD,Active,31-01-2022,,345573.54,698695.28
88513224481539,976922614131,HDFC011392,Savings,BSBD,Active,29-11-2024,,2464194.04,587232.1
52716105193702,976922614131,HDFC011392,Current,Regular,Active,21-09-2022,,1240799.89,1296818.09
19540312633438,331563758802,BARB040753,Savings,Basic,Active,27-07-2019,,1207419.07,18719859.28
441794048897,331563758802,BARB040753,Salary,Premium,Active,19-12-2024,,3045719.83,4270300.32
756784996684,404155503221,ICIC060448,Current,Corporate,Dormant,16-11-2024,20-12-2024,3402.13,0.0
397938342480,404155503221,ICIC060448,Current,Corporate,Active,03-05-2024,,6337344.48,14464699.48
9165456123993,180530357379,UTIB061251,Current,Regular,Active,02-03-2023,,1804121.39,3031021.18
5834745233158,880080167967,BARB094338,Savings,Basic,Active,08-10-2021,,6238226.09,7401708.47
959152791178,560481960676,BARB027256,Fixed Deposit,BSBD,Active,17-05-2023,,4251208.67,4037220.03
38291200604,210742978938,CNRB048928,Salary,Premium,Active,26-03-2021,,1835831.46,2490138.7
11445985014,856702910551,SBIN075914,Current,BSBD,Active,28-10-2020,,708497.97,1509218.43
87393765890,298643310540,BKID072079,Fixed Deposit,Regular,Active,24-12-2024,,4552588.72,10372449.15
25165246427,298643310540,BKID072079,Fixed Deposit,Regular,Active,21-08-2024,,7724882.13,5342429.89
7842260119864,619470034239,IOBA023359,Savings,Basic,Active,27-02-2021,,2550210.78,2162468.95
8406262650721,619470034239,IOBA023359,Savings,Regular,Dormant,23-02-2021,14-09-2022,0.0,167046.28
7639114485576409,103097595496,PUNB034624,Current,BSBD,Active,20-12-2021,,598399.75,8057415.63
9259632461943,737126612054,UTIB090395,Savings,Premium,Active,19-03-2024,,1162920.76,3410937.51
9298911645720,737126612054,UTIB090395,Savings,Premium,Active,24-03-2024,,296473.81,10478369.58
7874257259471118,574673851873,PUNB030439,Recurring Deposit,Regular,Active,16-01-2024,,1692383.83,2297302.71
4506587635546468,574673851873,PUNB030439,Salary,BSBD,Active,01-04-2021,,2205376.56,3044121.84
864442754070,749130073850,IOBA047549,Fixed Deposit,Regular,Active,19-06-2016,,6530385.88,8087061.82
99129019224,164008673889,IOBA069966,Salary,Premium,Active,16-02-2023,,1754851.38,10086379.7
52178402836223,164008673889,IOBA069966,Current,Regular,Active,05-07-2022,,315653.35,1372801.58
2928612544583692,565256094976,PUNB058001,Salary,Regular,Active,16-02-2022,,590282.75,7935423.33
82666033266,815959463973,KKBK017971,Recurring Deposit,Basic,Active,03-05-2022,,2101273.65,12162963.84
469076238889,815959463973,KKBK017971,Salary,Basic,Dormant,21-01-2023,03-03-2023,4860.36,0.0
8262509476371506,263013780613,PUNB016516,Salary,Premium,Active,16-11-2024,,170893.54,645407.69
9191625978230,969612059850,UTIB048894,Savings,Basic,Active,14-07-2022,,2143275.63,8452425.1
845149628373,991452273336,ICIC072661,NRE,Regular,Active,27-09-2024,,12680963.83,12933805.99
147659933452,991452273336,ICIC072661,NRE,Premium,Active,17-11-2021,,884301.64,1180593.74
842248437591,540600916488,ICIC033576,Salary,Basic,Active,12-11-2019,,5470689.03,5016927.56
429093595905,987025866644,KKBK031524,Savings,Basic,Active,21-12-2021,,1020021.41,3103284.64
59043666795,987025866644,KKBK031524,Salary,Premium,Active,20-11-2021,,747499.53,1227055.31
287787910185,133654765951,ICIC046269,Savings,BSBD,Active,28-02-2024,,326735.14,15901801.01
635089208367,133654765951,ICIC046269,Savings,Basic,Active,14-07-2023,,1543529.4,2487219.06
96303469280,560940172172,SBIN072392,Savings,Regular,Active,09-10-2020,,1639026.6,2111099.72
25156338256,560940172172,SBIN072392,Salary,Premium,Active,18-07-2024,,357773.25,6255349.62
68486640347208,211263909396,BKID020791,Savings,Regular,Active,26-09-2019,,1703268.99,6223216.28
7225786217181564,752040197193,PUNB048559,Savings,Basic,Active,07-10-2024,,759131.38,609703.6
517116422821,968041745007,ICIC031435,Savings,Premium,Active,21-09-2024,,4291033.41,4231220.44
116290931387,968041745007,ICIC031435,Savings,Regular,Dormant,22-06-2024,12-09-2024,1577.74,20003.11
659892370282,839008240364,BARB067366,Fixed Deposit,Premium,Active,06-07-2024,,4994756.6,4836137.04
995826559051,361296845349,IOBA074864,Salary,BSBD,Active,23-10-2021,,496548.02,63906.94
769654665163,361296845349,IOBA074864,Savings,Basic,Active,28-09-2023,,653319.99,1917096.41
3434945922081,753815906182,CNRB030786,Recurring Deposit,BSBD,Active,05-04-2024,,2459193.32,2717279.14
62822553885,883468211857,BARB074158,Current,Regular,Active,16-06-2023,,3560631.38,4024919.42
12653480434064,883468211857,BARB074158,Current,Regular,Active,20-12-2015,,636403.19,7898950.7
153540758943,597708420512,ICIC033542,Current,Premium,Active,13-10-2023,,3452567.15,3758084.08
4978845064265,747442374079,BKID090418,Current,Basic,Active,03-10-2022,,5775294.76,6700389.09
788942388359,747442374079,BKID090418,Salary,Premium,Active,25-12-2024,,195910.52,247166.74
357046099636,551502284422,ICIC011243,Fixed Deposit,Regular,Active,29-03-2022,,12919935.44,2677008.98
371157237791,551502284422,ICIC011243,Fixed Deposit,Regular,Active,12-08-2019,,6291189.72,17377443.34
4286149815365208,287355889602,PUNB058093,Current,Regular,Active,19-01-2024,,529052.66,9372143.16
8259205961431596,287355889602,PUNB058093,Salary,Regular,Active,23-12-2023,,1482209.26,1732857.4
316027197474,580653437281,KKBK024238,Current,Basic,Active,30-05-2023,,1715264.26,10778841.39
63488382799443,598727285811,IOBA084658,Savings,Basic,Active,14-09-2024,,409046.43,848241.32
89281394570602,418011529941,BARB043114,Savings,Premium,Active,20-05-2022,,798483.29,10960017.63
8721109041907,263810890518,KKBK092816,Savings,Premium,Active,21-09-2019,,14136499.9,9123736.46
7187528998295,263810890518,KKBK092816,Recurring Deposit,Regular,Dormant,12-07-2019,12-09-2023,0.0,0.0
83270983001,506393651896,SBIN065857,Recurring Deposit,Premium,Active,24-08-2024,,1498823.71,891919.93
39202555637,506393651896,SBIN065857,Current,BSBD,Active,19-07-2024,,7552784.33,7710024.63
3894771203673,214615570818,BKID026223,Savings,BSBD,Active,16-09-2024,,6282964.11,6617226.71
58682514916447,214615570818,BKID026223,Savings,Regular,Active,13-12-2023,,3334216.1,3693779.96
94180300762777,419294974231,BKID052644,Recurring Deposit,Regular,Active,06-04-2022,,1287107.49,1093741.48
35367531463991,339025817186,IOBA067274,Current,BSBD,Active,26-03-2023,,1415119.91,4240780.09
34553420496540,776335666727,HDFC087187,Salary,Regular,Dormant,11-05-2016,08-04-2022,4668.83,1213.71
3640016923414,147068103454,BKID037288,Fixed Deposit,Regular,Active,23-07-2018,,1518961.22,15994870.11
768538692541,147068103454,BKID037288,Salary,Basic,Active,29-05-2018,,1675206.75,8160349.81
9202297638158,244406184240,UTIB044492,Current,BSBD,Frozen,30-05-2024,,0.0,0.0
5201548696170,603707833917,BARB040663,Savings,Basic,Active,13-06-2021,,4720280.38,4848838.32
3059504354704,603707833917,BARB040663,Savings,Regular,Active,09-12-2021,,807853.76,11023285.52
72846668614800,191099687291,HDFC023097,Salary,BSBD,Active,07-11-2023,,23285.7,549873.87
9124633486032,375370636760,BKID027002,Salary,Basic,Active,21-08-2021,,5778899.88,6178528.63
9265765626823,825435885857,UTIB096866,Salary,Regular,Active,09-09-2021,,4584859.7,4832950.64
6832035359174781,579688289050,PUNB014357,Fixed Deposit,Basic,Active,12-01-2023,,176860.36,492369.3
2589161291230108,579688289050,PUNB014357,Salary,Regular,Active,30-04-2023,,1140730.8,9653042.28
4493046014263,739345885956,KKBK017114,Savings,Basic,Active,15-10-2023,,1406779.05,669551.13
94429626560292,739345885956,KKBK017114,Savings,Premium,Active,23-10-2023,,3863671.08,3738929.32
50073067221672,151853806669,BKID026970,Fixed Deposit,Corporate,Active,07-09-2022,,13593744.73,14622586.9
46335724381543,151853806669,BKID026970,Current,Regular,Active,28-05-2020,,8101970.57,13988718.68
1571698803040598,185483963966,PUNB064723,Current,Corporate,Active,06-11-2024,,13406368.2,19744605.85
4537323916842074,185483963966,PUNB064723,Fixed Deposit,Regular,Active,04-05-2023,,10385891.39,9796997.81
70498692374,151897434469,IOBA076601,Salary,BSBD,Active,02-05-2023,,3196980.44,2776994.11
7069479343606,151897434469,IOBA076601,Fixed Deposit,Premium,Active,27-09-2022,,1273207.29,3245364.67
784382625392,124370341202,ICIC075057,Savings,Premium,Active,09-04-2016,,6479940.61,6242788.09
94513398140150,188492671787,BKID085905,Current,Basic,Active,21-04-2023,,2546957.62,7651055.64
318186220283,188492671787,BKID085905,Salary,Premium,Active,10-05-2024,,1035508.87,1327015.68
24011632949551,681606309589,HDFC031547,Recurring Deposit,BSBD,Active,25-08-2023,,6756532.0,6641322.59
56004579992096,681606309589,HDFC031547,Savings,Regular,Active,09-07-2024,,686905.62,1813783.2
361747623139,506457495379,BARB014741,Recurring Deposit,Regular,Active,05-11-2024,,825148.21,12491624.83
68840318835,655849467613,CNRB044692,Salary,Basic,Active,17-07-2022,,1005786.33,10377075.64
8381645834828976,479594364076,PUNB022377,Fixed Deposit,BSBD,Active,13-12-2020,,2158648.82,12069404.09
694634293668,609344363772,CNRB031619,Fixed Deposit,Regular,Active,12-02-2022,,5324231.67,13302164.31
9355406252324,609344363772,CNRB031619,Fixed Deposit,Regular,Active,22-10-2024,,2797369.64,9425795.74
6917262435426,998809207139,IOBA097220,Salary,Basic,Active,16-11-2021,,1602238.46,3283626.23
636448712401,998809207139,IOBA097220,Current,Basic,Active,19-12-2022,,4843894.57,5298852.35
69652979088951,369770085364,BARB010053,Fixed Deposit,Premium,Active,15-09-2024,,1075073.11,11722426.12
3122848404284,369770085364,BARB010053,Savings,Basic,Active,27-12-2023,,161948.36,1802287.9
420759749878,570522050065,KKBK069150,Salary,Premium,Active,18-10-2020,,2007243.32,5576942.86
16580816144,570522050065,KKBK069150,Current,BSBD,Active,13-11-2022,,1177290.06,10081877.03
82363154027,721630442523,IOBA092550,Current,Regular,Dormant,06-05-2023,15-07-2023,43226.77,0.0
773432474863,570993250146,ICIC033875,Fixed Deposit,Regular,Closed,03-06-2018,,0.0,0.0
1059655639137272,255161570630,PUNB020630,Fixed Deposit,Regular,Active,07-08-2018,,7433556.86,7008492.04
9059255806196484,255161570630,PUNB020630,Savings,Premium,Active,21-09-2020,,826895.33,637702.44
8152948426002471,499400617231,PUNB094739,Salary,Premium,Active,17-12-2019,,689727.46,9104995.72
1053963823393356,499400617231,PUNB094739,Savings,Premium,Active,04-06-2021,,874454.68,748558.82
841942407165,158794288334,CNRB029392,Salary,Basic,Active,03-07-2023,,831438.89,2156395.33
53759553569,158794288334,CNRB029392,Current,Basic,Active,16-09-2023,,863586.45,3183415.88
9258469871174,767389058725,UTIB037906,Savings,Basic,Active,21-03-2024,,2803095.49,3334872.43
748447851385,319341574827,ICIC075385,Salary,Basic,Active,01-05-2023,,5407452.63,6810394.69
412123876027,319341574827,ICIC075385,Savings,Premium,Active,01-11-2024,,3325067.43,4139121.37
6815191976658932,299551475357,PUNB083992,Salary,BSBD,Active,07-08-2019,,228431.67,4742436.41
3248614277079566,299551475357,PUNB083992,Current,Basic,Active,31-03-2021,,879284.42,7904512.99
9242942703011,385249300968,UTIB024419,Savings,Basic,Dormant,21-03-2024,14-09-2024,23470.99,0.0
621022959728,467305211784,KKBK040937,Current,Regular,Active,29-11-2018,,345356.64,1220126.05
4530375774097,467305211784,KKBK040937,Current,Corporate,Active,25-04-2024,,2804274.45,7121179.39
5656422857304091,232674333083,PUNB012239,Fixed Deposit,Basic,Active,04-09-2022,,1292299.72,9942183.76
1146318438402999,232674333083,PUNB012239,Salary,BSBD,Active,30-11-2020,,5552098.51,6151934.81
99967514078,942497373977,CNRB093831,Salary,BSBD,Active,20-01-2018,,443192.0,6664218.57
957130840940,354122244210,CNRB047468,NRO,Regular,Active,27-04-2024,,1109513.61,6981300.0
73016223992,958428951311,SBIN056644,Fixed Deposit,Corporate,Active,10-10-2018,,4896883.44,1364547.65
95534094827863,541408723095,HDFC071346,Salary,Regular,Active,16-01-2021,,426757.89,10603613.7
41485021413157,541408723095,HDFC071346,Salary,Basic,Active,06-03-2023,,923404.31,11390574.94
335505791652,851841789776,ICIC088264,Current,Basic,Active,01-10-2024,,2058461.61,2420597.24
850141615738,851841789776,ICIC088264,Recurring Deposit,BSBD,Active,24-04-2023,,415814.71,1605923.89
381438294474,135425259262,ICIC086801,Recurring Deposit,Premium,Active,21-06-2015,,1103759.06,3313366.39
43453077913232,258596980315,BKID066312,Savings,Regular,Active,03-01-2022,,4254531.71,4547672.69
1906312592242,898150013744,BKID092315,Fixed Deposit,BSBD,Active,05-03-2019,,1174653.78,1564777.19
278981219783,898150013744,BKID092315,Savings,Regular,Active,08-11-2018,,328972.69,1128580.05
29641277415,341562310814,KKBK084393,Savings,Premium,Active,18-05-2017,,1135519.26,8965376.03
24313395600,579298483616,SBIN080332,Savings,BSBD,Active,25-05-2020,,929869.98,5656964.25
956161936102,575578960337,BKID015307,Savings,BSBD,Frozen,06-06-2022,,0.0,0.0
34245546097,413079021191,IOBA066659,Savings,Basic,Active,30-07-2024,,2503355.54,10616989.82
560197393752,250889499260,ICIC046189,NRO,Regular,Active,13-03-2020,,1081266.39,812339.56
664628872183,250889499260,ICIC046189,Savings,Premium,Active,02-02-2024,,4765902.84,4510400.5
9247995393183,504003846456,UTIB068508,Recurring Deposit,Regular,Active,09-01-2022,,2581363.74,2270495.85
32095013177497,189742595636,HDFC010012,Savings,Regular,Active,24-12-2023,,7561726.67,7540139.41
51910781068971,189742595636,HDFC010012,Savings,Regular,Active,05-03-2024,,1175133.66,6810398.81
111424894477,709855790863,CNRB092798,Savings,Basic,Active,02-09-2023,,63738.83,5324407.0
3598171310664,709855790863,CNRB092798,Current,Premium,Active,09-07-2024,,3770408.22,6777572.55
9232806913284,753129305554,UTIB056145,Savings,BSBD,Active,25-04-2023,,1009466.53,1983628.49
9127730068894,753129305554,UTIB056145,Current,BSBD,Active,19-11-2022,,985739.27,1522455.28
9794562091001,128616371655,IOBA041778,Savings,Basic,Active,13-02-2020,,557274.16,7664746.01
2669637684663,246098645721,IOBA084694,Recurring Deposit,Regular,Active,11-10-2021,,749665.19,1139661.11
268845854742,479531035236,IOBA063042,Current,Basic,Active,02-07-2024,,946355.39,2273464.12
930176013443,196310938570,BKID097239,Savings,BSBD,Closed,27-07-2019,,0.0,0.0
883115766913,196310938570,BKID097239,Savings,Premium,Active,28-06-2022,,6524183.39,6735474.93
86798056725963,329661287721,BARB062625,Current,Corporate,Active,03-12-2024,,1012721.89,7970842.01
98293946548,329661287721,BARB062625,Fixed Deposit,Regular,Active,02-12-2023,,1851251.66,2484158.03
9233945495919,968386491312,UTIB012248,Savings,Premium,Active,06-04-2024,,1286771.35,3166556.37
5217147199437,427007771048,KKBK096982,Savings,Premium,Active,19-06-2022,,623709.82,558701.6
970709932277,101022124126,BKID019879,Savings,BSBD,Active,13-07-2021,,5508635.06,6523891.05
3522296053645,101022124126,BKID019879,Savings,Basic,Dormant,23-12-2017,06-02-2025,0.0,0.0
78514233852693,967726628976,CNRB078717,Fixed Deposit,Basic,Active,17-12-2023,,873173.03,7457163.7
5098560340435624,131374966565,PUNB039482,Savings,Premium,Active,20-06-2022,,13150509.64,13589568.82
400693817329,714354899289,ICIC058938,Savings,Regular,Active,06-09-2024,,6357002.05,5712335.95
404986255332,714354899289,ICIC058938,Salary,Regular,Active,08-08-2023,,640947.14,772775.96
12479727620,414663941549,SBIN072777,Salary,Premium,Active,23-04-2019,,4106680.09,4452292.21
37920405314,355966880475,KKBK081183,Salary,Premium,Active,17-11-2021,,6551989.46,8140360.41
7075519746526,355966880475,KKBK081183,Recurring Deposit,Regular,Active,15-03-2024,,1736142.54,9048007.39
99167031975301,917403577780,BKID029482,NRE,Regular,Active,16-08-2024,,1272249.62,10394875.79
65096468624758,485517308520,CNRB077698,Current,Corporate,Active,09-12-2024,,7525521.23,7791337.44
1813600681620,485517308520,CNRB077698,Current,Corporate,Active,28-04-2023,,1663243.12,4031916.14
18433364981,197612791536,BARB055223,Fixed Deposit,Premium,Active,15-10-2020,,461075.65,2247988.67
3877379868796,197612791536,BARB055223,NRO,Premium,Active,11-03-2020,,1970045.81,1031974.61
7663788416050592,659601590651,PUNB027905,Recurring Deposit,Premium,Active,17-11-2024,,6181673.89,6686050.2
7656605301845021,659601590651,PUNB027905,Savings,Basic,Closed,19-09-2024,,0.0,0.0
27074078295,535743353789,SBIN028128,Fixed Deposit,Regular,Active,10-07-2021,,10971133.64,9526141.16
340337453910,218726648534,ICIC059216,Current,Regular,Active,23-11-2020,,1853119.34,1553881.19
15873709691255,709273624410,BKID029660,Current,Regular,Active,17-01-2021,,808149.6,536065.03
339706117547,306705505939,BKID011002,Current,Basic,Active,17-03-2018,,1516955.91,1366125.41
356971712376,874944951440,ICIC096707,Recurring Deposit,Basic,Active,24-08-2024,,921426.92,2248129.74
568065787399,874944951440,ICIC096707,Savings,BSBD,Closed,05-12-2024,,0.0,0.0
9194151357540,791790785475,UTIB046549,Savings,BSBD,Active,03-08-2024,,6607076.85,6899139.3
29144392518,439637330965,SBIN070034,Recurring Deposit,Premium,Active,01-09-2020,,1323096.85,13569966.23
37095217200,439637330965,SBIN070034,Current,Premium,Active,23-12-2022,,6513658.08,6239247.32
299881686980,157153645887,ICIC019141,Savings,Basic,Active,07-05-2022,,150201.21,886347.54
623106173614,157153645887,ICIC019141,Recurring Deposit,Regular,Active,16-08-2019,,1656394.49,6868745.0
2751193173280,711972539803,IOBA042247,Savings,Basic,Active,24-08-2023,,680368.22,7590499.48
91733847191,711972539803,IOBA042247,Savings,BSBD,Active,19-11-2024,,332159.98,7214651.93
94090075877,260105461001,SBIN082302,Savings,BSBD,Active,30-09-2020,,1055368.92,9132996.6
347790820831,428312966424,ICIC084386,Savings,Premium,Active,27-02-2023,,1518087.83,4536109.03
83784067686,190388697926,IOBA080974,Savings,Basic,Active,13-11-2022,,1783948.28,7303303.23
5342739061983526,969076419482,PUNB011674,Savings,Regular,Active,11-05-2023,,1153741.97,13372419.75
447419996460,415150652545,ICIC064506,Savings,Basic,Active,02-05-2024,,3045373.03,2556804.85
4681830448203,647629317349,CNRB018715,Current,Basic,Active,15-12-2023,,6672540.39,21269610.6
104694728436,739533509906,CNRB063233,Salary,Regular,Active,30-07-2017,,699411.1,2320256.83
13314238791402,739533509906,CNRB063233,Salary,Premium,Active,29-09-2016,,9680829.29,9802118.43
75917991915218,613400838730,IOBA016224,Savings,Premium,Active,29-11-2021,,1105802.46,1388686.34
907608364558,613400838730,IOBA016224,Recurring Deposit,BSBD,Active,13-04-2019,,809763.21,3125157.06
48679055529634,958575213223,CNRB033364,Fixed Deposit,Regular,Active,26-11-2024,,2821807.31,11013211.4
81159381829,958575213223,CNRB033364,Current,Regular,Active,22-11-2023,,7481579.01,14925767.22
6052003100285,968075966554,CNRB030412,Fixed Deposit,BSBD,Active,06-07-2019,,1835829.8,3196335.57
949821549591,968075966554,CNRB030412,Salary,BSBD,Active,26-12-2022,,2131316.29,1640331.03
3571355503971,250970321036,CNRB080683,Savings,Regular,Active,25-09-2021,,1571585.28,8430502.15
124368406213,826992662459,ICIC079306,Current,Regular,Active,02-05-2021,,660634.0,6729494.36
298348596916,826992662459,ICIC079306,Salary,Basic,Active,25-07-2020,,2370931.12,13032205.76
51861129770,284373456303,SBIN093726,Savings,BSBD,Active,16-09-2024,,1308481.47,1163317.45
18811118999,284373456303,SBIN093726,Savings,BSBD,Active,03-12-2024,,1707917.76,13721697.46
73946514805,909827569411,IOBA091764,Savings,Basic,Active,14-08-2020,,4714994.38,4657193.96
24578778169659,320117464246,IOBA082957,Salary,Premium,Active,17-12-2024,,1023907.64,2543049.33
571804312214,320117464246,IOBA082957,Current,Basic,Active,06-02-2023,,715088.4,1678138.98
55620770596983,472177311093,BKID081249,Recurring Deposit,Basic,Active,10-07-2017,,4182051.15,3866547.93
564376558281,795153567169,BARB057086,Savings,Regular,Active,02-12-2022,,2203140.87,1970685.66
67412738891615,791597069833,IOBA092640,NRO,Regular,Active,10-11-2024,,8754312.65,8435908.8
326642617638,605272020849,CNRB098985,Fixed Deposit,Regular,Active,26-10-2024,,570186.43,434064.92
64992965739,537389312093,IOBA025112,Savings,Regular,Active,23-07-2024,,5073810.05,4973573.19
10010100098,234406053134,BKID066914,Savings,Basic,Closed,02-09-2023,,0.0,0.0
2663299902371,234406053134,BKID066914,Current,BSBD,Closed,28-11-2022,,0.0,0.0
94489188421,799120139889,CNRB087391,Current,Regular,Dormant,29-01-2024,18-11-2024,1452.2,42538.94
676719450801,229074384926,KKBK033350,Current,Premium,Closed,28-08-2024,,0.0,0.0
8841991886534,229074384926,KKBK033350,Current,Basic,Active,18-07-2024,,7370270.03,6981974.06
207566023700,581761408216,IOBA046873,Savings,Regular,Active,30-04-2015,,2263641.5,4609850.95
9208932621008,802069933830,UTIB030895,NRE,Regular,Active,05-09-2018,,5635299.05,6602345.02
52225048963850,958702442313,BKID077007,Savings,Basic,Active,25-12-2021,,7380283.85,8099697.0
5576452197895700,194403415352,PUNB061583,Fixed Deposit,Corporate,Active,12-03-2021,,12061906.76,8202598.7
6324522356634379,194403415352,PUNB061583,Fixed Deposit,Regular,Active,09-11-2017,,6737703.47,20822998.24
30369211036,622675653256,SBIN018049,Salary,Basic,Active,10-12-2022,,318518.56,559453.22
18723485623,625103945619,BKID066201,Savings,Regular,Active,17-05-2023,,867816.03,6970681.21
54808284970,625103945619,BKID066201,Salary,Premium,Active,21-09-2022,,3570580.23,3087153.87
721725638966,504752214411,ICIC051794,Savings,Premium,Active,29-07-2018,,1331649.14,1253010.76
294921204066,504752214411,ICIC051794,Current,Basic,Dormant,15-03-2020,14-06-2022,49955.51,0.0
9293034301894,240326112716,UTIB023900,Savings,Basic,Active,18-12-2024,,120412.82,442316.54
9102170669843,998378873522,UTIB029471,Salary,BSBD,Active,04-12-2017,,803375.64,3539840.9
9269329055815,998378873522,UTIB029471,Salary,Regular,Active,03-05-2023,,1194921.91,4071413.74
5733101546608,121422855929,IOBA013429,Current,Regular,Active,25-08-2019,,7445615.82,7412950.25
8395123514731,121422855929,IOBA013429,Recurring Deposit,Premium,Active,18-11-2021,,3928131.82,3818673.5
4097935005168,607577319004,CNRB052843,Fixed Deposit,Premium,Active,15-10-2022,,1626344.38,1965066.75
19801898142419,607577319004,CNRB052843,Savings,Regular,Active,05-09-2020,,673985.94,3529438.71
55340528664786,506969784715,KKBK015539,Savings,Regular,Active,25-09-2021,,841209.57,1282277.45
67784487996785,254095908050,BARB088755,NRO,Premium,Active,02-10-2022,,1385274.87,14728242.68
2826694849320,254095908050,BARB088755,NRO,Premium,Active,04-08-2024,,1929926.28,3977036.85
55721705331,153380997093,CNRB048735,Fixed Deposit,Basic,Active,05-01-2023,,1604666.38,3710838.77
59584313149,153380997093,CNRB048735,Savings,Premium,Active,03-06-2023,,905995.05,330277.01
1303280774759765,347171423520,PUNB064080,Savings,Basic,Active,12-12-2022,,863823.02,1589446.5
8837288681368084,347171423520,PUNB064080,Savings,Basic,Active,01-08-2023,,1771240.5,3100731.59
57629457501763,605509455902,BKID049753,Recurring Deposit,Basic,Active,10-07-2020,,5228231.41,4977922.24
279990355797,983095989774,ICIC031012,Savings,BSBD,Active,07-08-2020,,1375410.58,2825761.39
17683379582,290450842124,IOBA047039,Fixed Deposit,BSBD,Active,06-01-2017,,1904300.23,3074374.29
15061601216382,628278406242,BARB023122,Recurring Deposit,Premium,Active,14-04-2024,,1647370.62,7736537.47
8299205895244,628278406242,BARB023122,Savings,Premium,Active,03-11-2024,,4730805.73,5023043.6
726924470236,338903624978,ICIC023264,Current,Regular,Closed,17-07-2024,,0.0,0.0
657209157219,338903624978,ICIC023264,Salary,Premium,Closed,06-05-2024,,0.0,0.0
600612412475,356319217762,CNRB099059,Savings,Regular,Active,08-07-2024,,2274426.39,2943115.0
7634664135931969,558354587990,PUNB075051,Savings,Regular,Active,21-09-2024,,1410971.85,1033019.39
465736657402,816321047419,ICIC029565,Savings,Regular,Active,16-05-2022,,2606376.52,12116605.79
122674254819,435200529552,ICIC047523,Salary,Regular,Active,16-11-2024,,5368271.43,5488910.43
321180271188,435200529552,ICIC047523,Salary,Basic,Active,31-08-2023,,1982712.25,4209409.31
9266980670567,864331152235,UTIB089226,Fixed Deposit,Corporate,Active,04-10-2021,,5666893.36,5111558.27
9286386068957,913854106441,UTIB019623,Savings,Basic,Active,14-09-2024,,260884.85,1341228.99
375773881417,365494828085,ICIC015433,Savings,Regular,Active,16-07-2024,,4041510.43,3705831.46
794263978137,917892609133,ICIC077719,Salary,Regular,Active,05-03-2020,,720529.41,742923.31
722369508137,917892609133,ICIC077719,Recurring Deposit,Basic,Active,01-03-2023,,6240005.48,6971113.24
52311586613,465352565022,BARB022424,Savings,Premium,Active,16-03-2017,,6124860.29,6172027.95
585677350491,808398895824,BKID041864,Current,Regular,Active,11-11-2023,,12203358.43,15654336.24
87636569793622,539909900673,CNRB029409,Savings,BSBD,Active,07-02-2024,,3100252.3,3493517.2
80567562653368,539909900673,CNRB029409,Salary,Regular,Active,21-12-2023,,6810625.58,7181482.04
29112136981,657166740112,SBIN042773,Salary,Premium,Active,16-08-2023,,1296925.55,2568548.05
36673166458,548909588077,IOBA042167,Savings,Basic,Active,10-06-2021,,2950841.86,3213696.82
99032315510772,964640752977,CNRB033592,Fixed Deposit,BSBD,Active,22-11-2023,,4738330.89,4422827.27
55964100650,964640752977,CNRB033592,Salary,Basic,Active,27-06-2022,,322788.42,4228236.21
1252412090924,788708615883,BARB087635,Savings,Regular,Dormant,04-05-2021,11-12-2022,228717.27,38250.57
97712066537437,368059974466,IOBA076896,Salary,Basic,Active,21-10-2024,,2232951.19,7338567.94
17767613703058,423304412549,BARB061980,Salary,Regular,Active,24-11-2020,,7388002.4,5891372.5
74044722835806,533440823219,KKBK073357,Current,Premium,Active,16-10-2024,,9805489.96,9846438.44
88797783614,607918002988,BKID097699,Recurring Deposit,Basic,Active,15-09-2022,,564309.5,8734892.93
706488756948,922488421998,ICIC053805,Salary,Basic,Active,17-07-2022,,3898627.12,4107380.95
332302150591,927441510981,IOBA055443,Savings,Basic,Active,15-03-2020,,2021702.24,2025068.48
62516760345,927441510981,IOBA055443,Savings,Premium,Active,15-01-2021,,1653799.75,1500492.72
50358784392638,240217203222,KKBK018628,Recurring Deposit,Basic,Active,25-12-2023,,1141937.65,2564267.84
4677836450179,119916912457,BARB069012,Salary,Basic,Active,26-01-2021,,1044446.05,1431700.49
7741921090647,119916912457,BARB069012,Savings,Regular,Active,16-09-2021,,1516034.22,4169317.03
416407923968,319363396965,KKBK018830,Fixed Deposit,Basic,Active,28-06-2024,,4289449.68,4987215.38
665671150367,924837694950,ICIC045928,Savings,BSBD,Active,16-02-2017,,4593388.92,3860214.52
946271738100,924837694950,ICIC045928,Salary,Premium,Active,01-04-2018,,4012189.12,3940456.41
8211590391721,159836551300,IOBA021009,Current,Corporate,Active,12-02-2024,,6425138.05,16951258.39
42552310300509,626943657822,HDFC055439,Fixed Deposit,Regular,Active,01-07-2018,,772687.43,1035173.81
33250996644938,626943657822,HDFC055439,NRO,Premium,Frozen,23-02-2023,,0.0,0.0
3216829692670,978002858791,BARB029872,Savings,BSBD,Active,05-03-2023,,1002416.11,1167315.93
258702901263,586053786083,ICIC070290,Salary,Basic,Active,24-09-2022,,2085518.51,2532717.84
744991569792,586053786083,ICIC070290,Savings,BSBD,Active,22-12-2024,,1384550.96,2753203.2
34508300014462,871026094420,IOBA088649,Salary,Basic,Active,04-04-2024,,1079632.01,2396813.52
258726040754,871026094420,IOBA088649,Savings,BSBD,Active,11-12-2022,,1572343.02,1922786.6
18451635742,254588037839,BARB016198,Fixed Deposit,Basic,Dormant,01-05-2021,20-04-2024,95125.25,4253.4
480935822306,254588037839,BARB016198,Salary,Premium,Active,11-10-2020,,3278934.01,3382779.21
47062898190748,180417477406,BKID043143,Recurring Deposit,Basic,Active,16-09-2024,,2412487.54,9515758.71
6225479324835,180417477406,BKID043143,Salary,Basic,Active,10-07-2023,,177727.3,534057.59
261702943080,803584464187,BKID019082,Savings,Premium,Active,18-07-2019,,1358470.87,5677018.48
91069269467,803584464187,BKID019082,Current,BSBD,Active,08-11-2016,,592397.1,1016544.77
48080962305,474028987859,SBIN032073,Savings,BSBD,Active,05-09-2024,,959292.21,1561517.59
88620126555,448646137880,SBIN073489,Salary,BSBD,Active,10-07-2024,,191643.16,1039839.16
1057712941919146,935573623829,PUNB084908,Current,Regular,Active,16-06-2020,,1448275.82,2084677.41
1884476111435624,935573623829,PUNB084908,Salary,Basic,Active,08-09-2018,,944643.44,5564922.67
54248262491186,182806769729,KKBK073180,Salary,BSBD,Active,09-11-2023,,1871798.44,4152980.22
89709483713952,182806769729,KKBK073180,Recurring Deposit,Regular,Active,10-02-2024,,1434394.84,3494385.03
34725800033,910140549123,SBIN048191,Savings,Basic,Active,19-08-2024,,7353409.69,6066052.2
15930005655,910140549123,SBIN048191,Savings,Premium,Active,23-09-2023,,2805855.81,2772087.9
97656372388640,795887907632,HDFC048623,Recurring Deposit,Regular,Active,09-12-2022,,256556.37,7616427.61
48298262891112,795887907632,HDFC048623,Salary,Regular,Active,11-06-2018,,1353384.41,2299625.05
4988965037140217,261274689507,PUNB092604,Current,Regular,Active,29-04-2019,,8696148.29,9558091.37
545586609477,647116180200,IOBA085647,Fixed Deposit,Premium,Active,23-08-2020,,11876061.29,11540979.42
8287691862092,647116180200,IOBA085647,Fixed Deposit,Basic,Active,02-12-2023,,2079166.22,2898899.32
85476399967,105899845530,SBIN048187,Savings,Basic,Active,02-07-2024,,752313.65,11981318.45
27000834554,105899845530,SBIN048187,Fixed Deposit,Regular,Active,08-04-2024,,5434564.78,6972091.44
939151195523,841199309488,IOBA051262,Salary,Regular,Active,13-04-2019,,5038183.25,4737069.99
468755038349,841199309488,IOBA051262,Recurring Deposit,Basic,Active,15-05-2021,,1288258.3,4672528.68
537118378579,639792136518,ICIC015156,Recurring Deposit,Basic,Active,20-11-2020,,11038754.45,10540237.18
9277745280777,555019332983,CNRB072356,Salary,Premium,Active,10-07-2022,,630930.75,1647080.92
7617188155334,555019332983,CNRB072356,Savings,BSBD,Active,16-06-2023,,6693041.7,6562740.41
2035689201468,874156815765,KKBK078733,Current,Corporate,Active,27-06-2022,,525737.8,1504165.45
30125142803873,874156815765,KKBK078733,Fixed Deposit,Regular,Active,01-01-2021,,473818.35,5731668.32
9199755367292,680579718569,UTIB043085,Fixed Deposit,Premium,Active,24-05-2022,,4207326.72,3766584.96
310793187062,580525635350,CNRB042354,Recurring Deposit,Premium,Active,05-04-2024,,1367906.13,8968974.9
930874204602,555274550166,ICIC010772,Savings,BSBD,Dormant,30-09-2019,05-11-2022,4592.12,48236.75
2029179190520,983025076350,CNRB024536,Salary,Premium,Active,30-03-2019,,373345.62,9184355.53
10763640510,257600578973,CNRB078078,Current,Premium,Active,30-08-2023,,887091.8,2214922.16
6196471497485715,592987894203,PUNB053487,Salary,Premium,Closed,03-04-2022,,0.0,0.0
7401735826616047,592987894203,PUNB053487,Fixed Deposit,Premium,Active,05-07-2021,,305578.93,2003722.94
59993921628,189152552108,SBIN010907,NRO,Premium,Active,23-09-2024,,286347.92,876234.9
38879329109,189152552108,SBIN010907,Savings,Premium,Active,20-04-2024,,851707.53,976442.55
888876570415,853184989836,KKBK083486,Salary,Regular,Active,08-06-2022,,1235113.14,1054830.13
9245628364463,167818188742,UTIB030900,Current,Corporate,Dormant,11-01-2018,16-06-2021,199167.17,38140.79
9170090131691,167818188742,UTIB030900,Fixed Deposit,Corporate,Active,19-05-2016,,7595439.99,4108746.18
6099376713353,778504528192,IOBA097840,Salary,Regular,Active,04-02-2018,,7367520.47,10227122.8
19502725420713,400708641630,BARB055470,NRE,Premium,Active,20-11-2024,,912995.59,4108938.5
81009180085387,400708641630,BARB055470,NRO,Regular,Active,13-08-2024,,1464274.86,3804115.78
675659844468,501885531547,IOBA034717,Fixed Deposit,BSBD,Active,20-01-2021,,1389056.97,2986839.92
55054491786335,501885531547,IOBA034717,Savings,Basic,Active,09-08-2024,,406911.47,1429129.07
9242483822920,628292074099,UTIB020619,Salary,Basic,Active,25-11-2024,,961730.84,3022857.58
9144199201724,628292074099,UTIB020619,Savings,Premium,Active,02-01-2023,,470736.67,249773.67
3513824233159676,939928279648,PUNB011879,Salary,Regular,Active,06-11-2023,,2149883.13,9554816.5
48153381789560,190690410408,HDFC056980,Savings,BSBD,Active,25-04-2022,,4961269.06,5307210.72
37074271370182,190690410408,HDFC056980,Salary,BSBD,Closed,13-10-2024,,0.0,0.0
9103196403310,771477952885,UTIB055125,Salary,Regular,Active,13-06-2024,,1493894.04,2787748.49
1909549997337,505590527430,BKID038215,Fixed Deposit,BSBD,Active,01-11-2024,,1524266.7,2811351.44
38623262440,505590527430,BKID038215,Current,Basic,Active,15-12-2022,,2370251.2,2014108.78
61095121844,636764856162,BKID096892,Fixed Deposit,Corporate,Active,26-12-2022,,4328315.46,19413515.31
3701823929756,636764856162,BKID096892,Fixed Deposit,Regular,Active,04-03-2024,,242214.82,1520419.58
928329049655,155224950137,ICIC030446,Salary,Premium,Dormant,25-11-2020,15-02-2024,148114.55,182095.87
771774314903,155224950137,ICIC030446,Salary,BSBD,Active,29-04-2021,,342441.34,7258182.6
64233847362898,365016813780,HDFC040347,Savings,BSBD,Dormant,05-08-2018,31-03-2020,0.0,0.0
7230796619501271,891795992351,PUNB025510,Savings,Regular,Active,24-07-2021,,9937390.36,4105879.24
6336561165740901,891795992351,PUNB025510,Salary,BSBD,Active,26-12-2017,,11212203.64,3185101.99
2868419984149,434383551558,IOBA085833,Fixed Deposit,BSBD,Active,30-09-2024,,1843409.25,2157107.44
6402621380793,434383551558,IOBA085833,Savings,Premium,Active,23-07-2024,,481141.24,692219.92
9121165795687,235997631395,UTIB085707,NRE,Premium,Active,18-05-2018,,5132644.92,4687971.81
9188124826750,235997631395,UTIB085707,NRE,Regular,Active,14-09-2023,,885817.52,1525692.8
58677229424,763560979619,KKBK018540,Savings,Premium,Active,27-05-2023,,1269258.79,1189475.6
487638636833,721996117997,IOBA055233,Current,Premium,Active,14-01-2024,,5220384.89,5091930.83
86406995791131,721996117997,IOBA055233,Savings,Premium,Active,22-06-2024,,4368637.03,3799205.92
983236114823,451790668466,ICIC055104,Savings,Regular,Active,21-12-2024,,3777731.94,3897581.22
121810494008,451790668466,ICIC055104,Fixed Deposit,Premium,Frozen,26-08-2024,,0.0,0.0
4928736031908962,535132952580,PUNB072973,Fixed Deposit,Regular,Active,05-07-2020,,7622187.36,7311189.42
442987554089,400188379964,ICIC052108,Fixed Deposit,Corporate,Active,13-07-2023,,12330832.84,8368267.1
7418732061422732,792532708803,PUNB051575,Savings,BSBD,Active,25-06-2022,,2307585.36,3182011.17
4984492251125670,792532708803,PUNB051575,Current,Basic,Active,31-01-2024,,1205674.04,8466070.11
327622496918,343161658515,CNRB057249,Salary,Basic,Active,04-03-2023,,2427003.79,1748768.86
8852070265834,343161658515,CNRB057249,Savings,BSBD,Active,10-02-2023,,1532331.7,1070951.6
9659467377596374,918740750144,PUNB011828,Current,Corporate,Frozen,19-01-2019,,0.0,0.0
2079808024196839,918740750144,PUNB011828,Current,Corporate,Active,27-05-2018,,6504682.82,7403104.0
44457981621059,993460130324,HDFC059875,Current,BSBD,Active,28-06-2024,,4773821.68,4239476.04
9169723775373,241021030678,UTIB056710,Salary,BSBD,Active,10-07-2024,,849886.63,7178577.21
9169456203961,241021030678,UTIB056710,Savings,Premium,Active,14-08-2020,,8282855.41,8581191.12
84739573459,691792635816,IOBA089501,Savings,Basic,Active,13-04-2018,,992735.51,1710277.63
92863019321727,691792635816,IOBA089501,Recurring Deposit,Regular,Active,18-05-2020,,51423.63,4258152.82
277728925960,615197430243,ICIC067865,Savings,Basic,Active,15-09-2022,,1054667.44,1704212.31
8595983475698,515315560937,IOBA024323,Current,Regular,Active,03-10-2018,,781936.99,14951948.93
7234235264365,515315560937,IOBA024323,Current,Corporate,Dormant,02-09-2015,07-09-2023,0.0,0.0
913359980463,331583885233,IOBA076163,Salary,BSBD,Active,04-09-2024,,3462159.98,4032265.62
32933071197,702482340980,SBIN088386,Savings,Premium,Active,04-09-2019,,1658224.01,1857332.53
490081953614,290467882249,BKID082544,Savings,BSBD,Active,12-10-2023,,6914409.35,7330462.45
83639444644,290467882249,BKID082544,Savings,Regular,Active,14-03-2023,,5922714.04,6539201.47
9953897697069030,250159056878,PUNB014191,Savings,Regular,Active,15-12-2021,,1815154.89,2666357.5
259109402901,753909899293,CNRB082966,Salary,Basic,Active,24-09-2023,,1921340.1,10428592.09
371630778649,753909899293,CNRB082966,Savings,Premium,Active,08-05-2022,,1130647.92,4344748.86
647654870570,792194065348,CNRB040020,Current,Regular,Active,30-10-2024,,7662697.17,7835046.78
9801984641630,792194065348,CNRB040020,Savings,Premium,Closed,27-12-2024,,0.0,0.0
7995397833424,644968091589,CNRB092439,Savings,Regular,Active,16-05-2022,,1467007.93,7853093.56
9144794605266,142728882553,UTIB098301,Recurring Deposit,Premium,Active,27-10-2018,,762159.17,2104603.99
9105324909748,142728882553,UTIB098301,Fixed Deposit,Premium,Active,06-12-2023,,3241331.98,4146917.4
1907361918263,118332343013,CNRB062753,Salary,BSBD,Active,02-10-2024,,6686926.69,6361352.43
58034778934592,477075991529,HDFC076940,NRO,Regular,Active,19-01-2022,,1897657.76,783886.57
459881552128,849130583254,KKBK036453,Recurring Deposit,Regular,Active,02-06-2023,,304988.82,3575568.76
3044786219407,849130583254,KKBK036453,Savings,BSBD,Active,23-08-2021,,602077.39,1072954.34
31841163321,366532528291,CNRB018391,Fixed Deposit,Regular,Frozen,25-01-2024,,0.0,0.0
9284764797346,657691350981,UTIB046297,Savings,Premium,Active,01-12-2022,,405873.21,4825728.0
6977570332662218,942654278897,PUNB018786,Recurring Deposit,Premium,Active,14-05-2024,,207190.4,10576358.49
9739988164469,137461717786,BARB060843,Recurring Deposit,Regular,Active,26-01-2022,,6157111.79,5323389.76
925261218357,316826758566,ICIC080829,Savings,Regular,Dormant,27-01-2023,18-05-2024,96657.33,4095.15
4319228383956,536268203769,IOBA087804,Fixed Deposit,Premium,Active,01-12-2019,,60153.78,1611790.09
9180265718540,375058857639,UTIB038193,Current,Basic,Active,07-10-2019,,8662660.41,9146019.33
9263800716597,375058857639,UTIB038193,Savings,BSBD,Active,04-01-2023,,2428746.68,3532812.05
18993117205829,581760485653,BARB020795,Salary,Basic,Active,11-10-2018,,5281170.73,5806504.04
5337189134395,581760485653,BARB020795,Current,Basic,Active,11-11-2019,,142172.36,808188.92
537940091806,142910057501,ICIC054145,Fixed Deposit,Corporate,Dormant,08-09-2023,27-07-2024,1800.67,0.0
6058791658452231,401541530801,PUNB013237,Savings,Premium,Active,07-11-2024,,1282430.95,2732211.15
3270369944522326,401541530801,PUNB013237,Current,Premium,Active,02-01-2022,,969141.47,1143044.36
7847392267064,121856857386,BARB083054,Fixed Deposit,Premium,Active,05-11-2020,,1071053.14,2330772.15
3086060919861,121856857386,BARB083054,Savings,BSBD,Active,22-11-2021,,3995611.41,3770658.73
887203508963,888284461851,BARB073708,Fixed Deposit,Regular,Active,29-11-2018,,16623150.99,13648418.99
18442585184,284857525788,BARB047098,Current,Basic,Active,05-05-2016,,3907932.15,4020067.3
37426743272629,692418938529,HDFC058743,Recurring Deposit,Regular,Active,03-05-2024,,2180813.21,12877695.83
9286954935884,698631921232,UTIB098092,NRE,Regular,Active,10-11-2024,,1261889.56,1393478.49
98813780412,845243898070,BARB037869,Salary,BSBD,Active,02-09-2024,,9333231.5,9003049.46
1970633344494,845243898070,BARB037869,Salary,BSBD,Active,03-11-2023,,585612.38,1894032.94
98358163174,304840286300,BKID079303,Current,BSBD,Active,09-02-2023,,1691574.93,7156101.99
68804961154583,304840286300,BKID079303,Fixed Deposit,Regular,Active,12-11-2024,,8252343.47,8125169.76
49504765790239,975269626141,HDFC067547,Current,Regular,Dormant,19-10-2022,11-03-2024,316.26,0.0
85669753228296,975269626141,HDFC067547,Savings,Basic,Active,22-06-2020,,2175143.42,3551492.58
63200248983,904585088091,IOBA038171,Salary,Premium,Active,08-09-2018,,5712938.25,5437642.74
474122221873,627456120674,IOBA058115,Savings,Premium,Dormant,13-12-2024,13-12-2024,113994.81,172382.79
99341703523944,627456120674,IOBA058115,Savings,Basic,Active,17-10-2022,,8023232.9,8464195.98
17794753931321,583935267905,HDFC092964,Savings,Premium,Active,07-11-2024,,799110.52,968835.19
7557534900914490,298920514044,PUNB046049,Salary,Regular,Active,28-06-2023,,5987210.72,6169474.39
38400373653756,632858451025,BKID052442,Savings,Basic,Active,17-01-2020,,1880064.92,17772907.36
402499544918,632858451025,BKID052442,Savings,BSBD,Active,19-12-2024,,1986780.91,2081849.84
29284482018,578607970659,SBIN066108,Savings,Premium,Dormant,14-07-2024,08-09-2024,0.0,109057.12
59184900296,578607970659,SBIN066108,Salary,Regular,Active,03-10-2024,,1316185.98,7396727.11
25275401467,823971095111,SBIN044742,Current,BSBD,Active,01-12-2022,,1827329.16,12629948.44
43551104433,823971095111,SBIN044742,Savings,BSBD,Dormant,09-03-2023,14-10-2024,9500.41,4716.02
43268249326,348277208760,BARB047932,Fixed Deposit,Regular,Closed,06-04-2024,,0.0,0.0
51415218449,348277208760,BARB047932,Savings,Premium,Active,15-07-2024,,549415.23,413678.68
52675604431,252090582082,SBIN023995,Savings,BSBD,Active,29-09-2023,,4080928.34,3911438.84
537026551496,327892406120,KKBK091824,Salary,Regular,Closed,24-06-2023,,0.0,0.0
4241698839576,327892406120,KKBK091824,Current,BSBD,Active,16-11-2024,,3821223.46,3758199.9
241085077871,468383216911,ICIC098055,Current,Basic,Active,19-02-2019,,157887.82,7889705.85
9462130403706,739976346010,BKID025553,Recurring Deposit,Regular,Active,02-05-2024,,572105.83,1071348.76
8227544986245527,798765007395,PUNB047015,Savings,Premium,Active,03-11-2021,,733672.01,4281328.31
8343537223511279,798765007395,PUNB047015,Recurring Deposit,Basic,Active,14-11-2020,,802605.07,1706437.16
71212212809,360076285626,SBIN055783,Recurring Deposit,Regular,Active,28-02-2024,,7353243.27,8043778.47
37219330061,360076285626,SBIN055783,Salary,BSBD,Active,15-12-2024,,454736.69,16484332.5
60055065805260,266680473251,IOBA093578,Savings,Premium,Active,20-11-2022,,639014.21,7798280.52
45375192274841,266680473251,IOBA093578,Savings,Premium,Closed,20-08-2022,,0.0,0.0
750450908625,815776843148,BARB073979,Savings,Premium,Active,08-01-2023,,1480224.71,2838348.07
141256231792,679396487640,IOBA050183,Current,BSBD,Active,31-08-2024,,3871754.93,4733128.45
11420943035,748914247263,CNRB078215,Savings,BSBD,Active,31-03-2020,,953465.06,11576672.45
3568173068472540,137303809077,PUNB057102,Recurring Deposit,Regular,Active,22-06-2021,,2176583.76,3067240.74
3902253795077843,931358079875,PUNB079988,Savings,Premium,Active,19-06-2021,,6825680.77,6200627.82
10041613943,330704352352,IOBA058451,Salary,Premium,Active,07-05-2023,,1320122.65,2224829.03
33241602236869,330704352352,IOBA058451,Savings,Regular,Active,23-08-2023,,115056.81,6739072.58
85727613654,231849870636,BKID068476,Salary,BSBD,Active,10-08-2021,,6108409.34,6334393.47
31547400911,191066796274,SBIN029368,Savings,BSBD,Dormant,03-05-2022,09-11-2024,13504.65,3300.93
947184367079,648272681172,CNRB048110,Salary,Basic,Active,24-12-2021,,4478656.25,4935955.7
3618397319300,648272681172,CNRB048110,Salary,BSBD,Dormant,20-04-2021,26-01-2023,0.0,0.0
507846375749,877646522335,ICIC025241,Savings,Basic,Active,05-02-2023,,1033040.0,938832.52
57592561639985,164427400047,BKID050387,Salary,Regular,Frozen,06-06-2023,,0.0,0.0
86713189650,164427400047,BKID050387,Salary,Basic,Active,11-07-2023,,973342.93,664531.95
7356904775728,886015847721,KKBK018043,Current,Corporate,Active,26-07-2024,,10393482.03,4461434.12
22875358760,294581785134,SBIN064284,Savings,BSBD,Active,14-06-2024,,1526867.43,3151482.58
66273592249,294581785134,SBIN064284,Savings,Basic,Active,12-10-2019,,783078.15,2154898.51
9431269329265,521145467021,KKBK052449,Savings,Premium,Active,31-03-2023,,358627.99,2962888.32
87793368907770,521145467021,KKBK052449,Savings,Regular,Active,26-02-2023,,1713645.57,2520469.25
9290936968503,595056064111,UTIB066666,Savings,Regular,Dormant,23-03-2024,01-10-2024,0.0,59148.5
9195192192585,595056064111,UTIB066666,Savings,BSBD,Active,28-12-2024,,5393387.4,6131658.95
42864945100,708982712525,CNRB036218,Fixed Deposit,Corporate,Active,17-08-2015,,6179637.66,4118564.96
4091989818802,708982712525,CNRB036218,Fixed Deposit,Regular,Active,01-08-2022,,7759517.75,23731950.72
40686794430087,197920523394,CNRB018801,Savings,Basic,Active,20-03-2022,,855409.38,1316678.05
501853175097,409611181614,BKID059270,Savings,Premium,Active,23-10-2020,,4336738.09,5526960.49
49409425385362,409611181614,BKID059270,Recurring Deposit,Basic,Active,04-02-2021,,211465.86,613027.71
9292732824893,263937688739,UTIB014162,Savings,Premium,Active,09-06-2023,,161341.95,1649433.4
6176275879759520,662945046173,PUNB055061,Savings,Basic,Active,16-03-2024,,1492427.7,6490290.46
5336614846705135,662945046173,PUNB055061,Savings,Premium,Active,14-06-2017,,1329169.51,1449611.73
59140427770550,564555243661,HDFC063924,Savings,BSBD,Active,07-12-2024,,5390486.83,5232563.05
56578196405026,440644304603,KKBK058588,Savings,Premium,Active,09-10-2022,,4787168.74,5184357.7
43223649426865,556466773498,BARB086864,Fixed Deposit,Basic,Active,16-07-2024,,1160954.15,13117044.24
29515173680332,556466773498,BARB086864,Recurring Deposit,Regular,Active,11-08-2018,,5573206.52,5841528.19
25168857622,866813130150,SBIN073450,Recurring Deposit,BSBD,Active,02-10-2024,,1261068.79,7085595.98
14349132012545,120862376479,HDFC016065,Current,Corporate,Active,07-04-2020,,7304398.63,16585786.87
9101121121320,888593528004,UTIB016825,Recurring Deposit,BSBD,Active,24-09-2021,,2801147.93,2147610.26
9282006262645,888593528004,UTIB016825,Salary,Premium,Active,01-01-2020,,3046004.34,3357898.51
1530941708830,522236242460,BKID095468,Current,Regular,Active,06-06-2023,,488868.97,13130398.39
2739229376299,522236242460,BKID095468,Fixed Deposit,BSBD,Active,25-07-2023,,2192118.27,4654859.27
506539304067,612387185733,IOBA077301,Savings,Basic,Active,30-09-2023,,5975978.36,6048529.71
3437400250027277,886814108140,PUNB095853,Savings,Basic,Active,12-05-2024,,1340664.35,12157666.05
79254276552747,432253587707,IOBA042295,Current,Basic,Active,22-09-2020,,1501050.52,9208249.59
41234966682295,553263259836,BARB059931,Current,Regular,Active,14-10-2024,,561429.65,15512553.39
20786874494,390253006701,IOBA050377,Salary,Regular,Active,01-05-2023,,5631333.57,5590814.6
82219765845,390253006701,IOBA050377,Current,Regular,Active,27-02-2023,,314037.9,5776768.3
216449604949,343475287426,IOBA059029,Current,Basic,Active,03-10-2020,,513759.82,1362081.15
48462600801398,343475287426,IOBA059029,Savings,BSBD,Active,23-05-2017,,2377764.38,2248162.22
9102827532776,998188478822,UTIB079162,Salary,Basic,Active,21-08-2021,,595465.64,1048914.15
9281593132036,998188478822,UTIB079162,Salary,BSBD,Active,13-10-2021,,88881.39,6429589.32
129877849781,931622055871,ICIC088799,Savings,BSBD,Active,01-11-2020,,195835.46,237286.99
142838401897,567310145331,ICIC014204,Current,Corporate,Active,12-08-2023,,2208267.26,3108740.52
361746027277,567310145331,ICIC014204,Current,Regular,Active,21-01-2024,,408987.58,2899556.97
55787296592,251836664584,BARB042221,NRO,Premium,Active,11-03-2024,,1038759.28,5507803.13
7852163667670,251836664584,BARB042221,Fixed Deposit,Regular,Active,20-06-2024,,6219815.23,6226064.28
38816819848,426706026108,BARB057985,Salary,BSBD,Active,02-09-2024,,487961.97,7978180.29
25833570867947,426706026108,BARB057985,Savings,Basic,Active,28-07-2024,,1894359.33,2627361.15
92659364993683,745279303209,HDFC045047,Recurring Deposit,Premium,Active,08-11-2024,,2467508.42,14322878.15
12760040136627,745279303209,HDFC045047,Current,Basic,Active,16-12-2022,,715196.0,7891898.15
824891503820,654429616764,BARB049768,Savings,BSBD,Active,18-08-2021,,1577194.41,2684835.92
715522617798,654429616764,BARB049768,Savings,BSBD,Active,18-08-2022,,1163014.28,14785773.39
84971472251,939514789594,SBIN015196,NRO,Regular,Active,03-10-2024,,1687864.1,7063864.38
5640470923509,621708897396,BKID018821,Savings,Regular,Active,03-11-2024,,1541902.22,8699608.52
6193143995683,292794727647,IOBA030368,Savings,Basic,Active,07-10-2024,,218031.41,1071093.79
704745974236,253234497547,BARB020124,Savings,Premium,Active,08-06-2019,,6755417.69,6404975.29
86037953663,253234497547,BARB020124,Savings,Regular,Active,26-08-2018,,323636.65,7545504.66
174978175186,107243618743,CNRB085360,Salary,Basic,Active,02-12-2023,,4432333.91,4690697.69
440685521884,107243618743,CNRB085360,Fixed Deposit,Regular,Active,14-03-2019,,1389929.7,2574168.66
5577935240766,426667583517,BARB048333,Savings,Premium,Active,08-11-2024,,7040907.52,7592993.5
68063363813716,227146371148,KKBK010082,Fixed Deposit,Corporate,Active,12-11-2017,,9421476.91,4674272.91
40366598691153,227146371148,KKBK010082,Fixed Deposit,Regular,Active,05-09-2020,,4783385.7,4590139.57
992468191974,827925968783,ICIC052504,Salary,Basic,Active,27-09-2022,,4143099.05,4853707.96
9176752269012,131444079141,UTIB016977,Current,Regular,Active,19-09-2021,,337676.35,794073.05
70827715591464,612569252729,IOBA012957,Salary,Regular,Active,19-04-2024,,338434.77,1533482.68
78062642302,612569252729,IOBA012957,Current,Basic,Active,22-01-2024,,713820.86,8611628.49
717668682355,571070300651,IOBA040663,Salary,Premium,Active,22-05-2024,,1568597.53,1835704.55
477398996397,571070300651,IOBA040663,Savings,Basic,Active,16-08-2021,,714047.25,1946532.76
27440400592166,631301475168,IOBA028031,Savings,Regular,Active,21-06-2019,,664731.02,661809.36
27862055676,631301475168,IOBA028031,Savings,Basic,Active,21-07-2020,,271660.05,5384335.94
853982860692,488880953633,ICIC095910,Fixed Deposit,Regular,Closed,31-05-2021,,0.0,0.0
99483093616,718436178697,IOBA042561,Salary,BSBD,Active,17-06-2023,,2406548.33,2858890.04
66578722780,926052810560,SBIN077539,Salary,BSBD,Active,03-11-2021,,1466747.85,6611194.36
79480484273,926052810560,SBIN077539,Salary,Basic,Active,02-11-2019,,1610280.01,3590246.45
95102406990381,586060207067,HDFC073702,Savings,Regular,Active,17-04-2024,,613623.8,1205623.24
235882391894,508782562838,BKID016048,Savings,BSBD,Active,23-04-2024,,5423637.56,5545182.61
6489873403523,272537394312,BARB039065,Savings,Premium,Active,12-01-2023,,993524.14,1131831.52
998480555364,272537394312,BARB039065,Savings,Premium,Active,09-03-2020,,1750697.23,9921950.58
7478618237622589,374418075056,PUNB023240,Salary,Basic,Closed,13-09-2021,,0.0,0.0
4403834445123831,962299446891,PUNB038910,Fixed Deposit,Corporate,Active,03-01-2016,,15055606.37,10304148.34
2781549216970818,962299446891,PUNB038910,Fixed Deposit,Regular,Active,06-02-2015,,2069257.23,3026804.28
29546769019,775761306727,SBIN055148,Recurring Deposit,BSBD,Active,07-11-2024,,939764.57,1564748.98
53278870298,775761306727,SBIN055148,Salary,Regular,Active,09-12-2024,,1948783.12,1794588.03
35677997998,430454195654,BKID085774,Savings,Basic,Active,10-11-2022,,12977168.83,12536309.05
99784278195619,760605629604,IOBA077187,Fixed Deposit,Regular,Active,18-05-2022,,892696.26,13249780.78
61212188690,808790779573,SBIN056451,Current,Corporate,Active,27-09-2024,,7895963.88,5964106.69
28029201741,808790779573,SBIN056451,Fixed Deposit,Corporate,Active,02-10-2023,,6517869.35,10749711.12
905713484199,901139290809,ICIC060448,Savings,Premium,Active,10-03-2023,,6512563.62,6606623.31
49551645592,476347943582,SBIN093880,Current,Basic,Active,13-09-2023,,515956.03,1574289.47
23316167697,476347943582,SBIN093880,Savings,BSBD,Dormant,20-09-2023,04-07-2024,0.0,0.0
3081478745026,485311104493,BARB044973,Current,Regular,Active,23-02-2021,,3374848.82,3139442.77
9199435422425,582215508968,UTIB038119,Savings,Premium,Active,05-06-2020,,2672290.1,9001414.76
99059282514,276819839028,CNRB076149,NRO,Premium,Active,01-05-2021,,1834366.2,1943645.86
6475326456267,276819839028,CNRB076149,NRE,Regular,Active,16-03-2018,,7319020.2,8472476.16
6014330915223,457548284333,CNRB074737,Salary,Premium,Active,13-06-2024,,764613.31,2706604.03
89684773926,457548284333,CNRB074737,Savings,Regular,Active,21-05-2024,,3419602.8,3788503.44
39496379440463,536630677080,HDFC038243,Recurring Deposit,Premium,Active,24-07-2023,,1121050.95,9644338.16
43316269706921,536630677080,HDFC038243,Savings,Premium,Active,13-02-2023,,6265218.03,6769365.86
2110081095789,326033648904,BARB093795,Current,Regular,Active,11-07-2024,,5137345.41,12321320.36
11538389428,328597417667,SBIN019416,Savings,Basic,Active,27-12-2024,,231360.91,17459940.94
9221056493188,517710569181,UTIB036553,Fixed Deposit,BSBD,Active,16-09-2021,,654121.46,10287522.54
2135854758004636,708826305095,PUNB047681,Fixed Deposit,Corporate,Closed,19-09-2019,,0.0,0.0
6681629970287215,708826305095,PUNB047681,Fixed Deposit,Regular,Active,30-11-2015,,204494.52,1304609.33
155114119126,843129650251,KKBK043286,Fixed Deposit,Regular,Active,15-06-2016,,3953645.23,13429475.27
58593259961,843129650251,KKBK043286,Fixed Deposit,Corporate,Active,18-09-2019,,6511209.09,1109165.19
64655948356,437264900240,SBIN089549,Current,Basic,Active,07-10-2019,,4408326.72,4496728.48
2883938023335323,394095517741,PUNB010114,Savings,Regular,Active,06-11-2022,,397064.97,1386059.46
2696453722143827,394095517741,PUNB010114,Recurring Deposit,Premium,Active,10-08-2023,,1159629.71,498441.35
532802298853,696527503142,ICIC063055,Savings,BSBD,Active,07-02-2023,,8692987.83,12259694.3
650627451225,696527503142,ICIC063055,Savings,BSBD,Active,08-11-2016,,1760246.12,11499212.48
9815712956874,212440922341,BKID029935,Savings,Basic,Active,03-04-2023,,1325381.79,9112088.1
29679038275583,179772463817,HDFC095478,Salary,BSBD,Active,05-08-2022,,136482.04,311055.93
51679050784416,179772463817,HDFC095478,Salary,Basic,Active,10-06-2024,,1652801.01,13348545.59
808450732685,847546544751,KKBK096588,Savings,BSBD,Active,18-08-2024,,1906254.07,1847900.98
96382541129,847546544751,KKBK096588,Current,Basic,Active,08-02-2024,,571220.87,1235741.58
9197058631553,500480442043,UTIB060117,Savings,Regular,Closed,25-02-2020,,0.0,0.0
19789572579,392552953071,SBIN068808,Savings,Basic,Active,10-06-2018,,9221734.44,10553720.5
12308659542748,651256874387,BARB057642,Current,Regular,Active,19-08-2020,,3982387.58,7821836.04
46715080406,651256874387,BARB057642,Fixed Deposit,Regular,Active,04-06-2018,,937504.17,32457806.17
5327418296603126,421509071923,PUNB081555,Savings,Regular,Active,18-05-2024,,1415969.36,7819831.06
6424471012534238,421509071923,PUNB081555,Savings,BSBD,Active,02-03-2024,,2329491.22,2453167.92
4448622688960219,454592284749,PUNB057879,Current,Premium,Active,03-05-2022,,4733770.59,3938835.69
38527009129479,387370726105,HDFC070057,Savings,Basic,Active,03-09-2020,,689179.29,760917.2
74509533956702,387370726105,HDFC070057,Savings,Premium,Active,13-01-2021,,2837872.48,2056872.3
62877140549,610231389341,SBIN054350,Salary,BSBD,Active,15-06-2024,,1544438.88,4594264.6
77148117844,610231389341,SBIN054350,Savings,BSBD,Active,20-01-2024,,1693769.32,2795426.64
90689301600,308879979256,SBIN091087,Savings,BSBD,Active,08-04-2020,,5696601.04,5874251.66
92428837233,308879979256,SBIN091087,Savings,Basic,Frozen,25-11-2022,,0.0,0.0
333116932818,245745843235,ICIC049862,Savings,Premium,Active,17-10-2024,,3392050.01,3374423.28
58531169544208,786883773282,BARB057543,Salary,Basic,Active,11-09-2024,,4240384.45,5395058.68
236417112327,389683241307,CNRB039672,Salary,Regular,Active,10-02-2022,,313672.93,5721189.24
44595349474853,389683241307,CNRB039672,Current,Premium,Active,29-07-2017,,2293875.19,2625394.53
25439162442375,883602281642,KKBK062266,Savings,Regular,Frozen,20-12-2024,,0.0,0.0
12003714522,817716347949,BKID087905,Savings,BSBD,Active,28-12-2019,,1517947.13,5833681.0
8492649956066,658034033808,BARB083835,Fixed Deposit,Basic,Active,08-05-2024,,888155.67,11056015.01
80021424105571,870699332982,KKBK088587,Recurring Deposit,Basic,Active,14-10-2024,,8226.83,891982.26
71610370559451,497835133599,BKID019016,Savings,BSBD,Active,10-10-2024,,320461.76,1331230.38
304482784539,252294814541,CNRB095516,Current,Corporate,Active,14-03-2022,,9363885.46,10793591.04
571734303284,252294814541,CNRB095516,Current,Regular,Active,03-08-2015,,63877.35,2304638.53
76664743804023,558541739482,CNRB016965,Current,Corporate,Active,11-11-2020,,6108492.94,6973887.11
538976784017,558541739482,CNRB016965,Current,Corporate,Active,10-03-2023,,25229686.92,19689568.67
9283836170042,858515067612,KKBK050514,Savings,BSBD,Active,02-05-2022,,1023950.49,5660700.6
781708608697,926740138894,ICIC018903,NRE,Regular,Active,16-05-2023,,945482.99,7860076.65
492037049123,926740138894,ICIC018903,Savings,Premium,Active,12-02-2022,,1044935.24,6071187.21
10678562780,607108712347,IOBA065734,Fixed Deposit,Premium,Active,27-10-2023,,892289.4,6350207.39
68540460277464,579167116405,HDFC094007,Salary,Premium,Active,10-03-2023,,2031427.82,2015022.19
195689437154,553000144339,CNRB033183,Recurring Deposit,Regular,Active,15-03-2023,,888961.55,3609727.47
355797490543,553000144339,CNRB033183,Savings,Regular,Dormant,12-12-2024,31-12-2024,0.0,0.0
36278373692,270474989452,IOBA077488,Savings,Premium,Dormant,17-07-2024,12-01-2025,0.0,154726.64
72006764120403,270474989452,IOBA077488,Savings,Basic,Active,06-05-2023,,11278953.39,9744698.1
50573747649,924539405083,CNRB061768,Salary,Basic,Frozen,22-08-2022,,0.0,0.0
10357793636,856470734250,BKID067120,Current,Corporate,Active,16-07-2018,,7324405.91,15592547.39
96885701450684,523750829776,BARB019079,Current,Regular,Active,08-10-2023,,45617.39,1111706.31
25425006891277,523750829776,BARB019079,Current,Corporate,Active,03-12-2023,,755414.37,4810254.05
751877785564,206708589982,ICIC072510,Savings,Premium,Active,31-10-2019,,150822.6,3830544.76
2451155948699273,915054142682,PUNB077449,Savings,Premium,Active,15-01-2019,,2247576.7,9326999.51
86037464279242,318313433783,BARB069370,Savings,Basic,Active,18-09-2023,,1433648.29,2517035.02
699692313231,318313433783,BARB069370,Fixed Deposit,Premium,Active,02-08-2022,,831567.54,532887.87
672168838279,528850089728,ICIC058898,Recurring Deposit,Basic,Active,13-08-2024,,10444258.8,8814917.51
687537472783,528850089728,ICIC058898,Salary,BSBD,Active,11-12-2024,,1693991.37,6363499.66
501660649001,892150692991,IOBA079716,Fixed Deposit,Premium,Active,25-11-2024,,2227890.46,15107929.35
6535831533039,892150692991,IOBA079716,NRE,Regular,Active,25-11-2024,,4738060.21,5670115.15
59539881487982,962097454796,BARB054420,Recurring Deposit,Basic,Active,24-04-2023,,1697793.74,1933067.7
9229776731900,112205653087,UTIB061046,Savings,Regular,Frozen,28-11-2024,,0.0,0.0
316715474840,282986772451,BKID034510,Savings,Regular,Active,04-09-2015,,4385700.64,4299037.98
84211904951209,366145897880,HDFC080710,Salary,BSBD,Active,05-06-2018,,575778.38,1820231.38
98716832411938,366145897880,HDFC080710,Savings,Basic,Active,05-12-2023,,2332342.76,1539490.44
567995143426,502603357881,ICIC059900,Salary,BSBD,Active,19-06-2020,,1452389.3,9046408.39
13638064914574,465531776454,HDFC035341,Savings,Regular,Active,02-04-2023,,1953345.23,262391.32
200915508776,788734270558,ICIC033774,Fixed Deposit,Corporate,Active,17-02-2022,,8217739.04,4770971.38
76371351448689,184577727644,IOBA034123,Fixed Deposit,Regular,Closed,02-08-2020,,0.0,0.0
76998212050,758916092002,SBIN065922,Salary,Regular,Active,12-09-2024,,98931.64,3013875.25
99197665845,785958465831,BKID078936,Current,Regular,Active,17-01-2022,,13054821.6,14908284.25
55321813740016,232679094118,BKID099263,Savings,Regular,Active,18-12-2024,,5915603.11,8960131.89
1358679822201,232679094118,BKID099263,Savings,Basic,Active,11-07-2022,,4458929.86,6869086.62
9294881272129,394936763547,UTIB067810,Salary,BSBD,Active,13-04-2021,,3529531.76,4318242.82
9113195879331,394936763547,UTIB067810,Current,Basic,Active,23-12-2023,,1728027.71,8787985.56
55746218262852,517662437018,CNRB066876,Recurring Deposit,Basic,Active,01-01-2022,,860130.54,2287258.48
77007783861422,502978010924,HDFC029035,Savings,BSBD,Dormant,05-04-2023,17-12-2023,54203.58,747.25
54872832609719,502978010924,HDFC029035,Salary,Regular,Active,18-09-2021,,6331914.62,5794918.21
20781322732327,487190248055,HDFC066460,Savings,Premium,Active,21-07-2022,,1432007.57,13015234.4
66496211281169,487190248055,HDFC066460,Savings,Basic,Active,06-12-2020,,6101980.13,6713336.2
23329340287,150648630833,SBIN020776,Fixed Deposit,Corporate,Dormant,23-04-2021,23-04-2021,29638.26,89829.09
855242964807,824764689689,ICIC035341,Salary,Regular,Dormant,04-02-2020,14-12-2024,2660.19,206475.95
604796613474,824764689689,ICIC035341,Savings,BSBD,Active,17-06-2023,,810150.04,2218973.02
69506189563652,412749389579,KKBK025316,Salary,Basic,Active,29-09-2024,,3303505.54,2633979.52
41340507665481,412749389579,KKBK025316,Salary,BSBD,Dormant,11-02-2021,13-03-2022,0.0,0.0
6970459795626,865567740111,BARB011255,Savings,Regular,Active,18-08-2024,,3795740.19,3856580.14
228129767017,183713341456,CNRB040955,Fixed Deposit,Regular,Active,09-06-2022,,5643778.29,6212336.24
7815281289822,183713341456,CNRB040955,Fixed Deposit,Regular,Active,19-11-2024,,5132015.31,17708685.51
365205213520,112500574372,BKID019992,Savings,Regular,Active,01-06-2024,,232514.76,14567053.36
836853943755,820476566293,KKBK082257,Savings,Basic,Active,01-10-2019,,47459.61,1356262.8
9147093025658,594751199659,UTIB087998,Savings,Basic,Closed,14-06-2023,,0.0,0.0
640602988315,298817393422,BKID076111,Current,Regular,Active,30-08-2020,,2745166.22,3445770.09
9656653286076894,512810231677,PUNB088369,Savings,Regular,Active,20-09-2022,,904635.64,11141047.61
822988777502,953570686051,ICIC053861,Current,Corporate,Closed,08-03-2021,,0.0,0.0
341744897861,953570686051,ICIC053861,Current,Corporate,Active,06-01-2024,,2523224.83,23168232.07
77172052212,269745370058,SBIN010000,Savings,BSBD,Active,12-08-2023,,433273.83,8838137.66
58123901721,269745370058,SBIN010000,Salary,Regular,Active,11-11-2022,,1004915.85,6546836.19
765315200159,421988880850,ICIC019261,Fixed Deposit,Regular,Active,15-10-2016,,5189296.15,18282645.88
607055032656,421988880850,ICIC019261,Fixed Deposit,Regular,Active,05-11-2022,,571124.74,18313189.3
75928945732,238689683911,SBIN039891,Savings,BSBD,Dormant,10-09-2022,23-09-2023,0.0,0.0
39442581606,238689683911,SBIN039891,Savings,BSBD,Active,17-06-2023,,1725704.99,8295366.45
642306522027,250254171960,KKBK057728,Salary,BSBD,Active,20-01-2021,,1399103.77,7128576.49
1807449499300393,477994772818,PUNB026897,Savings,Regular,Active,03-01-2020,,2986731.4,3364395.07
97091994840458,993984483207,IOBA036504,Salary,Regular,Active,19-02-2023,,7831194.13,7192211.36
15450991173,993984483207,IOBA036504,Savings,Premium,Active,06-08-2022,,3571465.57,3775198.76
81517171039,448168542369,BKID063067,Savings,BSBD,Active,10-09-2019,,1022459.51,1778818.49
62122907921,448168542369,BKID063067,Savings,Basic,Dormant,14-11-2018,12-12-2020,35929.47,9303.41
6334596620636421,949608463625,PUNB094311,Salary,Basic,Active,13-06-2020,,428917.27,957057.68
546694322437,178623787521,CNRB058367,Current,Basic,Active,08-05-2023,,1042749.53,1315290.86
39824810690,178623787521,CNRB058367,Savings,BSBD,Active,10-08-2020,,821088.45,2395696.47
9215020465665,503332911670,UTIB049603,Current,Basic,Active,16-08-2022,,6219385.24,6101677.99
9174417206850,503332911670,UTIB049603,Current,Regular,Active,29-10-2024,,8328926.53,8212211.72
156068147841,157051333079,BKID076805,Savings,Basic,Active,09-09-2024,,4601091.96,5452161.96
29883884072,157871289604,SBIN074400,Current,Corporate,Active,04-04-2015,,2627266.94,9328603.84
39998570197,157871289604,SBIN074400,Fixed Deposit,Corporate,Active,19-04-2016,,939598.71,12377528.95
9262242242124,537830271706,UTIB081739,Salary,BSBD,Active,10-12-2022,,3604955.85,3184031.58
9175792726978,537830271706,UTIB081739,Current,Regular,Active,28-07-2024,,6206115.5,6009146.74
65683504852,337231909240,BARB015866,Recurring Deposit,Basic,Active,27-09-2023,,259811.18,802323.27
86899349016,921434147370,KKBK047957,Current,Basic,Active,23-02-2020,,7613075.29,7017906.9
9262863508441,921434147370,KKBK047957,Recurring Deposit,Regular,Active,17-05-2019,,1986560.21,10225439.24
17701668054113,869845785476,HDFC094114,Savings,Premium,Active,21-11-2023,,6312431.62,6725336.73
23114210440300,869845785476,HDFC094114,Savings,Basic,Active,03-12-2022,,1149714.31,13230612.25
9558625775408,110466306421,IOBA075971,Salary,Regular,Active,28-11-2024,,450569.05,6810597.86
716149051972,110466306421,IOBA075971,Savings,Premium,Active,20-12-2020,,979938.27,4874138.14
75997642430390,985795722461,IOBA089138,Savings,BSBD,Active,09-03-2024,,1134729.56,593272.44
23041699157293,899099505554,BARB080719,Savings,BSBD,Dormant,19-06-2023,06-02-2024,0.0,53617.54
59965446419031,899099505554,BARB080719,Salary,Basic,Active,20-11-2023,,9915472.74,9537717.1
80075168049423,272345299847,IOBA013085,Savings,Regular,Active,14-11-2021,,6517402.65,6973716.86
272556376277,183709936606,BARB091610,Current,Basic,Active,06-05-2024,,432584.09,161983.17
31723267016896,183709936606,BARB091610,Savings,Premium,Active,09-03-2024,,1291732.35,13139453.63
9188240937909,533097119868,UTIB029598,Savings,BSBD,Active,30-08-2019,,947788.34,6415192.89
5212096496237,759783494088,BKID016119,Salary,Regular,Active,01-04-2023,,1900984.08,6151967.57
65307377076406,279550614025,HDFC058266,Current,BSBD,Active,26-02-2021,,755782.18,13540376.98
92283296505364,279550614025,HDFC058266,Savings,Basic,Active,17-11-2018,,6363010.27,6152898.3
391181944812,256202901078,ICIC017321,Savings,Premium,Active,28-03-2023,,1602443.98,1509239.6
539482766843,204244055071,CNRB042393,Savings,Premium,Active,22-11-2024,,1867610.88,2432293.22
19758712722,204244055071,CNRB042393,Salary,BSBD,Active,10-09-2024,,8519757.19,8528934.2
990444630540,268412702139,IOBA058353,Current,Regular,Frozen,26-12-2023,,0.0,0.0
68422183155430,268412702139,IOBA058353,Current,Regular,Active,06-04-2021,,6605146.25,2772498.31
9274233961631,746647946032,UTIB081395,Fixed Deposit,Regular,Active,13-11-2021,,5306867.85,12911013.69
675282234595,439316264993,ICIC060234,Savings,BSBD,Active,08-11-2023,,5070754.72,4811147.77
996644021626,439316264993,ICIC060234,Salary,Regular,Active,20-09-2023,,922680.13,1170206.25
83514709658797,241158401054,IOBA028673,Savings,Regular,Active,21-02-2017,,856047.01,1277802.68
2579575553423,241158401054,IOBA028673,Savings,Basic,Active,03-05-2018,,1220070.4,2063867.96
69935723348,369453858469,BARB095493,Savings,Basic,Active,09-01-2024,,4457248.97,5051981.01
21070891174087,801079324264,KKBK023609,Savings,Premium,Active,25-01-2024,,838099.58,1179250.79
97941868273641,101698333179,BARB077567,Current,BSBD,Active,31-08-2022,,1690748.47,5633204.95
55266489510477,635324363084,IOBA036407,Fixed Deposit,Corporate,Active,02-10-2018,,5420888.29,6466154.99
92358290335360,370546073012,KKBK025556,Fixed Deposit,Corporate,Active,03-11-2024,,10198955.7,2773112.81
43597757398,370546073012,KKBK025556,Fixed Deposit,Regular,Active,11-12-2024,,1030360.35,17547292.13
270855480480,870985270886,KKBK053795,Current,Basic,Active,07-10-2024,,5285210.08,6190985.04
4007074395051928,684880704104,PUNB092475,Salary,Basic,Active,16-07-2023,,5174942.13,4901177.56
95768638160,246258145352,SBIN094164,Savings,Regular,Dormant,18-07-2022,25-05-2023,0.0,3245.44
74550433924,246258145352,SBIN094164,Salary,Premium,Active,12-02-2020,,1222492.04,3837656.14
12778842038,663172415630,KKBK080946,Current,Premium,Active,20-08-2024,,11053500.17,10545612.55
9192116321979,679711087803,UTIB087369,Savings,Premium,Active,01-09-2022,,19290294.74,16794245.78
9288028979885,679711087803,UTIB087369,Savings,Basic,Active,17-08-2024,,6339233.74,19901261.4
5176619665184590,231119756271,PUNB048718,Savings,Basic,Active,30-03-2023,,1231075.16,10603857.56
7535450469578921,231119756271,PUNB048718,Fixed Deposit,Basic,Active,27-10-2023,,3209846.4,3182286.27
90542314153087,766857427887,HDFC046675,Savings,Premium,Active,31-05-2024,,1440405.13,10238722.08
38196896071912,766857427887,HDFC046675,Current,Basic,Active,09-07-2024,,7803912.13,8799847.97
873545386348,126473487539,BKID020343,Salary,Premium,Active,19-09-2018,,6029440.71,6070352.47
29522827421044,126473487539,BKID020343,Salary,Premium,Frozen,26-06-2021,,0.0,0.0
5967849767535,794528064490,CNRB046120,Current,BSBD,Active,10-03-2022,,6711747.61,6198426.9
51757774883,794528064490,CNRB046120,Salary,BSBD,Active,26-10-2022,,3585311.71,5271470.56
351821045420,463276652218,ICIC053496,NRE,Regular,Active,08-04-2020,,822069.03,4562308.97
398962570344,463276652218,ICIC053496,NRO,Regular,Active,23-05-2016,,876373.42,3199413.98
800794288799,145094035466,KKBK043842,Fixed Deposit,Corporate,Active,02-03-2020,,1042472.48,16267156.79
434715976863,145094035466,KKBK043842,Current,Corporate,Frozen,10-03-2020,,0.0,0.0
9192691626905,389301647568,UTIB018849,Salary,Premium,Closed,29-05-2015,,0.0,0.0
9171633088441,389301647568,UTIB018849,Fixed Deposit,Regular,Active,18-06-2017,,1486019.36,2089948.67
58919290505895,227517658795,HDFC025262,Savings,Basic,Active,20-10-2023,,2086397.03,2078397.12
91073635055179,227517658795,HDFC025262,Fixed Deposit,Regular,Dormant,22-02-2022,28-08-2022,9693.69,0.0
9485118954357657,133088159108,PUNB019505,Salary,Premium,Active,25-10-2023,,1451514.23,8491441.33
1721615334334750,468407369311,PUNB037188,Savings,Basic,Active,12-06-2023,,870014.87,5437905.75
9269495617672,596735553079,UTIB038232,Fixed Deposit,BSBD,Active,25-09-2022,,1083082.7,11223055.93
6884629596684496,729485555045,PUNB067014,Current,Premium,Active,01-08-2022,,891814.32,1149563.7
686697308701,487002113558,ICIC037906,Current,Corporate,Active,18-11-2024,,8398910.67,4372975.84
179731820072,487002113558,ICIC037906,Fixed Deposit,Regular,Active,06-07-2024,,276332.65,9504882.31
4919415832931134,363791975027,PUNB098405,Savings,Regular,Dormant,01-12-2022,31-12-2022,106357.98,9667.67
63480421398964,881553571017,HDFC016662,Salary,BSBD,Active,25-05-2023,,2944585.23,10117764.67
49091562857434,881553571017,HDFC016662,Savings,Basic,Active,15-01-2023,,1849161.01,2326762.3
431254764442,168123579921,BKID022527,Salary,Premium,Active,07-04-2021,,1021233.58,1735741.38
8406387487553,168123579921,BKID022527,Savings,Regular,Active,21-01-2024,,1321065.72,10831235.07
24838933303565,354822688222,HDFC065642,Current,BSBD,Active,29-12-2024,,534735.97,2635785.87
11545506438573,354822688222,HDFC065642,Salary,Regular,Active,17-06-2024,,4458699.04,5710536.81
8380989031136,558002104942,CNRB052980,Current,Basic,Active,26-08-2020,,557298.89,9220585.52
49696703580,208810126921,SBIN037040,Current,Regular,Frozen,12-07-2016,,0.0,0.0
24695318683,208810126921,SBIN037040,Current,Regular,Active,03-12-2022,,391657.67,1478660.06
882020766250,422470325574,ICIC043408,Savings,Basic,Active,12-11-2023,,1134442.87,1651137.69
9984217173695570,736897708172,PUNB061702,NRE,Regular,Active,18-12-2022,,1507754.32,1382611.41
5386013473279377,736897708172,PUNB061702,NRE,Regular,Active,25-11-2022,,2881639.98,2516815.79
85074131205,697218001495,KKBK099439,Savings,Regular,Active,15-03-2022,,742301.19,18826356.52
841688690797,697218001495,KKBK099439,Savings,Premium,Active,20-12-2018,,4006890.25,4806027.35
920846621208,544075472921,ICIC096350,Savings,Basic,Active,12-06-2021,,2068590.88,3011767.59
52592514624,816241294626,CNRB059713,Savings,BSBD,Active,13-08-2019,,818035.81,7678005.44
43893532342,816241294626,CNRB059713,Recurring Deposit,Basic,Active,06-06-2024,,1095971.7,5873448.62
32252682044,535780520721,BARB066626,Savings,Regular,Active,18-11-2023,,592935.61,6301519.02
13026939019,535780520721,BARB066626,Salary,Regular,Active,04-10-2022,,7061621.94,6718484.63
24234345625,283695007893,SBIN096670,Fixed Deposit,BSBD,Active,07-01-2021,,6058546.11,5864747.3
63325673253,283695007893,SBIN096670,Salary,Regular,Active,25-08-2022,,5395310.24,5908246.97
69514087429728,739508268134,HDFC048596,Current,Basic,Active,06-12-2023,,9523162.2,9826989.78
47638575795749,739508268134,HDFC048596,Fixed Deposit,BSBD,Frozen,16-01-2023,,0.0,0.0
4783856126847550,718914348176,PUNB064019,Savings,Regular,Active,28-05-2023,,4028466.25,4497295.06
688367932547,759233345872,IOBA094950,Current,Premium,Active,10-12-2020,,1882867.33,12261069.75
72697830462,759233345872,IOBA094950,Savings,BSBD,Active,16-12-2017,,1525799.48,3740285.65
98629098045,446407135130,IOBA071332,Fixed Deposit,Basic,Active,11-12-2024,,1632613.37,1650018.69
42180667111,346409568721,SBIN084865,Salary,Regular,Active,14-11-2023,,6623795.81,7483116.65
21259930107,346409568721,SBIN084865,Fixed Deposit,Regular,Active,25-01-2021,,5239392.96,5646223.57
70492684323964,150907514945,HDFC064268,Savings,Basic,Active,03-04-2024,,615140.58,1642675.27
8270377069162,952045178443,KKBK092557,Salary,BSBD,Active,07-04-2022,,1853454.83,1906193.98
34014811872,952045178443,KKBK092557,Savings,Premium,Active,19-02-2020,,360245.17,11907739.06
91731340889,416729011583,BARB075223,Recurring Deposit,Premium,Active,03-04-2023,,500463.66,12948855.73
1913027692841336,220467793875,PUNB063052,Recurring Deposit,Basic,Active,28-01-2023,,329696.4,447039.35
447742012507,550584054358,IOBA064588,Savings,Basic,Dormant,25-05-2024,05-09-2024,49384.58,0.0
64359784472,550584054358,IOBA064588,Recurring Deposit,Regular,Active,15-06-2022,,804295.08,5450642.58
771797993859,963088850068,ICIC057318,Fixed Deposit,Regular,Active,02-05-2024,,997989.49,13737956.6
22681084732142,153827604731,HDFC059509,Current,Regular,Active,11-02-2022,,982188.32,1531809.85
23645260937122,481694264433,BKID031322,Savings,Premium,Active,21-08-2024,,855115.26,2415810.27
72085450461,481694264433,BKID031322,Fixed Deposit,Premium,Active,31-05-2024,,6938301.69,7135929.91
5425071407849,276003780832,IOBA053353,Salary,Premium,Active,04-09-2024,,2332926.45,8738911.36
1898020009869,905043431015,IOBA021457,Savings,Regular,Active,19-12-2022,,9468411.56,9032988.43
45151645356,905043431015,IOBA021457,Savings,Basic,Active,10-06-2023,,299975.31,7156683.82
98433125720272,211857440734,KKBK049684,Savings,Regular,Active,12-11-2022,,481017.02,715044.21
7232345854407,211857440734,KKBK049684,Recurring Deposit,Regular,Active,28-06-2020,,16671128.3,16554724.89
93698103647,284478297406,KKBK030594,Salary,Basic,Active,10-10-2023,,787198.62,15342933.42
24206471434,566001189652,SBIN021801,Savings,Regular,Active,21-01-2021,,5691890.55,7700538.71
52407195175,566001189652,SBIN021801,Recurring Deposit,Basic,Active,22-01-2024,,12496322.35,12199308.9
4002919588710413,704034272038,PUNB087816,Salary,BSBD,Active,22-04-2022,,9482256.47,9550540.79
3973132811893831,704034272038,PUNB087816,Salary,Basic,Active,23-07-2024,,158065.18,452197.24
43828968517768,369325881149,BKID058273,Fixed Deposit,BSBD,Active,01-11-2017,,989145.41,1326225.2
26724800207,369325881149,BKID058273,Savings,Premium,Active,03-08-2024,,1897434.17,8226932.91
44653083196,464663898748,SBIN043225,Savings,Premium,Active,09-06-2024,,5604633.55,7997507.98
70514062128,464663898748,SBIN043225,Salary,Basic,Active,11-04-2023,,1852916.09,7287660.82
29924311048118,282034576891,HDFC024647,Current,Regular,Active,10-01-2023,,8562619.96,7530336.21
64945481808400,282034576891,HDFC024647,Current,Corporate,Active,09-09-2023,,12343417.06,14114323.27
6238542136651546,906750034890,PUNB078194,Salary,BSBD,Active,17-03-2017,,178721.26,8606237.8
4498953018202,708342706859,BARB034918,Savings,Basic,Active,02-07-2024,,952250.85,1176163.25
8415867451571,708342706859,BARB034918,Fixed Deposit,Regular,Active,16-12-2024,,1608890.19,2954755.6
95491593154,290258784921,KKBK035978,Savings,Premium,Active,26-12-2015,,1648003.66,13354762.53
9247165892269741,757647407383,PUNB047195,Current,Premium,Active,02-12-2024,,1077907.71,7237570.72
5206431853880307,757647407383,PUNB047195,Current,BSBD,Active,29-03-2023,,1214373.5,7470553.31
9291000579924,657267010258,UTIB063997,Savings,Premium,Active,24-02-2022,,3495500.29,4937464.58
9196767127014,657267010258,UTIB063997,Salary,BSBD,Active,20-06-2021,,2250974.7,1743268.59
5752922423554592,253515453142,PUNB080397,Current,BSBD,Active,04-11-2021,,1753715.54,2700275.32
9151913863138801,253515453142,PUNB080397,Savings,Premium,Active,27-03-2023,,1052281.78,6833948.56
32121937018,275327545125,SBIN098904,Salary,Regular,Active,22-02-2024,,2011467.21,9740416.58
9149091404115,485307930882,UTIB018781,Salary,Basic,Active,12-03-2023,,634980.6,572474.91
9253939716528,485307930882,UTIB018781,Recurring Deposit,Regular,Dormant,22-09-2023,10-03-2024,3719.36,15190.82
312956260260,361037034587,BARB051650,Savings,Regular,Active,02-12-2020,,374283.99,2392409.05
96365256865,361037034587,BARB051650,Salary,BSBD,Active,09-06-2018,,3600036.83,3039415.27
27257885335658,637135840553,HDFC066813,Current,Premium,Active,23-09-2023,,1975541.42,6015424.32
62696559720970,637135840553,HDFC066813,Savings,Basic,Active,13-03-2023,,1224282.24,1362812.04
1573226149488,436277027831,BKID049798,Savings,BSBD,Active,29-10-2022,,599153.43,11505546.47
22598608200867,367275197981,IOBA010134,Salary,Regular,Active,24-12-2024,,506904.48,4300428.45
276328660995,903856791884,ICIC025765,Salary,Basic,Active,04-08-2024,,1242264.63,10415957.03
520846018963,903856791884,ICIC025765,Current,Basic,Active,14-02-2022,,1556453.54,11158061.22
34219755488,359879056259,IOBA016649,Salary,BSBD,Active,11-12-2024,,3816797.02,4286292.28
6580640313802345,498302474470,PUNB088308,Salary,BSBD,Active,03-01-2017,,6806619.74,6875952.43
115311375567,344357783111,BKID071038,Fixed Deposit,Regular,Active,25-04-2024,,4418146.47,5207680.91
3643353137799201,672373646494,PUNB082341,Fixed Deposit,Basic,Active,18-10-2021,,2141231.2,2069982.73
1971215157035574,672373646494,PUNB082341,Recurring Deposit,BSBD,Active,18-04-2022,,6066199.62,4994249.18
8376001512512798,865920423817,PUNB037955,Fixed Deposit,BSBD,Dormant,03-04-2024,05-05-2024,4462.94,64217.5
99727075842,155352830257,SBIN085478,Current,Corporate,Active,19-02-2021,,1951041.35,15652141.78
6408380788810,505798378923,KKBK049284,Salary,Regular,Active,14-11-2024,,875204.75,9893522.22
34347890301438,505798378923,KKBK049284,Savings,BSBD,Active,14-11-2024,,655825.78,1453827.91
8781104939637006,978979660301,PUNB086810,Savings,Basic,Active,07-05-2024,,1062062.93,3078242.81
95510082151,874788775251,KKBK028152,Fixed Deposit,Regular,Active,05-09-2021,,5494660.4,5439193.47
2355762779495481,629766763874,PUNB044917,Recurring Deposit,Basic,Active,01-06-2024,,6669726.05,6321847.65
7665384352239592,629766763874,PUNB044917,Recurring Deposit,Basic,Active,12-01-2019,,8296541.42,8430335.37
2286112659543,735196040580,IOBA068397,Current,Regular,Active,30-04-2024,,3716835.22,5181640.87
362213345836,735196040580,IOBA068397,Salary,Regular,Active,05-05-2024,,10146577.47,11207069.11
18195557092689,776547820028,KKBK072896,Current,Basic,Active,04-02-2019,,2168783.51,6834904.83
4005884089653,542114442714,IOBA078252,Salary,BSBD,Active,07-03-2020,,631542.92,3505047.69
916015709867,495135148719,ICIC049599,Savings,Basic,Active,11-05-2019,,5689215.76,4899861.09
208293328549,495135148719,ICIC049599,Salary,Regular,Dormant,06-07-2019,18-03-2020,1325.06,0.0
62091482895,652610178781,SBIN081993,Fixed Deposit,Basic,Active,08-11-2022,,4423589.43,5534420.22
71602422600,652610178781,SBIN081993,Recurring Deposit,Regular,Active,15-03-2020,,3291389.15,2547422.91
19564469458548,666852638813,BARB078237,Savings,Regular,Active,30-05-2023,,7269913.47,9427275.84
91040524191,666852638813,BARB078237,Savings,Basic,Active,24-05-2021,,153572.41,19831815.92
94181529100952,954044632918,BKID065661,Recurring Deposit,Basic,Active,17-07-2024,,1281552.77,1859634.9
3447958768189,954044632918,BKID065661,Current,Regular,Active,29-07-2023,,12418.51,3712422.96
324939375007,333778888345,ICIC075374,Recurring Deposit,Regular,Active,05-03-2021,,1117698.72,678435.1
212352397209,333778888345,ICIC075374,Fixed Deposit,BSBD,Active,17-12-2024,,3431713.68,3368513.42
7033079424427,933084176838,CNRB060252,Savings,BSBD,Active,01-12-2023,,1083924.54,2007516.86
789119351378,933084176838,CNRB060252,Current,BSBD,Active,21-06-2023,,1526013.11,1296468.08
25559563575324,648975924643,BARB017475,Fixed Deposit,Premium,Active,12-08-2020,,1541406.94,10506979.72
4792428380083,648975924643,BARB017475,Savings,BSBD,Active,24-01-2023,,767295.58,2427093.29
59313425945,763866095072,CNRB062522,NRE,Regular,Active,30-12-2023,,1001164.69,2041492.28
542934753624,991179012330,BKID073482,Savings,Regular,Active,22-12-2023,,1004730.67,864939.64
1481191384346357,204539588849,PUNB065352,Current,BSBD,Active,20-05-2023,,2042250.94,9339001.24
2746679005491154,580683414158,PUNB036901,Recurring Deposit,Regular,Dormant,22-12-2018,06-11-2023,199363.37,208724.48
6348003908659,526963136825,BKID040804,Savings,BSBD,Active,21-12-2023,,635065.54,4866691.52
32936839873978,526963136825,BKID040804,Current,Premium,Active,04-10-2024,,541689.21,3426214.51
24027006724,596228084882,SBIN020659,Salary,BSBD,Active,12-11-2023,,336744.26,1068486.88
17611887183,414445102119,BKID073533,Current,Premium,Dormant,28-02-2022,22-02-2024,223370.47,288285.75
25323914122,455540749172,CNRB075784,Salary,Regular,Active,11-06-2021,,2424103.2,2313810.83
9864042789032,455540749172,CNRB075784,Savings,BSBD,Active,12-04-2022,,11841042.37,19804780.22
44840486542483,113593924473,HDFC050286,Salary,Regular,Active,24-09-2019,,5598911.0,5798869.56
45103561651413,113593924473,HDFC050286,Savings,BSBD,Active,18-12-2016,,642577.17,6273775.13
947279427574,859729051936,CNRB029652,Fixed Deposit,Regular,Active,15-06-2019,,2059795.72,2737072.24
272675196754,859729051936,CNRB029652,Salary,Basic,Active,22-10-2023,,5271727.16,6348502.0
92931175252,215867650349,SBIN072687,Salary,Basic,Active,17-09-2018,,634172.84,1219521.23
77733205230,215867650349,SBIN072687,Salary,Premium,Active,18-05-2024,,303025.99,636088.34
4293266214613,911279042976,CNRB068965,Current,Basic,Active,26-02-2019,,275299.89,1750287.68
763142596996,911279042976,CNRB068965,Current,Basic,Active,08-08-2018,,1054155.74,12696079.85
21656151849188,512957515494,BARB011194,Recurring Deposit,Regular,Active,02-04-2020,,721202.38,1383818.79
13917656670,194386497722,SBIN077823,Salary,Basic,Active,27-03-2024,,9296053.28,2036251.99
81957423866346,489797370291,HDFC083823,Savings,BSBD,Active,28-12-2023,,6223387.57,7016561.0
75226311970914,435812175642,BARB018851,Fixed Deposit,Regular,Active,06-06-2019,,823503.79,5097302.58
1558623132993366,143108536673,PUNB018954,Fixed Deposit,BSBD,Active,20-04-2021,,16748.4,10908521.59
3730298834523772,143108536673,PUNB018954,Savings,BSBD,Active,12-03-2023,,379187.76,1931970.99
8386298727378,797159085033,KKBK080302,Fixed Deposit,Premium,Active,12-12-2024,,1195272.85,17091509.92
2536493820548178,450179873112,PUNB042594,Current,Regular,Active,28-06-2016,,11451738.52,7971539.94
9132685887393,475586887300,UTIB077512,Current,BSBD,Active,14-03-2023,,6206000.39,4709243.62
9288655687084,475586887300,UTIB077512,Savings,BSBD,Active,28-11-2023,,111508.54,12343685.41
83975582936,922223372894,SBIN053649,Recurring Deposit,Basic,Active,01-04-2023,,7597129.36,6858784.47
61788796635,922223372894,SBIN053649,Savings,Regular,Dormant,26-07-2024,26-02-2025,190655.95,0.0
9168625341570,965392644206,UTIB094684,Fixed Deposit,BSBD,Active,13-05-2021,,1207280.02,898086.62
220697401074,782062923938,KKBK019384,Recurring Deposit,Basic,Active,17-10-2024,,214248.75,888014.11
3923573903304,981427026919,IOBA061870,Savings,Premium,Active,16-06-2023,,55377.69,782831.65
45455940821,981427026919,IOBA061870,Savings,BSBD,Frozen,13-07-2023,,0.0,0.0
48433155118369,768173228258,HDFC053119,Recurring Deposit,BSBD,Active,29-08-2018,,3314563.63,3627089.69
66274103125321,768173228258,HDFC053119,Savings,Basic,Active,27-05-2024,,259336.5,678118.41
92175597595,169739111123,BARB036250,Salary,Regular,Active,02-09-2021,,2331494.52,16654971.3
9897296599481,169739111123,BARB036250,Salary,BSBD,Active,22-12-2024,,1499554.87,2173988.13
4865151857630891,651626861138,PUNB064602,Savings,Regular,Active,05-10-2020,,5025484.07,5189398.4
7479713017714938,651626861138,PUNB064602,Salary,Premium,Active,11-12-2021,,1408702.67,2254132.29
1798986969429,755577195594,BARB030974,NRE,Premium,Dormant,21-09-2016,12-05-2017,1242.41,2342554.81
533897372477,584932046361,KKBK046096,Savings,Premium,Active,24-05-2022,,3303028.35,4163190.51
39272234854716,584932046361,KKBK046096,Fixed Deposit,Premium,Active,18-12-2022,,272201.91,557652.96
810617781172,716397738958,ICIC090744,Savings,Premium,Active,22-06-2017,,457542.98,5161094.46
174969396746,716397738958,ICIC090744,Fixed Deposit,Basic,Active,22-08-2021,,2126152.93,2022781.44
729792184326,758336641777,ICIC022674,Savings,Regular,Dormant,01-11-2023,02-04-2024,0.0,0.0
490899820819,758336641777,ICIC022674,Savings,Regular,Active,05-04-2023,,375935.41,1738160.68
9198752323666,723927062375,UTIB014518,Current,Regular,Active,08-12-2020,,2562598.16,2832978.69
7979046137903,340793730858,IOBA037282,Savings,Regular,Closed,19-04-2024,,0.0,0.0
10122393432508,340793730858,IOBA037282,Savings,BSBD,Active,23-06-2023,,2274487.97,1720935.38
9920250257641,574949064564,IOBA010392,Current,Corporate,Active,25-05-2021,,430568.29,5925703.64
653011928099,574949064564,IOBA010392,Current,Regular,Frozen,12-10-2022,,0.0,0.0
32228453630,674812302179,CNRB031415,Fixed Deposit,Corporate,Active,09-12-2019,,3967563.59,4872895.42
656098313994,674812302179,CNRB031415,Current,Corporate,Active,27-06-2016,,4528252.37,10784299.59
7413520002654347,640128839308,PUNB080163,Salary,Premium,Active,26-09-2018,,10625659.66,10545258.52
369131914714,597525656201,ICIC041910,Fixed Deposit,Regular,Active,01-08-2022,,1515363.61,2754747.62
786815466139,597525656201,ICIC041910,Recurring Deposit,Basic,Active,17-10-2018,,1898278.73,15730857.72
48158016115880,119399956008,CNRB078641,Salary,Basic,Active,13-09-2022,,8093015.93,9973264.07
562661366858,130261082456,ICIC042891,Fixed Deposit,Corporate,Active,09-08-2017,,5239943.44,13509556.12
3974741368724,512104472080,CNRB041475,Savings,BSBD,Active,23-10-2024,,3013720.35,3593378.89
138514056661,512104472080,CNRB041475,Savings,Regular,Active,18-08-2024,,5731570.59,6675557.88
81534261225,416530426795,KKBK020704,Fixed Deposit,Corporate,Active,12-10-2021,,354532.86,396286.75
87096582818,416530426795,KKBK020704,Fixed Deposit,Regular,Active,11-02-2024,,9376791.03,842036.31
7482645452454,973598018575,KKBK099394,Savings,BSBD,Active,27-01-2019,,1330210.65,2004829.77
7233731132775,973598018575,KKBK099394,Recurring Deposit,BSBD,Active,20-04-2023,,530870.42,2466554.12
9605455002702507,226541155170,PUNB097586,Current,Regular,Active,05-05-2023,,1357891.31,3118895.97
2101449292202898,226541155170,PUNB097586,Fixed Deposit,Regular,Active,26-05-2022,,4688505.22,4417933.65
13562612594421,602701341446,BARB096113,Current,Regular,Active,30-11-2021,,20752.56,14567310.74
769504498061,602701341446,BARB096113,Fixed Deposit,Regular,Active,15-04-2022,,2243980.07,11909113.87
7289513844882,627553801554,BKID040240,Savings,Basic,Active,17-05-2024,,1642163.23,2436962.78
11119760696,627553801554,BKID040240,Recurring Deposit,BSBD,Active,09-12-2023,,6936714.23,6191206.33
180243531017,538458745935,KKBK095113,Current,Basic,Active,09-12-2022,,4500534.94,4647380.22
515707635254,538458745935,KKBK095113,Recurring Deposit,Basic,Active,28-04-2024,,1118249.64,3899347.17
7631783149103316,254098695953,PUNB052975,Salary,Basic,Active,25-09-2017,,1186387.68,2139024.37
73931665082294,222899672980,IOBA026214,Savings,Premium,Active,11-01-2020,,6391546.6,5851583.33
39487274363488,222899672980,IOBA026214,Savings,Premium,Frozen,15-02-2019,,0.0,0.0
9185993294830259,672635381821,PUNB082012,Savings,Premium,Active,17-02-2024,,1387794.93,2636107.22
4052231118522177,672635381821,PUNB082012,Salary,Premium,Active,31-05-2024,,11045939.0,10569569.16
1622860209770,259748507237,KKBK063679,Salary,BSBD,Active,25-03-2024,,5211592.55,5736169.8
791324642036,546487119620,ICIC043943,Salary,Premium,Active,30-09-2024,,844690.74,1698254.85
262635047603,935136636925,ICIC061386,Savings,Basic,Active,03-11-2022,,3419994.74,5701764.82
655947957308,935136636925,ICIC061386,Salary,Basic,Active,25-12-2022,,454958.1,1731187.97
41176811976928,714357626173,HDFC092352,Salary,Premium,Active,13-01-2021,,858688.38,3726058.01
84557526184084,714357626173,HDFC092352,Savings,Regular,Active,16-07-2020,,575874.05,1218726.04
895898011294,628962491950,ICIC044522,Current,Basic,Active,08-11-2022,,3210858.37,2759622.38
241622823047,628962491950,ICIC044522,Salary,Premium,Active,05-09-2023,,1007149.69,972494.95
577995271782,315329341346,CNRB029921,NRO,Premium,Active,19-01-2024,,2521954.95,8640212.99
37375102398759,315329341346,CNRB029921,Fixed Deposit,Regular,Dormant,13-09-2024,22-02-2025,18500.19,10652.85
9169039600825,714670702948,UTIB041508,Salary,BSBD,Active,02-09-2023,,933499.55,3484875.79
9263861526937,714670702948,UTIB041508,Current,Basic,Active,16-12-2020,,2013538.05,8884236.72
814674002508,162253905574,BARB025267,Savings,Premium,Active,04-09-2021,,2234667.28,3474371.2
50758221150,800091732365,IOBA085278,Fixed Deposit,BSBD,Active,13-10-2024,,408331.57,612719.54
5941416903858607,428574468115,PUNB097953,Savings,BSBD,Active,18-01-2020,,4847601.19,4926812.72
7184754153379145,428574468115,PUNB097953,Savings,Regular,Active,14-12-2021,,1341641.82,1533599.64
71289285339,562497105219,SBIN061385,Current,Basic,Closed,06-08-2024,,0.0,0.0
34893901522,562497105219,SBIN061385,Savings,Regular,Active,06-05-2023,,1713693.77,3073751.36
9203859678777,559791878009,UTIB043874,Current,Corporate,Active,02-12-2015,,9116752.83,7591993.77
9202009574667,559791878009,UTIB043874,Current,Regular,Frozen,20-05-2022,,0.0,0.0
2697200028578727,849526917562,PUNB069749,Current,Basic,Active,22-06-2019,,1445038.05,2120152.85
5017413794094,982838612216,CNRB076133,Fixed Deposit,Regular,Active,17-11-2024,,2883829.29,17878979.4
119011337329,809520756917,IOBA018866,Savings,Basic,Active,22-09-2022,,1059990.27,2555671.37
2650214612648,883416444658,CNRB070850,Savings,Basic,Active,03-08-2018,,1327970.33,1754941.08
37797958692,883416444658,CNRB070850,Recurring Deposit,BSBD,Active,03-11-2023,,2589768.06,3692842.36
12563350706,338626776834,BKID093615,Fixed Deposit,Premium,Active,23-05-2021,,3483775.98,3652962.2
20039127873,455386928683,SBIN026456,Savings,BSBD,Active,23-08-2023,,6686412.62,9301228.99
60562410375,455386928683,SBIN026456,Salary,Basic,Active,09-07-2023,,1602044.96,3646097.24
968563850614,398297323586,ICIC021657,Savings,BSBD,Active,26-07-2024,,2597855.99,1727156.49
4658041864008,882753447390,CNRB067254,Current,Regular,Dormant,25-10-2023,19-12-2023,17529.31,100364.86
1937119570729,791827355649,CNRB083311,Recurring Deposit,BSBD,Active,18-10-2019,,1529933.06,2851889.24
48879957397,791827355649,CNRB083311,Savings,Basic,Active,29-05-2021,,1425091.39,10822519.15
95700610462,619058921407,SBIN060519,Current,Regular,Dormant,08-09-2021,14-11-2022,13461.78,89710.05
32740439876,798081185981,SBIN026385,Savings,Regular,Active,10-06-2022,,446212.78,311171.89
76413951641248,648623938328,HDFC053802,Salary,Premium,Active,16-07-2022,,1294973.69,2004806.54
61909474832424,648623938328,HDFC053802,Salary,Basic,Active,11-10-2021,,1579322.56,16505857.23
9583969303266,315812707592,CNRB067317,Current,Corporate,Active,07-03-2021,,9789179.45,1633153.62
837817458086,315812707592,CNRB067317,Current,Regular,Active,29-07-2022,,20889401.43,26313908.71
7433972054894312,320632623720,PUNB075196,Salary,BSBD,Active,16-10-2024,,718939.38,1235344.54
9251910967543063,320632623720,PUNB075196,Fixed Deposit,Premium,Active,26-11-2024,,1793839.23,1767382.31
6172527456763156,797689942426,PUNB064931,Savings,Basic,Active,15-01-2021,,545274.77,2777984.72
2411613363339101,797689942426,PUNB064931,Savings,Basic,Closed,05-12-2021,,0.0,0.0
9275464185116,905077838984,UTIB025335,Fixed Deposit,Regular,Active,19-12-2023,,767097.45,3677254.32
92095371649,631188293772,BKID023947,Savings,Regular,Active,20-08-2024,,817252.49,9998204.24
39529195295,688421352757,BARB030560,Fixed Deposit,Corporate,Dormant,12-04-2023,22-11-2024,82155.86,0.0
9255997563901,688421352757,BARB030560,Fixed Deposit,Regular,Active,20-11-2022,,4242375.29,4603938.7
34004254668043,551094272568,IOBA053968,Savings,BSBD,Active,27-08-2023,,850260.98,17316488.9
8222522037389,551094272568,IOBA053968,Savings,Regular,Active,30-06-2019,,1222187.81,12975848.51
8104046611560,652638837989,IOBA025428,Salary,Basic,Active,16-12-2022,,1608134.68,891712.07
82677326336,315822038610,SBIN047674,Savings,BSBD,Active,24-10-2024,,165744.83,589841.52
75881322629,315822038610,SBIN047674,Salary,BSBD,Active,23-12-2024,,5355622.56,4865917.72
79307744977,834164565084,SBIN026335,Savings,BSBD,Active,11-06-2019,,2069519.33,14677668.23
867962742756,198434218021,ICIC062652,Recurring Deposit,BSBD,Active,11-04-2024,,2173352.13,13529444.39
255465750215,198434218021,ICIC062652,Savings,Basic,Active,26-05-2023,,763972.53,1750033.22
283212947645,323637723946,ICIC066152,Savings,Premium,Active,20-06-2023,,1146687.85,7599890.2
468102897159,328375944799,ICIC011716,Recurring Deposit,Basic,Active,22-06-2024,,7219275.39,10281620.91
729199554435,328375944799,ICIC011716,Savings,Regular,Active,04-08-2024,,10105399.6,10175478.36
4876345077095,197117889864,KKBK026962,Savings,BSBD,Active,30-01-2020,,1318020.06,9325731.52
75832292328998,197117889864,KKBK026962,Salary,BSBD,Active,15-05-2020,,2959904.62,3125924.78
9392284928598,667619596466,BKID024977,Salary,BSBD,Active,02-01-2023,,1343701.44,7882486.7
836023548948,487204554249,CNRB046889,Salary,Basic,Active,05-09-2023,,981060.62,10928914.98
90777226099,282414724655,SBIN014008,Fixed Deposit,Premium,Active,03-05-2021,,1629508.45,4123582.73
800039438936,598670699152,IOBA032117,Salary,BSBD,Active,07-11-2024,,1139000.81,831612.54
960376082383,894348195155,BKID055810,Savings,Regular,Active,17-02-2018,,576603.48,5551515.29
1707827471551,331796485547,BARB026578,Fixed Deposit,Basic,Active,21-09-2023,,1597065.57,14169263.57
776631065530,331796485547,BARB026578,Savings,Regular,Active,02-06-2024,,7535106.12,7772004.57
2796439422484,843981940170,KKBK010672,Current,BSBD,Active,19-01-2018,,818794.23,7094076.25
42428347269,843981940170,KKBK010672,Salary,Premium,Active,06-02-2023,,2575327.81,9250856.03
4099368472786,392194692713,IOBA053361,Salary,Premium,Active,20-10-2024,,737767.57,13563324.31
96537093912707,392194692713,IOBA053361,Savings,Regular,Frozen,09-02-2022,,0.0,0.0
4376646041442,821793208826,BARB029414,Salary,Regular,Active,12-10-2023,,542389.93,490306.42
17616418460427,138909195481,HDFC092098,Savings,Basic,Frozen,29-11-2019,,0.0,0.0
26267671756916,138909195481,HDFC092098,Current,Premium,Active,27-12-2018,,1358145.43,3820308.91
703319274656,448431348465,BKID013829,Current,Basic,Active,28-06-2022,,814721.35,2406347.43
34079251726955,448431348465,BKID013829,Fixed Deposit,Basic,Active,27-04-2023,,8572416.28,8920835.6
9102698474801,253961219238,UTIB094370,Savings,BSBD,Active,05-04-2024,,5942349.41,6200377.72
9122271234376,253961219238,UTIB094370,Savings,BSBD,Active,01-09-2021,,1816112.29,4233684.74
8324523089030,113579953357,BARB094204,Current,Basic,Frozen,11-05-2024,,0.0,0.0
88987735148,327716036576,SBIN093841,Recurring Deposit,Basic,Active,15-01-2023,,8339263.79,8630374.46
421369081519,990121013145,ICIC099129,Recurring Deposit,Basic,Active,30-04-2019,,418067.97,3379679.72
503943586929,990121013145,ICIC099129,Savings,BSBD,Active,25-08-2024,,1119003.12,1126932.54
286794823973,262688850188,ICIC024675,Savings,Premium,Active,27-10-2019,,2362893.14,13088626.76
54278084569,656389663690,SBIN082273,Savings,Basic,Dormant,16-03-2024,14-05-2024,82880.77,357.19
426867970804,345372994496,ICIC069137,Salary,BSBD,Active,21-10-2021,,2038371.06,8559176.73
132689935479,750799287097,CNRB065060,Savings,Premium,Active,07-12-2021,,1389473.64,9996829.91
52235434739,750799287097,CNRB065060,Savings,BSBD,Active,21-06-2024,,8260788.27,8535799.38
9280137688646,264962217070,IOBA061860,Savings,Premium,Dormant,17-02-2023,10-12-2024,47248.7,4571.73
45597799679,264962217070,IOBA061860,Savings,Regular,Active,27-06-2024,,379200.8,12626403.98
99068575323829,404829219860,CNRB044678,Current,Regular,Active,31-03-2017,,1106836.98,2991897.25
59649065878714,404829219860,CNRB044678,Recurring Deposit,Premium,Active,11-02-2024,,1189621.56,7149440.37
9155210906223,551066115351,UTIB061875,Fixed Deposit,Basic,Active,24-03-2024,,4471406.71,5037237.67
9243400796166,551066115351,UTIB061875,Savings,Premium,Closed,22-09-2024,,0.0,0.0
55413295018903,342192484118,HDFC038878,NRO,Regular,Active,03-09-2021,,789820.98,2483788.31
27938567726011,342192484118,HDFC038878,Savings,Regular,Active,20-04-2023,,1239219.14,5551567.15
3659704349774187,405157301371,PUNB085446,Savings,BSBD,Active,25-05-2022,,5320141.56,5922617.85
286133748349,499744770745,KKBK098978,Fixed Deposit,Premium,Active,13-06-2024,,3251670.93,4107577.89
7342758522760256,401593774081,PUNB059590,Recurring Deposit,Regular,Active,10-08-2023,,1147556.18,2540032.4
6799727846444454,401593774081,PUNB059590,Fixed Deposit,Premium,Active,02-11-2022,,1156658.96,12524205.7
2388441619197,664261240943,CNRB048116,Current,Regular,Active,29-07-2022,,1161969.92,15673559.52
337791681081,664261240943,CNRB048116,Fixed Deposit,Regular,Active,22-01-2021,,5217576.2,1363497.68
6155947470983290,627238998836,PUNB024992,Fixed Deposit,Regular,Active,16-07-2019,,3233456.63,11290491.25
2004720312515937,627238998836,PUNB024992,Current,Regular,Active,17-09-2017,,3352546.25,8581569.99
943844178178,574436636454,ICIC010143,Savings,Basic,Closed,03-06-2020,,0.0,0.0
450721625000,574436636454,ICIC010143,Savings,Regular,Active,10-05-2022,,6596305.6,7390225.19
41513039398131,770876765460,CNRB022581,Savings,BSBD,Active,24-01-2024,,10042013.52,10318533.53
76757892866,770876765460,CNRB022581,Salary,Basic,Active,13-11-2024,,7754523.25,7961409.24
88250682165,910408741741,BKID058790,Savings,BSBD,Active,26-09-2024,,1271662.6,2053669.57
937111977125,856471244391,ICIC019326,Savings,Regular,Active,23-11-2021,,1523547.49,1941818.03
534219110830,446045683931,CNRB046531,Savings,BSBD,Active,02-11-2018,,7586387.85,7570140.53
215641877154,686674540072,ICIC066316,Savings,Regular,Active,19-12-2020,,6162.22,4107023.65
49745605100,564834756248,IOBA032947,Savings,BSBD,Active,28-11-2022,,7272810.06,6907521.98
9376222289965462,829102244010,PUNB092031,Savings,BSBD,Active,18-06-2022,,5628777.99,5006989.5
8589022498875386,829102244010,PUNB092031,Savings,Basic,Active,16-07-2024,,823344.05,703463.96
9112478879229,344021426955,UTIB090662,Recurring Deposit,BSBD,Active,09-04-2023,,907298.4,848924.92
9291495384205,344021426955,UTIB090662,Salary,BSBD,Active,29-11-2021,,3234064.54,3346848.57
800300769079,484458060757,ICIC063727,Salary,Basic,Active,19-06-2024,,1434200.61,14146510.04
1530189432538126,500480307547,PUNB047596,Fixed Deposit,Premium,Active,17-10-2024,,4526297.04,4150255.8
5869345044997650,500480307547,PUNB047596,Savings,BSBD,Active,23-12-2024,,393230.07,1353210.71
63310337442,825253248607,SBIN093571,Savings,Basic,Active,28-11-2018,,968753.51,3851151.14
94382268828689,101466816058,HDFC069451,Current,Basic,Active,21-05-2019,,4835384.62,4851063.29
87758782491287,101466816058,HDFC069451,Fixed Deposit,BSBD,Active,13-08-2019,,3692637.09,3835436.29
22642626723112,239594520554,BARB027797,Salary,Basic,Active,26-04-2024,,2901782.55,3003428.34
88692561257138,544322524968,HDFC028094,Current,Basic,Active,01-06-2024,,1324200.26,2613981.8
86121143984,806425972439,SBIN093750,NRO,Premium,Active,30-04-2024,,797127.19,7966442.13
60698554052,637895949500,BARB079850,Recurring Deposit,Regular,Active,11-03-2024,,597743.81,4321202.81
2118739276395,977610240890,IOBA017328,Recurring Deposit,BSBD,Active,22-05-2020,,1197714.56,2673525.64
68608191382,977610240890,IOBA017328,Savings,Regular,Active,02-02-2021,,73217.18,436977.65
636465132063,651149003363,ICIC016226,Current,Basic,Active,26-07-2024,,714513.11,16602272.1
318387134178,199278117726,ICIC037095,Savings,Basic,Active,22-04-2021,,406719.83,7964756.24
466746834399,199278117726,ICIC037095,Salary,Premium,Active,28-03-2024,,2008455.4,2427290.8
9292894001262,720373093204,UTIB079163,Savings,Regular,Active,03-08-2021,,460554.63,6602193.64
9286511362353,720373093204,UTIB079163,Recurring Deposit,Premium,Active,18-01-2024,,1316513.42,11631175.49
77162060071,640488084082,SBIN024964,Savings,Premium,Active,12-03-2024,,1719248.84,2489399.82
66770422957,640488084082,SBIN024964,Salary,Regular,Dormant,24-01-2023,07-01-2025,29198.81,0.0
41564724609155,366073833520,HDFC095515,Recurring Deposit,BSBD,Active,04-07-2022,,6196669.14,6346363.44
22868289278524,366073833520,HDFC095515,Savings,Regular,Active,13-07-2024,,1411990.37,2047718.16
3411163436996812,363397428322,PUNB041164,Recurring Deposit,Premium,Active,17-11-2024,,2103331.88,1478087.99
65449077642,130792859578,BARB050857,Savings,Regular,Active,15-10-2022,,1376778.36,2234365.43
43662399948687,267950465025,HDFC015877,Savings,BSBD,Active,18-03-2024,,5329938.31,4970146.4
45944083012602,267950465025,HDFC015877,Salary,Basic,Active,19-03-2024,,1401201.08,4014765.67
42144548171501,811568649309,HDFC028250,Savings,BSBD,Active,10-11-2023,,411935.8,10767904.95
495545520678,603744698954,BKID037196,Salary,Regular,Active,06-11-2023,,2055072.68,12938275.48
46878578436,258644357318,BARB020957,Current,Premium,Active,19-09-2024,,1747999.3,2367791.39
14842119161,680565882430,IOBA057593,Current,Regular,Active,28-04-2023,,4181576.85,16000099.1
359931613657,430892658342,ICIC015402,Fixed Deposit,BSBD,Active,03-06-2024,,4170854.98,6674761.64
683799106067,430892658342,ICIC015402,Savings,Basic,Active,03-02-2024,,3740225.7,4619548.59
66231526984,688624754324,BKID080902,Savings,Premium,Active,13-11-2019,,1579205.44,1666605.54
634591584414,549238676346,ICIC092829,NRE,Regular,Active,29-03-2021,,1055652.72,1116518.19
423859153774,686113026334,IOBA020866,Current,Regular,Active,09-05-2018,,376318.56,8175897.57
19164918820,686113026334,IOBA020866,Current,Corporate,Active,03-06-2023,,12441140.19,13089538.82
90781540603,557834503795,BARB084094,Savings,Regular,Dormant,09-11-2019,28-11-2023,263504.46,11027.44
6419140092587,557834503795,BARB084094,Salary,Regular,Active,21-11-2019,,5661979.32,5937810.22
441722180158,932293191086,BKID028836,Recurring Deposit,BSBD,Active,03-10-2023,,1168009.34,3049934.16
2142549279288,251372939924,CNRB071159,Current,Regular,Active,28-01-2024,,1427063.14,2235097.04
348045640314,251372939924,CNRB071159,Savings,Premium,Active,06-09-2023,,877428.83,1892645.55
44256468263377,538817896518,HDFC090206,Savings,BSBD,Active,23-11-2023,,4002222.81,13442613.03
51706501888113,538817896518,HDFC090206,Fixed Deposit,Premium,Active,03-02-2024,,132019.27,4608295.84
9925361474127825,739618931437,PUNB082232,Savings,Regular,Active,27-07-2023,,6707464.41,6738039.96
882258121016,951087537973,KKBK034633,Savings,BSBD,Active,20-12-2024,,1446920.51,1755389.3
390580363807,951087537973,KKBK034633,Fixed Deposit,BSBD,Active,11-11-2022,,1610020.14,1179482.04
54112781986,980649751863,SBIN013384,Savings,Basic,Active,09-10-2021,,1386325.47,7967666.34
52404035893,980649751863,SBIN013384,Savings,Premium,Frozen,01-11-2023,,0.0,0.0
30229395449268,290185471547,KKBK025804,Savings,Basic,Active,06-09-2024,,436559.46,2772149.68
60660954622445,290185471547,KKBK025804,Savings,Regular,Active,04-08-2020,,249616.76,4036341.91
9207991448365,508410965527,UTIB011861,Current,Corporate,Active,09-03-2019,,702716.25,9821174.23
80804842815,179513068521,KKBK026748,Current,BSBD,Active,01-03-2021,,2206525.21,1515882.57
58916542400963,157352290958,IOBA055803,Salary,Basic,Active,15-09-2022,,1064946.14,7848128.07
9281695274528,379418353774,UTIB033709,Current,Basic,Active,28-05-2018,,1090675.44,3404144.46
9276767781754,379418353774,UTIB033709,Salary,BSBD,Active,14-10-2024,,858958.43,2285308.95
5761762632932,250961740003,BARB043497,Salary,Premium,Active,23-11-2024,,697926.06,615320.45
1683459895681749,561346188771,PUNB041778,Fixed Deposit,Regular,Active,18-06-2022,,1689613.24,3287955.56
8196086697160389,705660615697,PUNB094192,Current,Premium,Active,02-10-2018,,1234468.37,3150059.95
4136329993368043,705660615697,PUNB094192,Salary,Premium,Active,05-10-2020,,2145997.12,7731566.55
7097086256294,471615047165,BARB056316,Current,Corporate,Active,24-12-2023,,4743829.82,18692353.5
9201278837486,892746991306,UTIB095491,NRE,Regular,Active,17-02-2020,,930855.54,636951.53
9288720552299,892746991306,UTIB095491,NRO,Premium,Active,30-10-2017,,625509.36,666203.19
5777857341100,692706106335,IOBA026522,Savings,Basic,Active,31-12-2022,,4706961.3,6128596.12
27878479493,692706106335,IOBA026522,Recurring Deposit,Regular,Active,23-04-2019,,1619192.38,10711569.33
69997504998,212762486774,SBIN066889,NRE,Premium,Active,26-04-2022,,1559596.73,3870461.26
94564176204750,115725965620,HDFC020411,Savings,BSBD,Active,01-03-2018,,849522.92,4893889.0
49550402058508,266432063631,BKID074068,Recurring Deposit,BSBD,Active,14-08-2024,,5484403.34,5626840.57
4725943344677,690103087552,BARB029116,Savings,Basic,Active,27-08-2020,,1752003.03,3878380.73
79385274338930,690103087552,BARB029116,Current,Regular,Active,08-01-2024,,529388.07,8827095.8
159284471813,990658736334,IOBA059832,Fixed Deposit,Regular,Active,06-09-2018,,4571992.29,4151538.36
60223658101,990658736334,IOBA059832,Savings,BSBD,Active,07-10-2022,,1076107.51,1967739.46
9292302113288,613707724137,UTIB015942,Savings,Premium,Dormant,14-11-2017,26-11-2024,89986.4,256560.89
9116024342639,613707724137,UTIB015942,Salary,Basic,Active,30-05-2020,,1394871.26,1174363.98
96622771139076,912425322399,BKID097884,Salary,Basic,Active,10-07-2019,,3206561.78,3938996.89
762254423232,912425322399,BKID097884,Recurring Deposit,Basic,Active,18-11-2022,,1916816.48,3101276.04
7614781239862010,857991142090,PUNB091751,Fixed Deposit,Regular,Active,23-02-2018,,7911685.31,7678405.16
14298729336301,376605776405,HDFC083546,Fixed Deposit,Basic,Active,11-07-2022,,535717.99,2816816.94
97392778265751,801776086746,KKBK040475,Current,Premium,Active,25-12-2024,,1029422.32,2262904.17
7743488639810,801776086746,KKBK040475,Fixed Deposit,Regular,Active,23-07-2024,,3719223.14,4458741.57
565698134371,427457025911,ICIC044547,Salary,Regular,Active,02-05-2024,,1738855.78,1832919.86
65014412156,780488356356,BKID012289,Fixed Deposit,Corporate,Dormant,25-04-2020,23-04-2021,2229.84,0.0
79285677165,615798986438,SBIN044406,Savings,Premium,Active,19-11-2019,,803944.74,10581747.5
88583891460,615798986438,SBIN044406,Savings,Premium,Active,04-05-2018,,5455398.08,6121173.69
1917973846128829,519362078019,PUNB043105,Salary,BSBD,Active,28-04-2024,,1235866.11,2761492.43
9251219491130,427839710696,UTIB085628,Salary,Premium,Active,11-02-2024,,1087832.73,4798197.46
9150305300208,427839710696,UTIB085628,Salary,BSBD,Active,05-10-2024,,9885485.93,10297200.83
60865038838,832231113286,SBIN071916,Current,Corporate,Active,16-10-2015,,885652.17,5386214.38
23958064005,832231113286,SBIN071916,Fixed Deposit,Regular,Active,03-12-2024,,428839.55,23410808.74
782587191875,848907386048,BKID023292,Salary,Regular,Active,24-05-2022,,514713.44,7086710.11
76704433925,341391370187,KKBK011879,Savings,Premium,Active,20-09-2020,,3904596.94,4152696.28
35879176589,936104424344,SBIN021740,Fixed Deposit,Regular,Active,03-05-2022,,14814858.56,16803781.17
60756416801368,934377590937,HDFC097441,Salary,Premium,Active,01-07-2021,,6082585.74,6569449.91
491126067711,798300162796,IOBA038124,Current,Corporate,Active,16-09-2024,,3608994.13,5622466.92
4363161374472428,344325271242,PUNB066455,Salary,Premium,Active,24-06-2024,,255197.29,1482571.48
4132481412063041,344325271242,PUNB066455,Salary,BSBD,Active,21-11-2024,,8899119.3,9110251.96
47110472988,872005949589,SBIN043288,Savings,BSBD,Active,05-12-2024,,2460181.3,10036296.76
80352001421,872005949589,SBIN043288,Fixed Deposit,Regular,Closed,18-04-2021,,0.0,0.0
4154640211860348,400963409649,PUNB066856,Current,Regular,Active,28-12-2024,,17460553.37,5571863.85
9895324704506714,400963409649,PUNB066856,Current,Corporate,Frozen,26-09-2024,,0.0,0.0
31101061226298,623286661595,HDFC083075,Savings,Regular,Active,21-10-2023,,7536705.99,6352657.16
50533207116843,623286661595,HDFC083075,Current,Basic,Active,22-06-2023,,539258.85,661058.68
5425412539453,466630413548,KKBK013254,Fixed Deposit,Regular,Active,30-01-2024,,2118736.7,6651840.95
49544190123,466630413548,KKBK013254,NRO,Premium,Active,08-05-2024,,2020517.96,7793530.3
108183444740,977697289990,ICIC085833,Savings,Basic,Active,03-11-2021,,85054.49,540454.97
548196655285,977697289990,ICIC085833,Recurring Deposit,BSBD,Frozen,16-09-2023,,0.0,0.0
8721017817524467,664432725475,PUNB010090,Salary,Premium,Active,06-11-2024,,1002810.7,2082193.44
1891919194206484,664432725475,PUNB010090,Savings,Premium,Active,15-06-2024,,6879602.12,7598258.92
32476876314,460796807707,SBIN035481,Fixed Deposit,Regular,Active,21-11-2017,,7189159.18,12417925.14
9181920534480,600125875978,UTIB073669,Savings,BSBD,Active,01-04-2020,,2530093.45,9579440.03
94429588793619,304721092968,KKBK059185,Salary,Regular,Active,13-12-2018,,20050.26,2025448.44
136013126531,460682135264,ICIC026811,Savings,Basic,Active,13-04-2020,,12033996.31,11352629.06
477996641815,460682135264,ICIC026811,Savings,BSBD,Active,02-12-2024,,1775260.38,12295448.39
4065395173952,474617173630,CNRB083702,Savings,Regular,Active,10-06-2022,,1437308.89,16319517.13
95301950526520,474617173630,CNRB083702,Savings,BSBD,Active,04-04-2022,,845963.02,641315.63
157436929016,178146392383,CNRB082039,Salary,BSBD,Active,14-09-2024,,536853.44,265206.7
51397413220116,178146392383,CNRB082039,Salary,Premium,Active,05-07-2024,,1008308.4,2488672.93
27517948052613,764398838998,BARB070274,Fixed Deposit,BSBD,Active,18-01-2023,,914925.43,1048700.02
96431787177989,764398838998,BARB070274,Savings,Basic,Active,24-08-2022,,1164034.09,3419090.43
35445134806001,261806945689,BARB038192,Salary,Basic,Active,29-12-2019,,2600162.46,4038273.12
12963378828,729962969426,SBIN021156,Fixed Deposit,Regular,Active,11-09-2024,,8969374.7,9286485.68
72237331541987,832036063389,KKBK086898,Salary,Regular,Active,25-12-2022,,9890523.47,9288633.9
97056289979,171917123143,KKBK068619,Savings,Regular,Active,01-04-2024,,3596143.79,3971651.3
311733117220,546981580678,IOBA058515,Savings,Basic,Active,31-01-2024,,236435.11,6471064.42
8775063022566,546981580678,IOBA058515,Savings,Basic,Active,28-06-2024,,169093.87,363881.59
56300708454414,530101808990,HDFC032865,Savings,Premium,Active,31-10-2023,,341971.16,4116416.94
362560458897,260632469565,CNRB070414,Current,Basic,Active,28-10-2018,,1152426.82,15452018.4
76066355238,931207730414,SBIN039539,Savings,Premium,Active,08-03-2021,,815674.69,7113651.2
80206520713,931207730414,SBIN039539,Fixed Deposit,Premium,Active,12-08-2021,,1444240.59,1893071.34
7429153214672967,685187471302,PUNB068946,Salary,BSBD,Active,08-03-2019,,4783224.4,4331627.76
76249231998,453776257211,SBIN052690,Savings,Basic,Active,26-01-2019,,265967.58,1084137.86
91695780051,453776257211,SBIN052690,Recurring Deposit,Basic,Frozen,01-09-2024,,0.0,0.0
5403018879109520,877533101251,PUNB031285,NRE,Regular,Active,01-12-2024,,1109517.89,1205741.44
6857252369059760,877533101251,PUNB031285,NRO,Premium,Active,03-03-2024,,5301778.13,5301744.21
478277385171,826935640394,ICIC064810,Fixed Deposit,Regular,Active,05-08-2022,,561087.99,9769086.35
103808222016,215588040844,ICIC015913,Salary,Regular,Active,23-08-2024,,902227.63,904741.48
958624786427,215588040844,ICIC015913,Fixed Deposit,Regular,Active,09-04-2024,,385190.71,15827841.5
9148515010870219,277315326585,PUNB048521,Savings,Regular,Active,23-12-2023,,323745.49,8171255.51
9137906979995,650365867684,UTIB041515,NRO,Regular,Active,05-08-2018,,10865465.94,10951691.15
838481664813,464851158867,ICIC087369,Savings,BSBD,Active,05-12-2023,,120791.96,9658139.01
247406687545,464851158867,ICIC087369,Savings,Basic,Active,08-06-2023,,986600.23,17204060.68
40978583491,275884401796,SBIN014351,NRE,Regular,Active,05-01-2024,,1168349.22,11231342.48
40023659956,208330278460,CNRB017302,Savings,Basic,Active,24-02-2020,,1116183.9,2912907.0
24086985988594,376930600186,HDFC059793,Recurring Deposit,Premium,Active,16-08-2021,,7951454.86,7636453.43
9175471425063,455612289552,UTIB050721,NRE,Regular,Active,23-07-2021,,3966481.24,4717898.94
9212152363410828,479221219049,PUNB052512,Fixed Deposit,Basic,Active,21-08-2020,,4041973.66,3974613.6
74455234711478,335552621127,BARB029538,Salary,Regular,Active,14-05-2020,,2287287.68,2265561.72
32836700239960,335552621127,BARB029538,Salary,Basic,Active,02-01-2020,,784132.02,1558686.82
35540105300,834945939226,IOBA050141,Savings,BSBD,Active,11-09-2024,,573014.87,1992736.21
87534879950,574568809941,SBIN017964,Salary,Basic,Active,19-03-2020,,4602283.74,4596883.36
4819563344403,772151932583,CNRB057338,Current,Regular,Active,25-06-2018,,621854.0,7076723.2
168049966776,772151932583,CNRB057338,Current,Regular,Active,23-10-2021,,1121055.57,2310181.08
9018950538211,639334027874,BARB026055,Salary,Premium,Dormant,17-10-2022,30-05-2023,0.0,63373.63
3707183575274,633444691272,KKBK090062,Fixed Deposit,Premium,Active,11-05-2019,,636231.1,6527358.89
794640365682,454661575904,CNRB022427,Current,Regular,Dormant,17-11-2021,11-05-2022,0.0,0.0
9260929926251,300254140712,UTIB011039,Current,Premium,Active,05-05-2022,,679279.02,1238495.72
9262651796829,300254140712,UTIB011039,Fixed Deposit,Basic,Active,11-06-2022,,1469046.0,2207817.04
1856609993207944,357972013375,PUNB095925,Salary,Premium,Active,09-11-2024,,2097355.44,1605055.67
3184896036798085,357972013375,PUNB095925,Savings,Regular,Active,08-07-2024,,3766762.27,3797797.9
468005013754,921256299848,BARB053249,Savings,Premium,Closed,07-07-2024,,0.0,0.0
898020171329,138800001878,BKID056582,Savings,BSBD,Active,07-04-2024,,409242.82,935450.74
69688142994367,138800001878,BKID056582,Current,BSBD,Active,18-06-2023,,736987.97,1513772.79
507294838936,789659768861,BKID012282,Fixed Deposit,Regular,Active,18-06-2022,,1234863.51,4596712.09
7821462199924469,612453479369,PUNB063794,Current,Premium,Active,21-08-2024,,9252076.54,19521863.78
8997245495020000,570437040607,PUNB088122,Current,Basic,Active,05-08-2023,,1117760.11,1335084.25
794975848544,820584399444,KKBK095276,Salary,BSBD,Active,04-06-2015,,4363977.32,4739517.14
46529386327,820584399444,KKBK095276,Salary,Premium,Active,07-07-2018,,2178988.64,17210396.3
61853916490,798389787334,CNRB087639,Current,Basic,Active,19-08-2023,,1273316.75,2820974.63
9106262278943,371053598184,UTIB038878,Fixed Deposit,Regular,Closed,13-09-2023,,0.0,0.0
35764317407,232885665191,BARB084523,Recurring Deposit,Regular,Active,31-12-2023,,691237.38,4972376.47
29492760372195,678694603367,HDFC060057,NRE,Regular,Active,22-09-2022,,1593888.82,3219982.7
3241759998947287,415860216394,PUNB048838,Savings,Regular,Active,12-03-2023,,871416.8,11231750.47
1514434565807601,415860216394,PUNB048838,Savings,Regular,Frozen,27-04-2023,,0.0,0.0
40013649501,113095593318,SBIN086142,Savings,Basic,Active,18-01-2023,,1112314.61,1823686.04
578757518452,113138246871,ICIC017238,Savings,Premium,Active,10-07-2023,,3378496.88,1768487.97
493312555390,113138246871,ICIC017238,Current,BSBD,Active,10-11-2022,,5500757.22,3588314.62
1783856126105691,477805111225,PUNB065735,Salary,Regular,Active,28-03-2020,,5249509.09,5755682.27
7434440715497439,477805111225,PUNB065735,Savings,BSBD,Frozen,04-04-2023,,0.0,0.0
4815745857679930,867457825170,PUNB095624,Savings,BSBD,Dormant,19-05-2021,23-02-2023,3578.68,56044.24
38396387516480,222161293826,HDFC094558,Current,BSBD,Active,29-12-2024,,174977.58,947562.38
54766125763152,222161293826,HDFC094558,Fixed Deposit,Regular,Active,28-08-2024,,648235.92,6413845.38
5887344897925,493688334135,CNRB067731,NRE,Regular,Active,30-08-2023,,1724336.79,2230697.28
73666882199794,656895531169,HDFC010095,Salary,Regular,Active,24-05-2024,,2952589.56,3748723.04
3620512911139,758286228587,IOBA022080,Fixed Deposit,Regular,Active,21-12-2024,,6261195.11,18076774.52
701846380490,320922036555,BARB046323,Savings,Basic,Active,09-12-2023,,3091267.32,3185656.62
6518914605569392,334068563897,PUNB023712,Savings,BSBD,Active,13-01-2021,,457195.94,7763963.18
8483754346964621,334068563897,PUNB023712,Fixed Deposit,Basic,Active,24-11-2021,,5886035.27,6016199.59
172682331083,201361083528,BARB021440,Salary,Premium,Active,20-06-2022,,1830900.11,14258578.55
1955544075552,241865768263,CNRB025942,Recurring Deposit,BSBD,Active,15-11-2019,,1679994.24,8998240.13
74517553402243,241865768263,CNRB025942,Current,Regular,Active,01-11-2017,,480120.05,597303.71
18635558992572,699893073026,BARB045754,Salary,Basic,Active,18-11-2024,,6189.89,9187914.46
67979103082,699893073026,BARB045754,Savings,BSBD,Active,31-12-2024,,1563165.91,2494525.8
99507399807,825729684580,SBIN036743,Recurring Deposit,Basic,Active,03-09-2022,,313175.15,9409674.04
56685964131,825729684580,SBIN036743,Current,Basic,Active,31-07-2022,,3993242.69,4193703.93
9178505182058,722375536556,UTIB080069,Salary,BSBD,Active,12-07-2021,,10293377.6,11716669.13
62291123216,138470603803,KKBK010005,Savings,Basic,Active,30-07-2023,,1390869.56,1678567.74
97117323517106,138470603803,KKBK010005,Current,Premium,Active,29-05-2017,,1087312.57,11007435.49
37134346807,163177472100,BKID044278,Current,Regular,Active,29-12-2024,,5955429.7,6601528.57
3450041015044,163177472100,BKID044278,Current,Regular,Active,20-09-2024,,6429506.1,14071053.0
507563480754,626075687118,ICIC022029,Current,Regular,Closed,17-04-2020,,0.0,0.0
9239913102742,168755393883,UTIB015774,Current,Premium,Active,18-06-2023,,1835450.26,6239198.07
109540288129,360245919652,KKBK055939,Savings,BSBD,Active,13-12-2023,,1390477.04,3429099.45
94709798503,212235614434,BKID063535,Recurring Deposit,Basic,Active,18-05-2023,,1884034.31,2853031.42
41010528144768,212235614434,BKID063535,Recurring Deposit,Premium,Active,26-01-2023,,309154.23,300038.33
36286544758830,153198111043,KKBK038210,Savings,Basic,Active,04-12-2022,,678588.6,1428929.02
29944462733,153198111043,KKBK038210,Savings,Premium,Dormant,02-02-2022,15-11-2023,46893.05,0.0
112947581622,894818468054,ICIC054797,Current,Regular,Active,04-04-2024,,4431298.37,4431420.77
21239127343476,623289343942,HDFC057004,Salary,Premium,Active,10-09-2023,,2538866.9,8425624.91
32447712828832,197296667902,HDFC096963,Salary,Basic,Active,03-01-2020,,7314710.35,6765036.75
4312279187679,461181053389,IOBA043780,Current,BSBD,Active,27-06-2024,,6147626.29,5482989.5
28473178955050,461181053389,IOBA043780,Fixed Deposit,Regular,Active,02-05-2021,,847740.35,6376262.07
12328969072,668222942957,CNRB077966,Current,BSBD,Active,18-01-2024,,1197837.19,942436.54
48485962838500,767101123625,HDFC063882,Recurring Deposit,Premium,Active,15-07-2017,,1471232.99,2224851.75
9185195755237,681725896374,UTIB086775,Savings,BSBD,Active,23-10-2021,,6722864.39,4636843.46
41222202015,981232981886,BKID014434,Salary,Basic,Frozen,17-11-2024,,0.0,0.0
711424467091,104884668687,KKBK014215,Savings,Regular,Active,10-04-2022,,3940988.3,3786946.84
1807722532494,713323507439,BKID064006,Salary,Basic,Active,26-09-2019,,177667.79,5080206.96
9617514970872,265500810908,CNRB056904,Current,Premium,Active,05-08-2022,,830589.41,3933807.77
91887530982,265500810908,CNRB056904,Savings,BSBD,Active,13-08-2019,,843863.66,8533624.88
5613280489993,583147980379,BKID094920,Salary,Regular,Dormant,29-07-2019,23-04-2020,4020.09,17102.2
39376217279,729963283640,BKID010404,Fixed Deposit,Premium,Active,05-06-2021,,4823074.2,5422819.04
13548138100936,895198853321,HDFC066085,Current,Corporate,Active,24-03-2017,,3070790.85,2867963.12
75527638561014,895198853321,HDFC066085,Fixed Deposit,Corporate,Active,10-08-2021,,7185028.04,7201022.09
84615710339522,148212499457,HDFC056384,Fixed Deposit,Premium,Active,25-10-2022,,6147773.02,6033557.47
16058021714045,148212499457,HDFC056384,Current,Regular,Active,15-07-2021,,2931231.97,2703706.49
15754360850969,994482043225,BARB097564,Current,Basic,Active,15-08-2023,,1590581.11,1148107.19
6807956045718610,582450619412,PUNB041848,Savings,Premium,Active,01-08-2022,,4011239.17,5530653.86
1276323631241974,582450619412,PUNB041848,Savings,Basic,Active,24-01-2023,,815245.14,10164758.88
279879781672,364325161917,KKBK073372,Current,Basic,Active,10-06-2020,,922024.47,11393768.24
41765222075603,364325161917,KKBK073372,Savings,BSBD,Dormant,02-06-2023,10-07-2023,33103.81,1973.92
1072943212291,612954343655,CNRB058125,Current,Basic,Active,28-06-2020,,5172197.42,5923409.18
3025458532384593,668170943006,PUNB020276,Savings,Premium,Active,27-06-2024,,673233.33,691725.98
18506043741513,914030599932,BARB010685,Current,Regular,Active,12-03-2021,,2314259.14,1518454.09
659988206449,352389209223,IOBA096791,Savings,Regular,Active,11-08-2022,,831362.89,1613463.72
7538430991635,273003306620,KKBK077388,Salary,BSBD,Active,22-09-2024,,491761.38,296507.57
42821416160296,361370670378,HDFC098193,Current,Corporate,Active,21-09-2023,,340263.93,1238198.92
60286536910,736401085056,IOBA077113,Savings,Regular,Active,09-06-2023,,1497402.77,1133635.02
235625973208,736401085056,IOBA077113,Fixed Deposit,Premium,Active,23-04-2024,,5197261.1,4957593.29
7381492989758,109959674782,BARB031288,Current,Regular,Active,18-05-2017,,7366665.85,13639847.99
19451331514,109959674782,BARB031288,Fixed Deposit,Regular,Active,09-01-2021,,2227673.45,6132782.22
56941616565998,428708483704,KKBK084418,Current,Regular,Active,13-08-2018,,9128722.53,11664133.37
2971762935989,428708483704,KKBK084418,Current,Regular,Active,27-10-2015,,1590965.46,9715390.54
6808733889835,934086093150,BKID084561,Savings,Premium,Active,11-09-2020,,5138095.3,4805815.17
79934958935,129971072622,SBIN079406,Fixed Deposit,Regular,Active,12-03-2022,,11028993.34,10563789.45
7792724862426,286939330311,BKID037006,Savings,Premium,Active,19-02-2023,,6290257.1,7254592.98
187344436311,440459634485,ICIC040391,Savings,Basic,Active,13-11-2020,,1763241.17,13788166.92
377761298658,440459634485,ICIC040391,Salary,Basic,Active,13-05-2017,,444056.43,4473631.65
4791216252696,282807599256,IOBA027558,Savings,Regular,Active,28-04-2024,,10878210.14,10999218.0
4286786761788005,471040130839,PUNB087674,Savings,BSBD,Active,05-02-2024,,47180.16,3774734.2
4264798361671447,471040130839,PUNB087674,Salary,Basic,Active,22-02-2024,,534190.42,971087.27
99467384019092,718212182964,KKBK099896,Savings,Basic,Active,17-09-2023,,10351546.66,1263003.17
61509751024,718212182964,KKBK099896,Savings,Premium,Active,25-05-2016,,10987237.08,8261198.56
4179041243197,229133227269,IOBA030406,Current,Premium,Active,23-06-2017,,2075703.71,2778736.83
3866106159872198,430221749199,PUNB027650,Recurring Deposit,BSBD,Active,15-01-2022,,499494.89,2805747.0
4374995916565876,807809737263,PUNB075751,Fixed Deposit,Regular,Active,09-11-2023,,5429684.02,1913636.0
5655195414883,164328265793,IOBA054238,Savings,BSBD,Active,30-09-2020,,8728734.1,7349579.44
623817022777,461306676036,ICIC098816,Savings,BSBD,Active,21-06-2024,,5213769.17,5424843.75
974296118220,461306676036,ICIC098816,Salary,BSBD,Active,10-01-2019,,311910.46,8540884.45
70897431988,384674667220,IOBA027161,Current,Regular,Active,08-11-2024,,279853.0,295969.87
27031159524,384674667220,IOBA027161,Fixed Deposit,Regular,Active,05-07-2024,,8787020.68,9783579.77
4044811838923295,494941948589,PUNB049377,Savings,Regular,Frozen,09-09-2022,,0.0,0.0
7720051540570619,968823509371,PUNB085692,Savings,BSBD,Active,19-09-2023,,5917531.18,9660853.06
2626127004117540,968823509371,PUNB085692,Recurring Deposit,Premium,Frozen,21-02-2023,,0.0,0.0
717361307783,665449539715,IOBA042821,Fixed Deposit,Regular,Active,06-11-2019,,8818491.17,22379901.43
18937025838,665449539715,IOBA042821,Current,Regular,Active,06-02-2024,,4769091.53,8266268.7
88062186883268,811128163906,KKBK023018,Current,Regular,Active,13-05-2021,,384828.65,1837055.05
61729896889963,878149209621,HDFC058711,Current,Regular,Active,10-10-2023,,148025.84,2303836.81
7592012983532375,179093017439,PUNB033320,Salary,BSBD,Active,07-06-2023,,7439373.51,7291833.61
51668538881,960444398979,BARB056951,Savings,Regular,Dormant,26-05-2023,22-10-2024,6259.61,2820.59
54927643972101,960444398979,BARB056951,Recurring Deposit,Regular,Active,05-01-2021,,599005.99,1292280.81
9376895136793,735082346881,IOBA023686,Salary,BSBD,Active,13-02-2024,,734338.28,1362514.61
96372815881,827038010346,BKID057957,Savings,Regular,Active,04-02-2023,,1248044.19,2713131.92
91817767200,684273999000,BKID053449,Salary,BSBD,Closed,19-11-2024,,0.0,0.0
351885679260,613974274098,ICIC038706,Current,BSBD,Dormant,30-10-2022,08-03-2025,4156.23,46282.16
828414829034,613974274098,ICIC038706,Salary,Premium,Active,18-07-2019,,9007359.27,8368907.8
8849644554104780,112268661844,PUNB027331,Current,BSBD,Active,13-05-2024,,1824365.29,4525293.02
9189253715137,213361537319,UTIB065457,Fixed Deposit,Regular,Active,12-06-2022,,7693761.07,7466419.26
9226828522171,209972688698,UTIB082032,Current,BSBD,Active,14-07-2024,,2303158.42,2582975.9
9155976180199,209972688698,UTIB082032,Salary,Premium,Active,06-10-2018,,1201183.45,2787429.54
21899463272667,504494520664,HDFC028714,Recurring Deposit,Premium,Active,18-08-2018,,703031.19,1431017.18
84212747069374,504494520664,HDFC028714,Salary,Basic,Frozen,31-08-2019,,0.0,0.0
17848745380,177332003554,BARB077329,Savings,BSBD,Active,27-01-2023,,732676.84,1503224.18
704946676282,960809171779,IOBA074805,Savings,Basic,Active,24-10-2023,,1622797.65,2518014.23
29743948946308,860145304937,BKID044567,Current,Regular,Active,06-05-2024,,489978.02,9953738.72
910356733690,431551866683,KKBK049927,Salary,Basic,Active,09-09-2018,,6031042.87,5829880.57
32663318855774,431551866683,KKBK049927,Savings,Basic,Active,16-08-2019,,8558383.43,9651635.64
97572517103445,639585129707,BARB092788,Savings,Regular,Active,12-06-2017,,1019539.68,8814270.21
9569015717114,639585129707,BARB092788,Recurring Deposit,BSBD,Active,18-04-2020,,1068705.57,1809163.7
99525473133385,981299901494,BARB084343,Current,Basic,Active,22-11-2024,,553578.32,568838.75
62062019678,981299901494,BARB084343,Savings,Premium,Active,21-02-2022,,4449404.16,4541551.42
7197913393085,630145261040,BKID084899,Savings,Regular,Active,19-12-2020,,736619.08,558395.08
338222902754,630145261040,BKID084899,Salary,Basic,Active,08-05-2022,,740591.07,1355414.95
68137427769,903232220446,SBIN095976,Savings,Basic,Active,26-08-2022,,2112651.96,2560616.52
77251641045,903232220446,SBIN095976,Salary,Regular,Active,13-10-2023,,4552147.81,4549916.81
48236531500072,157749921327,HDFC051528,Salary,Premium,Active,15-11-2022,,2438531.75,2508849.4
955577290625,129193404070,KKBK084387,Salary,Premium,Dormant,23-12-2021,25-04-2023,163565.19,54472.05
87385864960,129193404070,KKBK084387,Savings,Regular,Active,01-11-2022,,1209221.1,5433221.12
9279451610133,548653779626,UTIB070040,Salary,Regular,Active,19-08-2023,,20900317.33,20898361.95
9272674092367,548653779626,UTIB070040,Fixed Deposit,BSBD,Active,21-01-2022,,137565.6,18404587.97
6074947161776,944549660339,BKID042657,Salary,Basic,Active,01-11-2022,,671678.75,610514.49
8303855596496,944549660339,BKID042657,Savings,Basic,Active,22-06-2023,,1144591.19,2555985.91
340790317079,560646303016,ICIC027612,Savings,Basic,Active,22-03-2023,,939098.83,10603180.99
329663382523,560646303016,ICIC027612,Savings,Regular,Active,27-07-2016,,108756.87,14105162.17
39131640604,426854693496,IOBA032691,Recurring Deposit,Regular,Active,06-07-2023,,4756430.2,5394407.94
9154436175262,791207864135,UTIB033415,Current,Premium,Active,15-12-2024,,770976.89,1804215.1
9110992246513,791207864135,UTIB033415,Savings,Basic,Active,21-04-2024,,2348488.04,4647977.93
59723848162125,267928388399,BKID084064,Fixed Deposit,Regular,Active,14-10-2024,,6691024.35,7053185.28
478503072973,267928388399,BKID084064,Fixed Deposit,Regular,Dormant,30-11-2024,26-02-2025,3841.74,2022.27
9454069670870,262657422079,BKID078687,Savings,Basic,Active,12-12-2024,,5810777.17,5232012.65
401126017305,262657422079,BKID078687,Savings,Regular,Closed,25-06-2023,,0.0,0.0
14328125912,912131063682,CNRB052625,Savings,Premium,Active,22-06-2024,,3678680.42,3540319.45
4007098644762,989502767451,IOBA054442,Savings,Regular,Dormant,28-01-2023,31-01-2024,0.0,10835.78
7608890584222,989502767451,IOBA054442,Fixed Deposit,Premium,Dormant,10-08-2024,20-11-2024,4038.19,0.0
39222208277,691660458150,KKBK080241,Savings,Premium,Dormant,01-06-2023,04-02-2024,0.0,0.0
95246208587853,691660458150,KKBK080241,Salary,BSBD,Active,28-10-2020,,873230.22,8851905.73
9283044161344,929276646135,UTIB085107,Current,BSBD,Active,04-06-2020,,80743.73,573275.9
9290965555359,929276646135,UTIB085107,Salary,Premium,Active,15-12-2023,,4038185.13,4026665.88
60349393062065,684443075891,KKBK014193,Current,Premium,Active,14-02-2021,,1730361.83,12141056.21
2454041148180,684443075891,KKBK014193,Salary,BSBD,Active,16-07-2021,,1087410.1,6647852.31
246480781576,528441887548,BARB065999,Current,Regular,Dormant,24-04-2018,17-10-2023,313688.54,12079.15
4927345258504,528441887548,BARB065999,Current,Premium,Active,15-06-2022,,366134.98,1268332.04
39843322387,522538971348,CNRB037365,Savings,BSBD,Active,25-03-2023,,5794710.32,5782303.6
91724744161427,522538971348,CNRB037365,Salary,Basic,Active,20-05-2019,,1419013.42,2118097.36
4256679874601,256791519170,CNRB045875,Savings,Regular,Active,17-09-2020,,10506750.98,10548498.52
35230076212547,385092850281,HDFC047767,Current,Regular,Closed,16-05-2021,,0.0,0.0
53185746026249,779748192826,BKID040807,Fixed Deposit,Premium,Frozen,22-03-2024,,0.0,0.0
7838010908358,779748192826,BKID040807,Savings,Regular,Active,03-02-2024,,1662486.74,2763672.46
46888387032,490829215738,BKID093261,Salary,Basic,Active,25-11-2017,,154099.61,1604328.16
144545245709,786721127268,ICIC051526,Fixed Deposit,Corporate,Active,02-05-2024,,10190620.03,10954482.36
44868708639800,751255233480,CNRB025758,Savings,Basic,Active,04-12-2015,,502469.92,1773220.04
7782807941014,582004495152,BARB027350,Salary,BSBD,Active,08-05-2024,,296081.98,759098.04
4421687760082,582004495152,BARB027350,Fixed Deposit,BSBD,Active,26-03-2019,,598377.34,9429933.29
516565367909,966297091554,ICIC028305,Current,Basic,Active,19-01-2021,,600654.22,5953897.89
7557180900866802,986627992660,PUNB067484,Savings,BSBD,Active,22-12-2017,,320662.12,1493545.18
7121913303490947,986627992660,PUNB067484,Savings,Basic,Active,30-12-2021,,655163.98,6656421.47
64157243506017,409535955918,KKBK021725,Salary,Regular,Active,03-08-2023,,2359662.3,2078178.0
821025221705,409535955918,KKBK021725,Salary,Premium,Active,03-12-2022,,1538718.38,6724748.98
10215579084777,793457292756,HDFC024553,Fixed Deposit,BSBD,Active,28-11-2024,,12887929.68,6475321.75
99959521372113,793457292756,HDFC024553,Savings,Regular,Active,17-02-2024,,5471594.47,10765592.63
9174498953842,112257992681,CNRB084424,Salary,Premium,Active,27-12-2024,,895011.6,7319486.63
68086084862895,902727309176,HDFC068348,Savings,Premium,Active,30-07-2016,,1082393.21,4693703.64
70640575913888,902727309176,HDFC068348,Savings,BSBD,Active,16-09-2023,,1833453.04,10712936.97
130769773432,268388697568,CNRB037800,Savings,Regular,Active,21-01-2023,,6043791.63,5868159.01
278891226454,268388697568,CNRB037800,Current,Premium,Active,04-05-2020,,869167.0,422739.95
9922171209878,997450722855,CNRB078108,Salary,Premium,Active,28-08-2021,,8327510.04,8308186.37
842080819744,997450722855,CNRB078108,Salary,Regular,Active,13-08-2021,,5206023.5,6085077.73
316971346590,234777163656,KKBK028442,Savings,BSBD,Active,18-10-2023,,303097.26,7682040.54
97787236021,234777163656,KKBK028442,Salary,BSBD,Active,02-03-2023,,1260702.48,6557693.39
2428367139067992,514284291215,PUNB068535,Current,Basic,Active,01-09-2021,,500111.02,1614885.65
7146505071919476,514284291215,PUNB068535,Current,Premium,Active,09-06-2019,,5108776.57,5359735.98
16795586953,297633902808,IOBA042042,Salary,BSBD,Active,23-06-2020,,965949.97,2097955.06
848875840420,297633902808,IOBA042042,Salary,Premium,Active,31-01-2022,,1653294.14,1816166.44
9149636544186,759278209203,UTIB051604,Current,Premium,Active,18-01-2024,,4442703.82,4557127.12
83382508116668,301630671664,HDFC034232,Salary,BSBD,Active,13-06-2024,,1070824.08,2659790.59
73360399029013,301630671664,HDFC034232,Fixed Deposit,Regular,Active,19-11-2024,,10158198.81,9466446.97
54015137336,986893988545,BKID010872,Savings,Premium,Active,21-07-2019,,7823881.89,7751316.41
30018066472854,986893988545,BKID010872,Salary,Basic,Active,26-05-2022,,918166.7,8374690.88
22535454384,914184045307,IOBA026540,Salary,Basic,Active,15-04-2024,,932427.82,7159613.85
1994328494940,914184045307,IOBA026540,Recurring Deposit,Premium,Active,08-04-2024,,1075160.01,4591254.51
9180053682360,229084282726,UTIB020229,Savings,Regular,Active,12-06-2022,,1473291.95,2090869.22
9218971181427,229084282726,UTIB020229,Savings,Basic,Active,25-10-2024,,1265861.27,13889663.36
47454033613,526766014616,SBIN065441,Salary,Premium,Active,15-01-2021,,1339340.39,1826493.46
52485459440,526766014616,SBIN065441,Savings,Regular,Active,17-05-2023,,1608366.41,7564568.02
36826990783364,573483617065,HDFC022223,Savings,Basic,Active,13-06-2024,,1945967.23,8316703.14
97246389507,527899308641,SBIN058127,Savings,Premium,Active,22-12-2018,,2023870.97,1964263.8
833580565268,394352184203,IOBA048644,Savings,BSBD,Active,09-02-2023,,9799829.27,11585904.33
6829579421431,394352184203,IOBA048644,Salary,BSBD,Active,26-09-2024,,3331076.71,9061015.75
45987619394288,140429679858,CNRB080897,Current,BSBD,Active,09-07-2022,,38052.58,524484.46
18771949548173,140429679858,CNRB080897,Savings,Basic,Active,02-03-2024,,1914444.83,2744953.79
935770571173,644971005318,BKID012949,Fixed Deposit,Corporate,Active,09-08-2020,,188263.18,4287480.72
17916488553540,220000040344,BKID076645,Savings,Regular,Active,04-07-2024,,2890282.23,3042359.62
77814724389,220000040344,BKID076645,Recurring Deposit,Regular,Active,16-09-2024,,4821927.97,5978090.38
33397743013,745839207491,IOBA084277,Current,Regular,Active,23-06-2024,,9608377.81,8493385.38
266500331248,745839207491,IOBA084277,Current,Regular,Active,26-04-2024,,5597057.69,9866778.25
9222824230066,715770664422,UTIB031158,Salary,Basic,Active,14-07-2020,,3740271.02,3509478.13
9113333866323,715770664422,UTIB031158,Fixed Deposit,BSBD,Active,26-01-2017,,1522194.63,6859724.48
9132293579351,461485787186,UTIB049466,Savings,Basic,Active,28-08-2024,,305492.48,12766812.21
21577133411,978051806444,SBIN029797,Current,Premium,Active,26-06-2020,,681761.45,14106547.76
24734910816,702192077772,SBIN030645,Savings,Regular,Dormant,13-10-2024,14-10-2024,45385.25,0.0
67490144642609,572714153491,HDFC046290,NRE,Regular,Active,03-10-2021,,521991.94,1415136.28
17038575510,833826802720,SBIN049517,Fixed Deposit,BSBD,Active,10-01-2024,,1054791.33,1364646.45
66734358555611,518903718101,HDFC059660,Salary,Premium,Active,05-05-2023,,11194263.27,10895074.48
62812240825088,518903718101,HDFC059660,Fixed Deposit,Basic,Active,31-10-2019,,1208691.87,6337886.52
54029734068,566130740897,SBIN077233,Savings,Regular,Active,31-07-2022,,1109817.45,3372256.45
5437521186894,477649282862,BKID089753,Fixed Deposit,BSBD,Active,29-04-2024,,1849514.06,3814116.87
400921586628,389527568106,BARB055539,Salary,Premium,Active,16-02-2020,,978940.81,2832571.24
1108923014615,638282092568,KKBK068115,Salary,Regular,Active,13-03-2021,,1325351.48,5496471.62
88994970664194,866962181168,CNRB058150,Fixed Deposit,Regular,Active,10-09-2022,,7004358.89,5096550.36
2589840347163,866962181168,CNRB058150,Savings,Regular,Active,31-08-2020,,5834463.79,13246255.32
59329090945211,929919925392,CNRB030222,Salary,Regular,Active,15-07-2024,,879234.68,5072815.74
9280803854181,171650737974,UTIB021389,Savings,Premium,Active,22-08-2023,,566889.48,11904476.98
416339307004,710600329719,ICIC097884,Fixed Deposit,Regular,Active,10-09-2021,,582748.02,655471.79
619843770335,710600329719,ICIC097884,Current,BSBD,Active,13-03-2020,,5957920.33,6371293.43
16373137820,323390718689,SBIN075517,Salary,Premium,Active,07-12-2022,,585100.68,1682530.73
9142313210162,472046570652,UTIB048664,Salary,Regular,Active,01-01-2022,,556148.86,3088691.87
9214940553964,472046570652,UTIB048664,Savings,Regular,Active,21-03-2018,,5329467.54,10170710.42
45968659460605,757802740957,CNRB018808,Current,Regular,Active,03-11-2024,,2809613.78,2778605.52
98448608383793,480085867020,HDFC032601,Savings,Premium,Active,31-05-2022,,6604465.17,1939937.27
63066303382264,480085867020,HDFC032601,Savings,Regular,Active,30-09-2024,,7243261.93,10624203.55
75014290774,533359693421,BKID033354,Salary,Premium,Active,23-01-2020,,7625806.33,8191531.17
30646664142,367286279905,CNRB092434,Savings,Basic,Active,11-05-2023,,1946082.12,2417862.59
344326007229,367286279905,CNRB092434,Salary,Basic,Active,05-01-2024,,2267105.42,10697986.83
47762697184094,908774640701,IOBA093191,Current,Regular,Active,25-02-2022,,3773014.68,9322758.89
71495814415,949425794463,SBIN012596,Fixed Deposit,Basic,Active,09-10-2024,,6760995.1,6293439.76
9122442840283,172956205771,UTIB087375,Fixed Deposit,Corporate,Active,21-02-2023,,1282596.46,9290282.32
9291165864076,172956205771,UTIB087375,Current,Regular,Active,03-06-2021,,574392.46,12388331.14
89944596879651,771619973482,CNRB095022,Recurring Deposit,Premium,Active,01-10-2022,,34298.72,1052921.62
893958475740,497306475781,KKBK032815,Current,Premium,Active,05-11-2024,,719384.44,1453192.06
217991904835,497306475781,KKBK032815,Fixed Deposit,Regular,Active,20-09-2015,,390393.28,891366.04
4628106597732,423995395032,CNRB058276,Fixed Deposit,Regular,Active,29-11-2023,,519500.08,13311975.9
171184953303,569916565500,ICIC086746,Savings,Premium,Active,17-05-2021,,3436034.14,4555416.95
955284167784,569916565500,ICIC086746,NRO,Regular,Active,29-12-2023,,132488.53,1809398.47
65210826435848,402093233216,CNRB014671,Salary,Regular,Active,27-11-2022,,2028754.4,15307213.33
51645324253,300498645309,IOBA099918,Savings,Regular,Active,20-09-2021,,871952.62,6128494.71
82022810401277,300498645309,IOBA099918,Salary,Basic,Active,17-08-2024,,6427928.46,9074603.1
72229337884769,910014995753,IOBA064344,Current,Basic,Active,15-11-2022,,3581149.57,13128222.69
3633391799923,860160471303,BARB074213,Savings,Basic,Active,17-11-2024,,9539458.26,9178578.81
4653809818031,860160471303,BARB074213,Savings,Premium,Dormant,30-10-2024,04-12-2024,27764.54,0.0
8489768694048,955681071724,BARB013980,Recurring Deposit,BSBD,Active,04-01-2023,,37982.41,348531.38
7134744997254,955681071724,BARB013980,Current,Regular,Active,20-06-2024,,923064.03,10969666.35
4093092567121,375287562982,BKID052712,NRO,Regular,Active,17-12-2024,,1256120.52,2261898.04
2940232824496,375287562982,BKID052712,NRO,Regular,Active,13-04-2024,,6184115.51,5621034.03
158366544193,638449952803,IOBA029907,Savings,BSBD,Active,15-02-2024,,2471199.77,1830860.93
113718432051,706009538828,BKID057386,Savings,Premium,Active,12-04-2018,,899802.18,14382816.12
89597214430778,706009538828,BKID057386,Current,Basic,Active,29-07-2017,,986507.57,2455515.75
448702592360,429072488493,ICIC085718,Fixed Deposit,Corporate,Dormant,28-11-2022,20-10-2023,2190.84,22119.29
922594296969,429072488493,ICIC085718,Current,Corporate,Active,24-11-2024,,4062599.12,17069548.27
233921731130,363819374041,BKID014882,Salary,Premium,Active,27-08-2017,,6051023.52,6183035.87
54774236472,363819374041,BKID014882,Savings,Basic,Active,20-12-2024,,542260.83,506590.51
265526962607,820031665037,BKID071405,Savings,Basic,Active,15-03-2024,,1491383.74,1432369.3
9191470625047,660527203252,UTIB053941,Fixed Deposit,Regular,Active,22-03-2021,,758173.05,8922633.46
9170900991010,660527203252,UTIB053941,Savings,Regular,Active,17-06-2020,,1293311.9,7539115.29
38618784052,244774625179,SBIN013669,Savings,Regular,Active,07-01-2024,,1580682.41,3048523.63
18063361443,244774625179,SBIN013669,Fixed Deposit,BSBD,Active,27-02-2024,,1039627.86,2327849.47
6182651556607,579621340350,IOBA079968,Current,Corporate,Active,10-07-2016,,66478.31,8451379.32
6709289578807,408321984656,BARB090686,Recurring Deposit,BSBD,Active,27-04-2024,,4780395.8,5356404.24
96003931795,298907710567,IOBA027429,Savings,BSBD,Closed,08-03-2024,,0.0,0.0
87024463834,298907710567,IOBA027429,Recurring Deposit,Premium,Active,02-03-2021,,772174.36,1353318.13
94787858255091,686154612501,CNRB065339,Fixed Deposit,Premium,Active,22-10-2022,,5927900.87,6147284.88
93172830503662,686154612501,CNRB065339,Fixed Deposit,Regular,Active,22-02-2019,,553667.26,6547978.24
981289456241,743322467536,BARB056705,Fixed Deposit,Basic,Active,17-11-2021,,785618.86,10479906.05
70226341226202,743322467536,BARB056705,Salary,BSBD,Active,21-08-2017,,2878217.93,3049380.37
55767863396179,894576584511,HDFC088815,Savings,BSBD,Active,09-09-2016,,169357.16,7715687.11
9183051631843,471907928417,UTIB077726,Savings,Basic,Active,03-01-2019,,3178865.08,5885445.5
9154492522199,471907928417,UTIB077726,Current,BSBD,Active,30-04-2018,,5892047.16,7660939.91
610841506209,255217957827,CNRB028573,Savings,Basic,Active,19-02-2020,,5528819.48,5636748.31
276115425744,588172273051,IOBA093869,Savings,BSBD,Dormant,01-05-2024,13-08-2024,5975.09,5366.42
46360163959,588172273051,IOBA093869,Savings,BSBD,Active,05-09-2022,,225645.83,1236735.32
226117687934,248036552626,ICIC017724,Current,BSBD,Active,08-08-2024,,741930.44,1774402.62
47516988341,909436698694,SBIN015660,Current,Premium,Active,31-10-2022,,1242260.74,3832060.94
41617875543248,393714358393,CNRB014630,Fixed Deposit,Regular,Active,08-01-2024,,7390493.84,5933392.44
1175032997097,723428997076,CNRB018107,Salary,Basic,Active,03-04-2019,,1340113.56,1849558.11
59447407898305,495357196769,HDFC057907,Savings,Regular,Active,24-10-2024,,491462.98,2046146.37
77119552422856,495357196769,HDFC057907,Savings,Regular,Active,31-08-2024,,2122301.18,1573803.13
355446288513,639251828671,ICIC063267,Salary,BSBD,Active,27-02-2020,,994932.61,10460166.77
268732432025,194166467329,ICIC024444,Current,BSBD,Active,28-04-2022,,8433078.2,11259238.92
539034604081,710801888319,BARB030269,Savings,BSBD,Active,24-08-2024,,454641.14,2004155.09
14709160737439,710801888319,BARB030269,Current,BSBD,Active,15-10-2022,,1726841.73,10775216.74
11331069840,412159447668,BARB037638,Current,Corporate,Active,12-11-2021,,3921634.65,3660916.04
31086068041,525628187835,BARB045887,Savings,Regular,Frozen,06-06-2024,,0.0,0.0
5976056750928,222429222117,BKID014969,Savings,BSBD,Active,21-12-2022,,2702204.81,3462461.56
4654127410737098,431293843237,PUNB066919,Recurring Deposit,Regular,Closed,26-08-2018,,0.0,0.0
470915920464,286158117280,BARB090184,Current,Regular,Active,01-01-2024,,4395107.6,5187845.47
8894583978616001,943435039630,PUNB046200,Savings,Basic,Active,07-12-2023,,4799754.97,4847314.93
7599686098513965,943435039630,PUNB046200,Current,Premium,Active,23-07-2021,,467138.42,8193234.76
9198653265680,512936689006,UTIB058684,Salary,Basic,Active,30-03-2021,,1533833.32,2396501.0
59653354974170,157455620003,KKBK071822,Salary,Basic,Dormant,11-11-2024,29-12-2024,132539.56,6833.48
92416380475,290739293283,SBIN049294,Current,Premium,Active,11-02-2020,,2182469.33,1636800.95
59720737160,240790261966,KKBK068028,Recurring Deposit,Basic,Active,03-05-2024,,348428.02,12153905.21
395086786885,134765829474,ICIC023307,Salary,Regular,Active,16-11-2023,,2453808.19,3429568.58
276747569264,134765829474,ICIC023307,Recurring Deposit,Premium,Active,19-08-2020,,1329022.48,2194065.1
369360835574,554105327159,BKID042484,NRO,Regular,Active,06-09-2024,,2215845.18,2138466.11
36989637009074,122466939290,IOBA090213,Salary,Regular,Active,07-12-2021,,2507408.54,6052770.32
85388594979,592191495790,BARB029192,Savings,Premium,Active,12-01-2023,,1748361.81,11260534.11
56223651435,446598502933,SBIN044321,Salary,BSBD,Active,28-02-2020,,1920124.73,3136875.49
11288743721,446598502933,SBIN044321,Salary,Regular,Active,05-05-2022,,1868668.6,2403390.5
91996020046,600225021500,SBIN060267,Recurring Deposit,Regular,Active,26-06-2022,,2132140.86,9963645.38
10674121675,874490936841,BKID057227,Current,BSBD,Active,04-07-2022,,8547382.05,8821588.1
13717807858012,874490936841,BKID057227,Salary,Premium,Frozen,20-11-2021,,0.0,0.0
487478198426,784689045723,BKID093164,Savings,Regular,Active,07-10-2024,,4031297.9,19488066.47
82049560892493,784689045723,BKID093164,NRE,Premium,Active,02-12-2024,,5070983.59,5207821.47
2776281072600007,585004877765,PUNB081551,Recurring Deposit,Regular,Active,04-10-2021,,1282560.68,7218118.1
82038271436914,553270972299,HDFC042098,Salary,Premium,Active,17-11-2021,,303938.26,283603.51
64346775715418,553270972299,HDFC042098,Savings,Basic,Active,16-07-2018,,894962.68,2267166.46
3311619090638476,874087400758,PUNB011388,Fixed Deposit,Basic,Active,25-09-2022,,2298313.43,2309437.84
8148199567946894,874087400758,PUNB011388,Savings,Premium,Active,11-07-2019,,3814200.98,3843446.68
9414745627154,619653562802,KKBK021972,Salary,Regular,Active,18-11-2022,,5272034.36,5334034.92
68699484486884,619653562802,KKBK021972,Salary,BSBD,Active,04-08-2023,,1849372.33,2560789.5
36927262041,870345295679,SBIN037290,Savings,Basic,Active,10-09-2020,,1497896.89,794390.64
23037228992,870345295679,SBIN037290,Savings,Regular,Active,07-06-2018,,3305858.46,3419238.15
6950152262881,179533709341,IOBA024201,Current,Corporate,Dormant,14-05-2024,26-08-2024,77684.32,8700.41
56248394968061,437871393747,HDFC021293,Recurring Deposit,Premium,Active,06-03-2023,,2115677.0,1168880.29
9705649890786659,773003861781,PUNB092309,Savings,Premium,Active,11-02-2022,,1238003.52,2284750.76
9527926025215867,529512083895,PUNB037247,Salary,Basic,Active,24-02-2019,,2029645.89,2193571.61
9871406367426567,529512083895,PUNB037247,Savings,Basic,Active,24-10-2019,,1089486.95,1690573.12
28544008199952,934579159904,HDFC073094,Current,BSBD,Active,15-05-2021,,7050054.75,7304253.15
35251530961144,934579159904,HDFC073094,Savings,Basic,Active,14-04-2022,,2515954.05,12362618.77
402762032386,625094040582,ICIC041335,Recurring Deposit,Regular,Active,12-05-2023,,1779410.92,2315694.1
9214374630680,712525100454,UTIB087350,Savings,Regular,Active,19-11-2021,,4480294.04,3359773.41
9221826780003,712525100454,UTIB087350,Salary,BSBD,Active,11-02-2024,,809266.36,2110779.51
9187867283952,974840380035,UTIB090900,Recurring Deposit,Basic,Active,23-05-2020,,8300911.38,17678594.82
9232705919875,974840380035,UTIB090900,Recurring Deposit,Basic,Active,08-08-2017,,5789191.68,16021841.36
19769015817073,449500317447,HDFC079713,Recurring Deposit,Regular,Active,12-04-2024,,2043197.47,2309814.38
86290611034,458621759175,SBIN042450,Fixed Deposit,BSBD,Active,22-06-2022,,786683.35,4739441.7
669628138204,970531266669,IOBA059061,Savings,BSBD,Dormant,05-12-2015,04-12-2017,0.0,58130.07
9832399140280,970531266669,IOBA059061,Salary,Basic,Active,03-08-2017,,3730472.31,4260563.75
641516210914,889372427076,ICIC036039,Current,Premium,Frozen,02-04-2022,,0.0,0.0
829741958869,889372427076,ICIC036039,Current,Regular,Active,09-05-2023,,1817239.63,8048597.21
611669709323,866860912052,ICIC091127,Savings,Premium,Active,15-12-2022,,6460748.64,5917923.78
313981527638,866860912052,ICIC091127,Savings,BSBD,Active,21-04-2023,,7562436.04,7888026.95
77057534872,947354219447,KKBK026917,Savings,Basic,Active,18-10-2024,,6221923.08,6249551.59
92602092146,947354219447,KKBK026917,Fixed Deposit,Premium,Active,16-06-2022,,1372962.27,2568477.26
8611822925714535,965445909705,PUNB039057,Current,Basic,Active,06-12-2023,,1343272.17,3241081.82
947101196190,701670598424,KKBK064938,Savings,Premium,Active,13-08-2024,,6003084.2,5594487.7
73140973396,569095597486,KKBK081142,Savings,Premium,Active,28-06-2022,,1811867.21,1876975.07
343870602422,788953581004,KKBK012896,Fixed Deposit,Basic,Active,27-01-2024,,46898.35,4724839.02
8990530330056,788953581004,KKBK012896,Savings,Regular,Closed,10-09-2021,,0.0,0.0
802931796937,886900793165,ICIC031544,Salary,Basic,Active,17-07-2019,,5139991.36,5381295.39
83113965545,967249729672,IOBA014953,Fixed Deposit,Regular,Active,11-05-2020,,1381893.24,2159422.74
936103772446,967249729672,IOBA014953,NRE,Premium,Active,13-04-2022,,16778.54,6888502.75
19600275326381,966380231620,HDFC078708,Savings,BSBD,Active,01-09-2024,,1698339.71,2661067.54
16414230925154,966380231620,HDFC078708,Current,Premium,Active,19-08-2024,,428735.49,176934.62
36409226052,635263804405,SBIN032501,Fixed Deposit,Regular,Active,28-12-2022,,163151.72,205256.36
1452099933217,461624465932,BARB065957,Current,BSBD,Closed,25-06-2024,,0.0,0.0
2368713586184,461624465932,BARB065957,Current,Premium,Active,02-01-2020,,1681174.86,2330566.96
9343428889316078,238220109665,PUNB030251,Salary,Basic,Active,17-04-2023,,3888030.98,4710352.28
2989824060104,510674163691,BARB086090,Recurring Deposit,Regular,Active,24-09-2020,,907708.65,1795844.39
9234703216690683,813328743385,PUNB054390,Salary,Premium,Active,22-08-2023,,3610337.39,4025215.54
3595182131782,731797266455,CNRB023717,Savings,BSBD,Active,21-03-2021,,509203.14,669086.69
6654869829702,731797266455,CNRB023717,Current,Basic,Active,27-05-2020,,1263140.88,1950631.12
22039560375,976532410888,SBIN045471,Fixed Deposit,Basic,Active,05-10-2024,,2015786.26,2237457.52
773059520897,283116081863,ICIC017864,Salary,BSBD,Active,03-04-2023,,374284.53,487421.48
330582505537,283116081863,ICIC017864,Savings,Regular,Active,27-08-2022,,8048292.24,7813054.43
3174967594377777,690528552433,PUNB065601,Recurring Deposit,BSBD,Active,01-06-2020,,1539347.64,6795216.75
9229770641603,699201253037,UTIB017441,Salary,BSBD,Active,07-12-2024,,1108893.09,8061924.44
82799951167411,857774532133,HDFC081348,Savings,Regular,Active,14-11-2022,,3485903.28,3724111.7
83232966249290,857774532133,HDFC081348,NRE,Regular,Active,30-08-2021,,6013868.24,6173748.64
39258330659888,512169403428,KKBK029795,Current,Basic,Active,23-12-2022,,8516775.95,8791342.25
4602152069206,466905231051,BKID055232,Savings,Basic,Active,06-12-2024,,745184.37,13609553.81
959795234667,285330644428,IOBA071345,Savings,Basic,Active,30-11-2021,,1207549.13,5337683.5
17461880715674,598991886381,HDFC076283,Current,Regular,Active,03-04-2024,,4405073.15,11746040.42
254309151909,715651106846,ICIC048829,Current,Corporate,Dormant,08-10-2024,20-02-2025,0.0,0.0
6281565820362,671670514687,IOBA042663,Savings,BSBD,Active,04-06-2023,,1159776.84,15320940.94
69186756373,671670514687,IOBA042663,Savings,BSBD,Active,05-01-2021,,6716117.72,7102193.91
193707900077,918776120710,ICIC056571,Salary,Basic,Active,18-02-2019,,4769730.1,5153246.8
9156976344144,740890088842,UTIB036734,Current,Regular,Active,15-11-2022,,4145879.6,8908737.12
9542501106115489,367359165530,PUNB041668,Current,Basic,Active,27-08-2024,,5248978.3,5201622.94
5610629445396,658445398989,IOBA056579,Salary,Regular,Active,25-09-2021,,378756.27,6326090.22
56625858386,658445398989,IOBA056579,Salary,BSBD,Active,20-01-2021,,673738.4,888924.67
738213709625,422498908131,BARB096045,Recurring Deposit,Basic,Active,13-06-2018,,1716626.77,9940923.72
74933152403,422498908131,BARB096045,Salary,Regular,Active,17-02-2017,,1822433.87,1310611.51
64093686619834,322846232143,BKID068637,Current,BSBD,Frozen,20-02-2024,,0.0,0.0
34964208898714,674734237159,HDFC076202,Fixed Deposit,Premium,Active,13-11-2017,,798443.42,2065990.85
64347256689,304884668407,CNRB028992,Recurring Deposit,Regular,Active,08-02-2022,,4886828.3,4826443.87
92005820661,226553564578,CNRB055824,Current,BSBD,Active,26-12-2024,,500608.22,1590302.77
9113742342984,907718989620,UTIB071920,Fixed Deposit,Basic,Dormant,13-11-2019,24-02-2023,0.0,0.0
69904370780,228212524945,IOBA094987,Recurring Deposit,Premium,Active,10-09-2022,,2833778.66,2980758.1
91474918583,228212524945,IOBA094987,Recurring Deposit,Regular,Active,01-09-2022,,1206404.71,1902111.09
33541470362,996361641696,SBIN047440,Fixed Deposit,Regular,Active,27-12-2023,,5714210.98,8946438.43
93583616064,996361641696,SBIN047440,Current,Regular,Active,27-02-2023,,5198716.5,10120306.47
76226456664468,876519975378,IOBA037011,Current,BSBD,Active,14-08-2023,,5523715.23,6094571.01
2518203654748,876519975378,IOBA037011,Salary,Basic,Active,14-02-2020,,7026695.25,4167747.91
78131960493738,451667361544,IOBA075631,Savings,Basic,Active,25-08-2020,,6514512.26,7337693.18
3649612980536,451667361544,IOBA075631,Salary,Premium,Frozen,06-12-2024,,0.0,0.0
21001149616118,903465486578,IOBA044039,Salary,BSBD,Active,12-07-2023,,477854.99,581141.4
64594845170,945347625158,SBIN022411,Recurring Deposit,Premium,Active,05-01-2021,,406721.57,288352.1
86076816471441,855213451262,HDFC040110,Current,BSBD,Active,16-06-2021,,807509.83,9386220.29
77787346812272,855213451262,HDFC040110,Savings,BSBD,Active,19-05-2021,,751338.45,820805.42
396040259204,450164995030,ICIC079558,Salary,Premium,Active,09-07-2022,,52267.22,8635152.98
1829853007350471,949224585339,PUNB085152,Fixed Deposit,Regular,Active,14-10-2018,,14667044.92,5562471.33
3482864613863360,949224585339,PUNB085152,Fixed Deposit,Corporate,Active,26-05-2015,,8259646.72,17830311.95
53830033463694,918528871370,HDFC040030,Current,Regular,Active,07-05-2017,,966484.28,1384091.67
46424736178841,311342748598,BARB048712,Salary,Regular,Active,18-01-2021,,584671.75,1965016.12
62483435651816,243976850354,HDFC047266,Savings,Basic,Active,05-03-2022,,3603780.01,3526479.7
34425558246659,243976850354,HDFC047266,Savings,Basic,Active,09-04-2021,,86385.13,453556.72
7697728980444,773825055902,IOBA075205,Fixed Deposit,Basic,Active,03-11-2017,,5904625.68,6568702.27
515996677516,773825055902,IOBA075205,Current,Premium,Active,12-07-2019,,1308279.73,923418.49
9153147366600,105508817281,UTIB034120,Fixed Deposit,Basic,Active,22-05-2024,,6326874.14,7208839.79
4012624904518,344363675507,BKID074705,Salary,BSBD,Active,02-01-2021,,774652.43,3670553.75
66240498990,958771773070,SBIN017906,Current,Premium,Active,02-08-2023,,1142991.01,1958226.79
6517599401998,247736735764,CNRB052561,Savings,BSBD,Active,22-09-2023,,1122119.78,1592361.82
5606568097409,247736735764,CNRB052561,Savings,Basic,Active,12-06-2018,,1128198.65,1261635.34
30574017607905,950014468151,HDFC070564,Current,BSBD,Active,26-07-2023,,6260419.88,5316942.61
67853921249214,950014468151,HDFC070564,Salary,Premium,Active,30-12-2021,,5364678.97,5117011.83
26021770470,828148903833,SBIN061054,Savings,Basic,Closed,18-10-2024,,0.0,0.0
2139833995237019,450329587987,PUNB059641,Salary,Regular,Active,28-12-2017,,1973558.59,2614053.6
4599497397742265,450329587987,PUNB059641,Recurring Deposit,Regular,Active,09-04-2021,,907047.79,3617648.27
5297856886912,187538157291,BKID090077,Savings,Premium,Active,25-07-2021,,3702491.47,3810458.95
29793729570338,990569447870,BARB082918,Savings,Basic,Active,06-07-2024,,550701.17,6744863.58
8637015134165,990569447870,BARB082918,Savings,Premium,Active,01-08-2020,,855470.06,2833605.14
78497701561998,695199956671,HDFC041814,Savings,Regular,Active,20-07-2024,,10958688.41,13581055.95
6807448221215483,533774077404,PUNB044971,Fixed Deposit,Regular,Active,17-04-2022,,11228064.75,19614660.73
6078983378394934,533774077404,PUNB044971,Current,Corporate,Active,17-01-2021,,7191413.3,14668188.42
61280187405,474666929442,SBIN074074,Recurring Deposit,BSBD,Dormant,14-09-2023,14-12-2024,1621.21,60176.85
54297245354,474666929442,SBIN074074,Current,Regular,Active,03-08-2023,,305582.63,11672034.66
34383321980339,498721357410,HDFC039627,NRE,Regular,Active,12-09-2024,,5159266.94,4746938.67
93129233368186,498721357410,HDFC039627,NRE,Premium,Active,08-06-2022,,1318099.38,3489212.36
80177722075,909227144692,CNRB079945,Fixed Deposit,Corporate,Active,14-03-2024,,16980859.56,22620727.1
59974613033627,136140245674,HDFC073220,Salary,Basic,Active,08-05-2024,,43247.63,155131.0
54546016204957,136140245674,HDFC073220,Savings,Premium,Active,10-09-2024,,5022580.18,4840932.07
77360906107,594310768502,SBIN013187,Recurring Deposit,BSBD,Active,19-10-2022,,953810.44,695158.0
68105574761,594310768502,SBIN013187,Savings,Premium,Active,16-12-2019,,1649825.31,4152531.54
2225903925618417,799647532417,PUNB050224,Salary,Basic,Active,24-09-2022,,2029762.78,2623309.36
5472959863160440,799647532417,PUNB050224,Salary,Basic,Active,25-07-2022,,3386090.1,5330975.19
28782683035431,448223623215,HDFC094638,Savings,Regular,Active,19-02-2020,,2741642.83,2554449.2
1104294679151,235782855656,IOBA058106,Savings,Regular,Active,08-11-2023,,1082701.88,1219756.23
972999973975,235782855656,IOBA058106,Savings,Basic,Active,11-09-2024,,739277.47,10013964.33
54093861500066,501167246656,HDFC044722,Recurring Deposit,Basic,Active,27-11-2024,,2123818.03,3629084.55
24452291237845,501167246656,HDFC044722,Fixed Deposit,Regular,Active,17-01-2021,,2230546.6,2042105.91
799632134646,503128665178,BKID025334,Savings,Regular,Active,22-03-2023,,6432830.72,5847772.54
9550203997825,101425642531,BARB062274,NRO,Regular,Active,17-11-2024,,1042736.33,2226216.16
3945659394379216,429032980241,PUNB031499,Recurring Deposit,BSBD,Active,09-03-2024,,683447.9,1278409.8
5144032244286898,429032980241,PUNB031499,Fixed Deposit,Regular,Active,18-01-2017,,1607164.51,1599719.53
9144360065480,183620357507,UTIB024785,Salary,Premium,Active,05-12-2023,,333193.01,413051.73
2530532712349787,518958567518,PUNB086956,Current,Regular,Active,17-03-2024,,5137967.67,5701558.77
9205481718545,225317569411,UTIB067348,Savings,Basic,Dormant,31-12-2024,07-03-2025,0.0,0.0
9192815100186,225317569411,UTIB067348,Salary,BSBD,Active,14-02-2024,,405081.84,12959114.33
28626040108048,298312458067,HDFC072142,Savings,Basic,Active,31-08-2022,,661211.08,9806095.74
43491538532,182524946791,IOBA040917,Current,Regular,Active,18-03-2017,,11300118.35,19707167.32
9240734836714,714991207010,UTIB059100,Savings,BSBD,Active,29-11-2023,,2113526.09,2376831.15
9100192910604,714991207010,UTIB059100,Recurring Deposit,Premium,Active,01-11-2024,,856345.59,1078266.39
9280915710617,594228126742,UTIB033993,Savings,Basic,Active,30-03-2022,,9610865.64,8967671.95
9143659640013,470277807347,UTIB025209,Fixed Deposit,Premium,Active,05-07-2024,,5279719.4,5961059.53
91836061361,577839489590,IOBA083322,Salary,Regular,Active,02-04-2022,,594693.25,1276703.54
6797094663352,436252971258,IOBA099827,Savings,Premium,Dormant,27-09-2024,26-02-2025,4589.97,292896.91
8470959255947,102529350125,IOBA098454,Salary,BSBD,Active,31-08-2022,,1354719.87,1220632.93
67381575261246,102529350125,IOBA098454,Savings,Regular,Active,20-11-2020,,578427.84,12596029.96
8715941704788,992035600749,IOBA050112,Salary,Premium,Active,07-09-2022,,9434474.58,9105986.41
899590778598,262823171041,BARB025677,Salary,Regular,Dormant,22-03-2024,31-07-2024,0.0,0.0
654763102931,262823171041,BARB025677,Current,Premium,Active,08-03-2024,,7740421.98,8253445.98
863930329441,250040706128,IOBA028208,Current,Regular,Frozen,01-01-2024,,0.0,0.0
57810074110,387037383461,BKID065103,Savings,BSBD,Active,29-06-2023,,1195503.7,2955901.49
40393445070,387037383461,BKID065103,Salary,Premium,Active,01-11-2023,,6307124.56,6495875.59
44051765081,702084980718,IOBA054553,Savings,Basic,Closed,30-06-2022,,0.0,0.0
758030019533,702084980718,IOBA054553,Current,Basic,Closed,16-04-2024,,0.0,0.0
998085803405,321487220668,ICIC072333,Savings,Regular,Active,20-12-2021,,234343.35,914094.68
249071253576,321487220668,ICIC072333,Savings,BSBD,Frozen,16-09-2019,,0.0,0.0
499736174241,938989112242,ICIC099548,Salary,BSBD,Active,11-11-2023,,3471981.34,3415287.92
897918140293,938989112242,ICIC099548,Savings,Regular,Active,04-08-2021,,1773707.07,1829880.31
62047921163,760606671032,SBIN087450,Recurring Deposit,Basic,Active,29-05-2023,,821110.41,9375153.18
68629470332,760606671032,SBIN087450,Savings,Basic,Frozen,21-11-2023,,0.0,0.0
80742724425687,716240107740,HDFC064481,NRO,Regular,Active,17-07-2022,,1413832.21,13727051.74
89790851955529,716240107740,HDFC064481,NRO,Premium,Active,22-11-2016,,2078581.03,3924957.59
78967676980945,404034672257,HDFC098378,Fixed Deposit,Corporate,Active,20-07-2019,,3993548.84,3006865.01
9248637564409,787433634367,UTIB068416,Savings,Regular,Active,28-01-2024,,3866682.21,3860919.2
41544080455,659910731141,SBIN019265,Recurring Deposit,BSBD,Active,19-07-2022,,3657440.44,3580894.25
57406018995,659910731141,SBIN019265,Savings,Premium,Active,06-01-2021,,1294812.86,2377983.46
183585261999,970098008916,CNRB098503,Savings,Premium,Active,05-06-2021,,287396.06,1717407.25
36695482862957,970098008916,CNRB098503,Salary,Basic,Active,13-06-2019,,4066032.88,19784158.86
210862615078,611265474319,ICIC035049,Current,Regular,Active,02-09-2020,,414360.24,10308195.79
2584484988892,163526244878,CNRB084434,Fixed Deposit,Basic,Active,14-06-2021,,133094.67,68577.2
31232101718,206141412498,SBIN040528,Fixed Deposit,Premium,Active,20-11-2021,,8319827.7,9524561.65
60951486340,206141412498,SBIN040528,Savings,Premium,Active,19-10-2023,,1128352.46,6890445.85
780010918192,891462598535,BARB090458,Current,Regular,Active,24-11-2022,,2712336.81,6085989.87
86732219541881,474758798233,IOBA078323,Savings,Basic,Active,20-09-2024,,3512073.12,3768273.17
6296844701174897,124161837310,PUNB021540,Savings,Premium,Active,21-04-2023,,4724804.11,5395876.26
4077263722251621,124161837310,PUNB021540,Savings,Basic,Active,05-11-2020,,1124691.28,16608232.41
56831461754,263537768406,SBIN029323,Salary,Premium,Active,25-10-2022,,13736564.28,21041000.08
41751184815,263537768406,SBIN029323,Fixed Deposit,BSBD,Active,07-10-2022,,10147649.03,12759284.12
7317167030551,980775054051,BARB016544,Recurring Deposit,Premium,Active,23-11-2023,,1190451.66,4390040.31
62620090227126,980775054051,BARB016544,Savings,Premium,Active,03-12-2023,,6511044.73,6634909.34
75150480193700,299830652138,BARB096172,Savings,Regular,Active,15-07-2023,,1454179.25,7898527.15
952421946656,553836545714,CNRB027786,Salary,Basic,Active,22-09-2024,,6613831.65,7023016.38
48789551927,553836545714,CNRB027786,Savings,BSBD,Active,12-10-2023,,863820.43,6172348.85
259536532077,818548492384,ICIC028625,Current,BSBD,Active,30-12-2024,,2652044.05,7211321.22
82630908170097,659051235936,HDFC057344,Salary,Regular,Active,26-05-2017,,7160461.52,8206261.89
6207499329733090,498801594904,PUNB024556,Salary,Premium,Active,12-11-2024,,662886.9,10805542.88
31304590246577,184728372866,HDFC063848,Savings,Basic,Active,01-05-2024,,2980947.25,6977509.59
15122247868640,184728372866,HDFC063848,Salary,BSBD,Active,03-12-2024,,2499941.63,4192538.76
9225428122932,435930723192,UTIB049297,Salary,Regular,Active,31-08-2021,,1878273.39,2662052.01
69196137735163,655710136742,HDFC055355,Savings,Premium,Active,16-12-2022,,854850.3,3344439.49
52109548053759,325031389357,BKID064615,NRO,Regular,Active,12-11-2021,,46480.68,273598.12
172764007300,325031389357,BKID064615,NRO,Regular,Active,17-05-2023,,3128037.56,3657690.31
66886914036996,915599305148,IOBA060919,Salary,Basic,Active,10-01-2024,,495722.84,3208125.55
633315705094,915599305148,IOBA060919,Savings,Regular,Active,11-04-2023,,544127.71,2243684.4
2755632681600281,232242223247,PUNB058355,Recurring Deposit,BSBD,Active,16-02-2022,,16292738.93,12803077.95
19832606177,480671755431,SBIN065501,Current,Regular,Active,18-08-2024,,12927033.6,5952806.81
68088344720369,457729244455,IOBA083532,Salary,Basic,Active,27-05-2020,,200184.05,192660.92
99576575904588,476318422736,BKID039554,Recurring Deposit,BSBD,Active,22-03-2022,,2166333.97,1946053.0
13748846539,476318422736,BKID039554,Salary,Premium,Active,14-09-2023,,691748.85,1461360.57
696939652822,687367332847,ICIC080899,Current,Regular,Active,24-04-2024,,5454614.13,7396188.05
70465369614,573959196075,SBIN083173,Savings,BSBD,Active,29-09-2024,,508821.44,1604690.36
36295906916,573959196075,SBIN083173,Salary,Premium,Active,05-11-2024,,1836797.26,1876317.72
846886015259,866206840236,ICIC031010,Savings,Regular,Active,02-02-2018,,243091.12,10703488.49
47182689764528,278084204352,HDFC096144,Savings,Basic,Closed,17-11-2024,,0.0,0.0
698488110903,354090364035,ICIC075260,Current,Basic,Active,31-03-2017,,2024640.78,1146452.91
52316343963834,541790585332,BKID023118,Recurring Deposit,Regular,Active,17-11-2024,,1062439.93,849677.97
110073680955,541790585332,BKID023118,Current,BSBD,Active,06-06-2023,,828818.93,2202037.69
45987916556656,974854500372,HDFC070954,Fixed Deposit,Regular,Active,22-11-2022,,11030448.2,4785737.73
23534706497,753378124508,SBIN047110,Salary,Premium,Active,26-07-2023,,14808789.96,12417302.91
54182351069,353985987184,CNRB032345,Recurring Deposit,Regular,Active,11-10-2022,,8345924.57,19658314.91
26104672921,353985987184,CNRB032345,Salary,BSBD,Active,07-06-2019,,63355.48,937711.88
70172119892,630699768148,CNRB037309,Salary,BSBD,Active,01-05-2023,,5182946.14,4392037.09
15038073143286,630699768148,CNRB037309,Recurring Deposit,Basic,Active,18-08-2019,,620862.02,10402776.31
9221258221533,801150382729,UTIB055252,Savings,Basic,Active,05-09-2023,,7773184.8,7775300.42
9285197913835,801150382729,UTIB055252,Savings,Premium,Active,09-11-2024,,1364747.0,14689140.02
16947346620,704341709523,BARB010532,Salary,BSBD,Active,28-08-2023,,1039794.65,5656197.54
14368144297,704341709523,BARB010532,Savings,Regular,Active,01-08-2024,,3286588.55,3606402.05
45122139574227,325358866424,HDFC037953,Current,Regular,Active,28-06-2024,,465748.97,2785108.39
10123308625696,325358866424,HDFC037953,Current,BSBD,Active,06-01-2024,,1745797.77,1471217.21
712936718958,614912192348,ICIC051380,Savings,BSBD,Active,17-07-2024,,985435.33,2108651.31
140614415190,614912192348,ICIC051380,Fixed Deposit,BSBD,Active,29-04-2024,,1945158.77,2401490.8
38026757669133,151895318526,HDFC085399,Savings,BSBD,Active,02-07-2017,,888540.84,11732415.28
44563692494804,683683755589,KKBK068397,Recurring Deposit,Premium,Active,10-03-2021,,2101490.54,12196433.87
60621283519,239398568695,SBIN035331,NRE,Premium,Active,16-02-2018,,2799473.7,14407550.98
65041201487,239398568695,SBIN035331,NRO,Premium,Active,25-11-2020,,6561597.29,6356189.28
4496931258731440,937542986030,PUNB089993,Current,Basic,Active,14-08-2022,,2331071.29,2368885.8
3993520425598959,677230180462,PUNB038969,Fixed Deposit,BSBD,Active,12-08-2016,,472922.4,960386.26
5141000352753,392735512552,CNRB010329,Current,BSBD,Active,07-12-2020,,4831249.35,5162848.28
20884621317,392735512552,CNRB010329,Savings,Basic,Active,20-11-2021,,4992782.68,4759738.92
6436218216369,526108810084,CNRB040333,Savings,BSBD,Active,30-05-2023,,1900155.69,1526746.77
19565896565343,526108810084,CNRB040333,Current,Regular,Active,30-06-2022,,1464277.98,13594373.01
847916851160,222856028092,ICIC024221,Savings,BSBD,Active,01-06-2016,,2558564.28,2519505.57
726386915837,222856028092,ICIC024221,Fixed Deposit,BSBD,Active,15-10-2023,,1822352.45,3107580.96
64130990965,927037515722,IOBA080194,Savings,BSBD,Active,02-10-2022,,848427.11,8310828.86
688767968634,927037515722,IOBA080194,Salary,BSBD,Active,24-09-2019,,214808.34,1584257.14
64948954529226,712257162366,CNRB042760,Fixed Deposit,BSBD,Active,16-02-2023,,642778.07,8907624.8
730061916390,162635667380,ICIC038940,Salary,BSBD,Active,26-07-2017,,193837.44,9121727.52
909099972271,162635667380,ICIC038940,Salary,Basic,Active,10-11-2020,,958991.0,1786693.8
579410938207,539517260613,ICIC052055,Fixed Deposit,Premium,Active,15-09-2018,,4333268.57,4267662.46
775033232918,539517260613,ICIC052055,Fixed Deposit,Regular,Active,25-02-2017,,324985.46,10121937.41
73661379170,985186118187,CNRB080481,Fixed Deposit,Regular,Active,16-09-2024,,9192900.34,2274920.23
64236885708,648064746196,BKID017946,Fixed Deposit,Basic,Active,19-12-2024,,861589.93,2782465.35
196392657334,648064746196,BKID017946,Savings,BSBD,Active,05-10-2020,,1723349.74,8136246.69
6243410920935,234117729812,KKBK038448,Salary,Basic,Active,19-05-2022,,4690505.59,4373332.92
721959736412,234117729812,KKBK038448,Savings,Premium,Active,24-08-2024,,219172.63,7131788.29
26202307234334,136738178645,HDFC035510,Salary,Basic,Frozen,04-06-2022,,0.0,0.0
98713674944814,136738178645,HDFC035510,Salary,BSBD,Active,19-06-2022,,5025132.21,5817329.42
916822186106,136646987932,ICIC047557,Current,Corporate,Active,15-01-2024,,3739901.7,19356695.61
750389932164,136646987932,ICIC047557,Current,Regular,Active,20-01-2024,,529773.38,11306971.6
7660435273799,301497213752,IOBA081889,Salary,BSBD,Active,30-01-2022,,1219035.05,1166864.48
80363880280867,301497213752,IOBA081889,Current,Regular,Frozen,13-04-2020,,0.0,0.0
90519280577177,354753792887,HDFC082156,Salary,Premium,Active,17-06-2022,,573559.07,1475693.46
43285945896525,354753792887,HDFC082156,Fixed Deposit,Premium,Active,15-04-2018,,5138333.73,5099948.05
841595232685,369791372418,BARB099435,Fixed Deposit,Corporate,Active,26-06-2023,,2400652.67,9221666.62
799388636064,369791372418,BARB099435,Current,Corporate,Active,14-08-2023,,2625747.81,13851131.92
73113728609560,739458477929,IOBA028351,Current,Regular,Active,07-11-2024,,188061.49,1556660.71
580229213590,739458477929,IOBA028351,Current,Premium,Active,20-12-2023,,2153636.29,3971431.75
879088200056,188481867365,IOBA039726,Recurring Deposit,Basic,Active,01-11-2019,,5409849.78,6430488.58
508055233549,309101546370,KKBK057750,Current,Premium,Active,20-09-2024,,961384.5,1784417.2
65106411196275,309101546370,KKBK057750,Current,Premium,Active,31-12-2024,,472726.61,4881544.09
510361467051,982040305641,ICIC021303,Savings,Basic,Active,27-11-2023,,1259988.15,1003702.1
56938859603674,572315925941,BKID099147,Fixed Deposit,Corporate,Active,05-10-2016,,6518885.72,3029309.01
73359898457,417106276117,IOBA081131,Fixed Deposit,Premium,Active,25-11-2023,,1392945.62,1850882.13
113629685001,417106276117,IOBA081131,Savings,Premium,Active,25-03-2020,,1867124.7,7256131.31
90318762746916,716477905315,IOBA017519,Current,BSBD,Active,21-06-2023,,1311939.66,2116790.18
8768824604347,716477905315,IOBA017519,Savings,BSBD,Active,02-09-2020,,4046899.11,4205660.38
39030649479,535599283355,BARB016389,Fixed Deposit,Basic,Dormant,14-10-2018,09-08-2021,37214.77,200259.97
79550128605,511920338650,IOBA084135,Salary,Basic,Active,15-09-2024,,4939383.07,6762188.25
31047293163168,511920338650,IOBA084135,Salary,Basic,Active,15-08-2021,,763070.08,8305609.98
43681479197912,740827643595,BKID022181,Salary,Premium,Active,21-04-2024,,4831834.01,5682030.06
7521952655961,740827643595,BKID022181,Salary,Premium,Active,03-03-2017,,128134.93,1633733.35
47762786475,324901624665,SBIN059733,Savings,Basic,Active,11-11-2017,,116520.58,13370323.29
89943284962,324901624665,SBIN059733,Savings,Premium,Active,20-02-2019,,1436790.48,2126799.61
402204448642,958218390102,KKBK019350,Current,Basic,Active,26-11-2021,,1170563.36,385778.44
971840478217,978574857668,BKID070865,Salary,Regular,Frozen,09-11-2016,,0.0,0.0
642267964721,978574857668,BKID070865,Current,BSBD,Active,05-10-2019,,308773.77,4620227.48
52378369788,547672314734,SBIN042323,Savings,Premium,Active,24-02-2024,,2844940.42,2347285.88
661164828142,953448876858,KKBK010696,Savings,Premium,Frozen,15-07-2024,,0.0,0.0
63957123227,737139151332,CNRB054844,Savings,Basic,Active,19-08-2023,,664825.49,12135454.62
9126776759640,649942115763,UTIB036089,Salary,Regular,Active,30-12-2018,,2079134.74,10078922.01
9199825216125,649942115763,UTIB036089,Recurring Deposit,Basic,Active,19-06-2024,,1490073.16,9132065.0
3488930953868047,332475968420,PUNB062778,Fixed Deposit,Premium,Active,27-07-2024,,7205854.56,8150132.02
9349792050237469,332475968420,PUNB062778,Salary,BSBD,Active,29-04-2024,,345863.49,8617485.48
62384132791,726310724826,BARB044279,Salary,Regular,Active,10-06-2023,,7516234.22,8235774.31
71574695404800,726310724826,BARB044279,Salary,Basic,Active,12-09-2023,,97524.55,267044.57
71997899339,886852489806,KKBK084988,Savings,Premium,Dormant,01-05-2019,24-07-2023,0.0,8096.92
629529979356,861624911947,ICIC087038,Salary,Premium,Active,14-07-2018,,1289449.99,11880832.11
243701585628,262562563937,BARB019272,Salary,Regular,Active,05-03-2023,,6217839.74,12903398.9
643141878511,922205817267,BKID057805,Savings,BSBD,Active,27-08-2019,,3479826.04,3534588.48
98798297230,922205817267,BKID057805,Savings,Basic,Dormant,27-06-2022,18-07-2022,0.0,35824.12
2370754657854633,705734015029,PUNB057159,Current,Basic,Active,21-12-2023,,413359.99,8481782.52
4851286886268927,705734015029,PUNB057159,Current,Premium,Active,02-04-2023,,1431083.75,4208844.91
29512413381158,664110173588,IOBA061811,Current,Regular,Active,19-04-2018,,10391160.43,12989894.95
12660005273,664110173588,IOBA061811,Fixed Deposit,Regular,Active,07-05-2016,,390050.55,1359447.67
7466996336982743,744160039276,PUNB058868,Salary,Basic,Active,08-06-2023,,1154792.03,2052763.21
801575976980,791052227477,ICIC070109,Savings,Premium,Active,18-11-2023,,4581541.67,4692290.98
177651092815,791052227477,ICIC070109,Fixed Deposit,BSBD,Dormant,27-11-2024,16-12-2024,0.0,2774.01
2101184514209580,210294348157,PUNB082875,Salary,Basic,Active,20-11-2020,,1349634.86,2172843.81
7178816087653695,210294348157,PUNB082875,Salary,Premium,Active,22-11-2022,,1708633.51,7203243.88
50915517976002,802560705175,HDFC062091,Salary,Basic,Active,03-10-2021,,2849277.78,2742103.18
36771535680707,802560705175,HDFC062091,Recurring Deposit,Premium,Active,30-10-2023,,844272.63,9860333.08
9121485392266,691022152990,UTIB029545,Salary,BSBD,Active,26-09-2023,,525027.58,1103966.52
9154601502288,691022152990,UTIB029545,Salary,Regular,Frozen,01-02-2023,,0.0,0.0
1387503947178,959782542704,BARB010814,Savings,Regular,Active,20-12-2022,,1324615.58,1941909.13
22268830965,392939499075,BKID086289,Salary,Basic,Active,24-08-2016,,3890447.63,4627865.37
33477123397,901167445797,CNRB017544,Savings,Premium,Active,23-11-2022,,184724.64,6121177.04
91828568231,959955132374,SBIN090159,Current,Basic,Frozen,04-12-2023,,0.0,0.0
2563933682084668,322048888866,PUNB051482,Fixed Deposit,Basic,Active,07-04-2022,,4658743.69,5609916.82
1812645344707955,322048888866,PUNB051482,Fixed Deposit,BSBD,Active,19-05-2024,,6281139.82,5757036.14
24923268111,465192839509,KKBK047472,Savings,BSBD,Active,13-07-2017,,3323762.19,3961450.58
472392808916,465192839509,KKBK047472,Fixed Deposit,Regular,Dormant,07-10-2022,16-12-2024,1765.65,73525.5
22645550662,180471264010,IOBA030817,Savings,Premium,Active,17-03-2023,,1594979.54,2556948.92
36421857583678,180471264010,IOBA030817,NRE,Premium,Active,06-07-2020,,880785.67,3067823.37
70161023427036,284687819470,IOBA017953,Savings,Basic,Active,06-07-2017,,860208.12,8691174.1
83992447865446,986739773595,HDFC032172,Current,Premium,Active,04-11-2018,,1084900.23,1891080.92
3664898748823909,100648370663,PUNB098285,Current,Premium,Active,02-09-2023,,981222.22,9017008.11
6019820006282393,100648370663,PUNB098285,Savings,Premium,Active,09-02-2024,,422999.29,7725557.12
6739315589389,893481310436,BARB027514,Current,Regular,Active,07-07-2019,,2811042.07,4246488.73
29237593003,893481310436,BARB027514,Savings,Regular,Active,20-09-2019,,9337042.79,8791973.63
9244022205112,460077482713,UTIB068571,Salary,BSBD,Active,11-09-2022,,2176317.82,2355683.36
98683501059119,820389322842,HDFC036906,NRO,Premium,Active,20-10-2023,,1169423.51,1059503.91
18506317591659,820389322842,HDFC036906,NRE,Regular,Dormant,23-07-2020,21-11-2020,30733.14,44842.82
21822364972070,995356302799,IOBA048824,Savings,Premium,Active,02-09-2018,,332895.24,6361680.66
9179182562771,895535135059,UTIB066057,Recurring Deposit,Basic,Active,29-09-2022,,1770318.78,6027986.27
9189760853462,895535135059,UTIB066057,Salary,Basic,Active,21-05-2020,,4985211.55,5243547.14
6316017595145,737760175306,KKBK031397,NRO,Premium,Active,17-09-2020,,3667615.88,3893165.13
82381266901,154661014687,SBIN099465,Salary,Premium,Active,15-10-2021,,10248768.25,9269400.44
295760589492,987653842356,ICIC057144,Recurring Deposit,Basic,Active,09-09-2023,,2150152.97,2341473.35
9214751351045,622655224877,UTIB056896,Current,Corporate,Active,25-09-2023,,3326463.05,2292976.02
9204907498996,622655224877,UTIB056896,Current,Corporate,Active,09-05-2018,,216194.34,30785.83
7946023242517,162793983608,CNRB033411,Savings,Basic,Dormant,31-10-2018,15-07-2020,45164.95,0.0
94322558698884,162793983608,CNRB033411,Salary,Basic,Active,11-06-2019,,1292193.18,1147987.08
9216486338523,743866595731,BARB037622,Recurring Deposit,Basic,Active,01-01-2020,,1229078.59,1353690.17
161113503799,743866595731,BARB037622,Salary,Premium,Active,26-01-2021,,691294.4,6523933.5
20691847994681,740788814668,HDFC044102,Savings,Basic,Active,26-11-2017,,19018856.04,17829178.71
363798159907,439178135248,ICIC033832,Current,Regular,Active,15-05-2024,,3149326.97,4321990.95
86765579058901,528042162011,HDFC031744,Savings,Regular,Active,22-03-2019,,1046045.77,2648189.33
62804035455410,528042162011,HDFC031744,Salary,Basic,Active,02-02-2024,,4038339.73,4160216.37
37252959570,913475573908,SBIN097654,Current,Regular,Active,12-09-2021,,8844347.92,2483298.79
73935511861,777386912510,BKID085914,Savings,Premium,Dormant,03-04-2017,22-01-2019,0.0,77878.61
3421209226428,777386912510,BKID085914,Savings,Regular,Active,26-02-2018,,1188748.35,2206074.31
52813259591,222252594486,SBIN050622,Recurring Deposit,BSBD,Active,28-05-2023,,1198104.59,17536912.15
87128748384,262995945178,CNRB040504,NRO,Regular,Active,25-07-2024,,4480193.88,4608789.5
5289833681097,262995945178,CNRB040504,NRE,Premium,Active,24-06-2024,,927632.47,10570141.34
54937148761595,717813389783,HDFC097264,Savings,Regular,Active,20-08-2022,,1221752.8,6833232.42
77781721102741,717813389783,HDFC097264,Salary,BSBD,Active,15-08-2023,,7771993.26,7210091.91
2750704650290,550945986328,KKBK028061,Savings,Regular,Active,11-08-2022,,9112126.53,10142772.09
1131880053707458,138194602097,PUNB083017,Recurring Deposit,Basic,Active,05-12-2016,,516584.16,1553361.24
7531665326497435,138194602097,PUNB083017,Salary,BSBD,Active,11-01-2021,,810498.19,1040502.08
35631027352877,885456658374,HDFC068522,Current,Premium,Active,07-09-2017,,1934538.29,3869322.21
35957718756303,885456658374,HDFC068522,Current,Premium,Active,21-03-2020,,669396.54,985659.6
522719584141,521290328229,IOBA075419,Salary,Premium,Dormant,12-12-2024,01-02-2025,68939.14,97613.81
256357311749,268650237913,ICIC058415,Salary,Basic,Active,28-11-2019,,1934843.4,10216419.1
423877822294,268650237913,ICIC058415,Savings,BSBD,Active,24-03-2022,,831307.71,8114135.82
3514068862896,315548100452,BKID093623,Savings,Regular,Active,19-08-2023,,299655.73,684112.53
9170795107937,617583571459,UTIB053426,Salary,Basic,Active,12-12-2023,,4781801.02,4817594.63
9240941423097,617583571459,UTIB053426,Savings,BSBD,Active,08-11-2021,,749981.1,5784894.04
844565814150,275088538906,CNRB026896,Current,BSBD,Active,02-09-2022,,2161356.39,3196124.28
603515524842,908431075603,ICIC047595,Current,Corporate,Active,15-06-2023,,436786.16,10605402.57
60018445217,215630681744,BKID060884,Salary,Basic,Active,19-11-2023,,706477.89,1013476.15
3377780685038,213884581598,IOBA021463,Fixed Deposit,Regular,Active,13-04-2021,,7051612.84,9952716.06
8137902286619,213884581598,IOBA021463,Current,Corporate,Active,21-05-2024,,135648.89,4586745.7
17906215786777,596691153492,BKID036126,Savings,Regular,Active,22-09-2018,,518983.6,1182990.82
66738497337,202258525112,BKID061527,Fixed Deposit,Regular,Active,02-10-2019,,6654640.75,6295413.82
53540545649,202258525112,BKID061527,Savings,BSBD,Active,23-09-2024,,557771.31,6288197.61
35228617821197,641445673281,BKID029175,Salary,Basic,Active,14-09-2021,,1370999.54,2550319.98
3207238661000,641445673281,BKID029175,Salary,Regular,Dormant,02-07-2023,27-02-2024,50152.4,8821.62
4897638428864900,524689480526,PUNB018213,Savings,Regular,Active,29-04-2023,,79781.41,417767.67
66869811742467,419134478351,CNRB047093,Fixed Deposit,Regular,Active,19-05-2022,,540668.57,8532154.33
52803381447240,873053720876,HDFC063191,Current,Corporate,Active,12-01-2022,,8142241.79,12939176.56
14855471857662,873053720876,HDFC063191,Current,Corporate,Active,03-03-2023,,6581345.45,12880072.72
17437878334878,332179584378,HDFC090448,Fixed Deposit,Premium,Active,15-05-2024,,2862913.57,10818520.58
9231805649447,566539463778,UTIB089870,Current,Corporate,Active,09-08-2024,,5999859.13,949057.53
9164532048854,566539463778,UTIB089870,Current,Regular,Active,10-07-2024,,11013664.89,7793397.54
802871573799,459917638285,CNRB045299,Savings,BSBD,Active,13-08-2022,,5238860.51,5144936.77
94073794535042,119969670188,CNRB041190,Salary,BSBD,Active,08-07-2022,,2413966.27,3798947.03
73465067112031,361265695067,HDFC037777,Fixed Deposit,Regular,Active,11-01-2020,,343170.8,12947369.05
73023317093088,361265695067,HDFC037777,Savings,Regular,Active,05-03-2023,,799234.42,2074990.78
64841130716045,862745794965,HDFC010706,Savings,Basic,Active,11-07-2022,,686437.81,5174630.46
13987849109,832952545655,KKBK096409,Current,BSBD,Active,14-11-2022,,1129055.59,874439.19
562675425132,832952545655,KKBK096409,Salary,BSBD,Active,09-07-2021,,5056418.85,5287771.48
7184772258119,106596386105,CNRB077034,Savings,Regular,Active,04-07-2023,,3396765.5,3996439.04
64552091405,106596386105,CNRB077034,Savings,Basic,Active,10-09-2018,,6298182.54,6666168.23
2938759599407829,632755614431,PUNB076386,Current,Corporate,Active,03-07-2023,,3310356.45,14001263.79
4710722920359346,632755614431,PUNB076386,Fixed Deposit,Corporate,Active,04-12-2023,,6265170.77,10782607.33
158321486361,488096107077,ICIC069364,Savings,Regular,Active,01-12-2022,,2639149.74,1898774.24
72918691468874,201134522978,BARB098698,Recurring Deposit,BSBD,Active,29-05-2024,,4483253.3,4764023.49
95564396464,201134522978,BARB098698,Salary,Basic,Active,04-09-2024,,734083.68,8102625.38
9348008722693,575099094905,BARB047496,Recurring Deposit,Regular,Active,09-11-2022,,6257843.66,6327814.17
36572128738,768327727492,CNRB088596,Salary,BSBD,Active,22-04-2019,,1053787.8,3093273.45
78910306480908,768327727492,CNRB088596,Savings,BSBD,Active,17-01-2021,,8154377.24,7628253.66
385954078562,958757054866,CNRB028726,Current,Corporate,Active,20-03-2017,,14426685.37,6916088.29
176560980214,958757054866,CNRB028726,Current,Regular,Active,22-04-2019,,7936733.21,2661994.34
634384172190,700259977809,ICIC084044,Current,BSBD,Active,14-06-2024,,1330991.56,1987732.13
73671696459317,135981231346,HDFC048312,Savings,Regular,Active,05-10-2023,,485322.91,8502030.97
9124027275932,455602845581,UTIB017534,Salary,Regular,Active,25-12-2023,,3654817.35,4746996.26
48417802889,489411856722,SBIN031659,Fixed Deposit,Basic,Active,10-03-2023,,565309.18,1249282.09
44180222490,605772547244,SBIN033064,Savings,Regular,Active,24-04-2021,,1114242.64,1881608.25
98505619460,605772547244,SBIN033064,Salary,BSBD,Active,19-08-2022,,2064469.47,3901658.02
424770870255,416716036958,ICIC079965,Salary,Regular,Active,09-10-2021,,3747227.67,4287379.55
386441812587,416716036958,ICIC079965,Fixed Deposit,Basic,Active,24-06-2019,,640745.94,1929735.8
37507269250746,926398960710,KKBK088112,Savings,Basic,Active,25-06-2024,,9935874.77,10053977.99
54136988233341,362447929236,HDFC022938,NRO,Premium,Closed,04-12-2024,,0.0,0.0
28087291977400,362447929236,HDFC022938,NRE,Premium,Active,26-09-2023,,1994728.62,1076521.39
543229371298,576127534688,BARB047789,Current,Basic,Active,30-08-2019,,1813634.01,10717837.2
1756803530599948,301040824274,PUNB035801,Current,Premium,Active,28-03-2023,,383244.34,411301.66
7459874734081755,301040824274,PUNB035801,Savings,BSBD,Active,30-05-2022,,1741580.34,4050605.86
894853569533,249456121514,ICIC086813,Current,Premium,Active,26-12-2023,,7028924.48,6610767.13
339278631544,249456121514,ICIC086813,Savings,Basic,Active,16-02-2024,,4514438.47,5940711.76
6983521437597748,100052674901,PUNB080059,Savings,BSBD,Active,11-01-2022,,616380.51,15067115.26
1344183519330044,100052674901,PUNB080059,Savings,BSBD,Active,08-10-2023,,306074.34,7860154.47
797976806827,773104988191,ICIC020767,Current,Basic,Closed,20-07-2024,,0.0,0.0
81900606751754,423776256664,HDFC013745,Fixed Deposit,Premium,Active,03-05-2024,,1349660.35,10119013.64
57291634347587,423776256664,HDFC013745,Salary,Basic,Active,22-07-2024,,9247362.94,8864367.87
89543790933,151488409184,CNRB032210,Fixed Deposit,Basic,Active,12-10-2024,,4255475.08,4307323.99
43439307817,954203200593,CNRB023022,Savings,Basic,Active,03-01-2024,,1131155.82,10364296.52
179123852731,954203200593,CNRB023022,Current,BSBD,Active,05-02-2018,,1437216.7,815974.37
803628277370,690651327135,ICIC075681,Salary,Premium,Active,17-02-2024,,1242908.41,8428944.31
312150324862,830402125810,ICIC095719,Fixed Deposit,Basic,Active,09-09-2020,,882945.33,11103663.77
45325066483271,947548322167,KKBK079598,Savings,BSBD,Active,30-11-2022,,1344348.88,8092678.88
5753181210544,580618801593,BKID011114,Savings,Basic,Active,18-08-2022,,1790967.67,3681505.9
97525890008,957593090176,CNRB057202,Savings,Basic,Active,01-01-2019,,1382302.44,1701524.69
3667210618984,957593090176,CNRB057202,Fixed Deposit,Basic,Active,02-09-2020,,676919.29,1637153.59
732588337195,655866492532,ICIC047705,Fixed Deposit,Premium,Active,23-04-2024,,575898.77,667756.31
244245632598,655866492532,ICIC047705,Savings,Premium,Active,14-05-2024,,4208813.37,4560446.84
121914955152,580614665447,KKBK043221,Current,BSBD,Active,22-07-2024,,1014645.69,1993378.0
106253656066,580614665447,KKBK043221,Savings,Premium,Active,11-10-2024,,7847116.4,8812051.95
434612145302,737907051315,ICIC013064,Salary,Regular,Active,21-04-2024,,1881695.82,19649201.9
217426569575,737907051315,ICIC013064,Savings,BSBD,Active,09-06-2024,,363953.89,381282.07
85201176184,128565433616,SBIN015143,Salary,Regular,Active,06-03-2020,,3643577.96,4764823.65
9095636144339,670313225775,IOBA045865,Salary,Premium,Active,20-10-2019,,1250997.2,6269868.42
9180768983179,528530586102,UTIB073781,Savings,Basic,Dormant,25-11-2023,30-08-2024,0.0,0.0
13042799093,395893089497,SBIN027144,Current,Premium,Active,16-11-2020,,937897.28,1742392.85
9268555723858,991862977524,UTIB024186,Savings,Regular,Active,14-02-2020,,1367528.42,1706885.05
9273038489324,991862977524,UTIB024186,Savings,Premium,Active,10-09-2023,,5435727.62,5283354.88
927491510106,889411456754,ICIC017243,Salary,Regular,Active,13-04-2023,,2321870.57,3703886.95
433814430421,109464074864,IOBA027999,Fixed Deposit,Corporate,Dormant,30-03-2017,06-10-2022,18331.79,0.0
47549549932,109464074864,IOBA027999,Fixed Deposit,Regular,Active,06-02-2019,,8457402.04,4460938.19
613781863346,964396827175,ICIC087329,Salary,Basic,Active,28-12-2019,,3462708.17,3860957.76
463991474034,964396827175,ICIC087329,Savings,Premium,Active,10-11-2017,,8583136.61,9087104.42
32482565066,537918820874,SBIN056902,NRE,Premium,Dormant,15-07-2024,24-07-2024,0.0,5748.17
9275177881110,686223387524,UTIB044581,Recurring Deposit,Regular,Active,02-05-2020,,630457.15,2110201.92
9124885418138,686223387524,UTIB044581,Savings,BSBD,Active,23-08-2023,,882040.28,8033205.99
69021189046,860472221171,BKID036901,Savings,BSBD,Active,07-04-2024,,861135.97,385256.5
438989332415,228022204290,ICIC048488,Salary,Basic,Active,20-08-2024,,3317337.08,745487.87
574143789283,228022204290,ICIC048488,Current,Premium,Active,26-04-2024,,756799.4,8718348.24
9208875367606,763088469646,UTIB035403,Salary,Regular,Active,15-04-2023,,7536324.55,8697203.08
868995240885,950543673223,ICIC080337,Current,Corporate,Active,06-06-2021,,4015806.25,2216858.65
724690039510,950543673223,ICIC080337,Fixed Deposit,Regular,Active,05-07-2019,,10861280.98,6897511.17
65107388130235,846521458092,HDFC022703,Fixed Deposit,Regular,Active,06-05-2024,,12332757.17,17947282.86
6448089661947,272377088229,KKBK010503,Fixed Deposit,Premium,Active,04-08-2024,,2098637.35,2920981.43
43533046962,423803936120,KKBK054226,Savings,Basic,Active,19-08-2024,,2104536.64,1626571.21
5838806392938207,951966960713,PUNB028560,Salary,Premium,Active,18-05-2023,,1069389.9,10806578.23
6645169134490368,951966960713,PUNB028560,Savings,Regular,Closed,27-04-2021,,0.0,0.0
56473059800983,269978693537,HDFC061458,Recurring Deposit,Regular,Active,02-12-2024,,5364240.1,6055854.6
7909324341109215,301059738004,PUNB038239,Savings,Basic,Active,26-03-2024,,726236.7,8676050.7
7897492706698158,301059738004,PUNB038239,Current,Regular,Active,12-10-2023,,4265132.31,4305884.23
16363432857640,945628615877,BARB051165,Fixed Deposit,Regular,Active,26-11-2023,,2671979.55,2747618.16
9170811711154,393509545145,UTIB021108,Savings,BSBD,Active,04-08-2023,,625099.78,580643.14
9282262658535,393509545145,UTIB021108,Current,BSBD,Active,21-07-2019,,2297187.48,8497087.85
9481810675605,609822845945,IOBA040313,Current,Basic,Active,30-12-2018,,259807.1,2254886.6
512638430035,748491469529,KKBK016595,Salary,Basic,Active,17-09-2020,,1291206.88,1692676.11
5665003321486,748491469529,KKBK016595,Salary,Regular,Active,06-11-2024,,5113436.35,6074899.79
29205225848524,725368768906,KKBK046824,Fixed Deposit,Regular,Active,19-01-2023,,5034889.25,12364177.73
39362867024,725368768906,KKBK046824,Current,Corporate,Active,31-07-2023,,8649523.58,5943080.48
4352022256355,487787247835,KKBK086031,Savings,Basic,Active,01-09-2023,,3388796.67,15939202.38
306737400738,629538158704,ICIC079661,Savings,Regular,Frozen,03-11-2024,,0.0,0.0
684791211454,629538158704,ICIC079661,Salary,Basic,Active,25-10-2024,,2472918.77,15125593.76
318796972889,145858808062,IOBA057706,Savings,Basic,Active,22-01-2020,,980832.59,2318199.22
43873779345,145858808062,IOBA057706,Salary,BSBD,Active,09-07-2020,,276836.31,10976828.47
406366747011,817149734783,KKBK039311,Savings,BSBD,Active,16-04-2018,,8506691.74,8604835.51
9928674217900,334620786629,BKID025765,Salary,BSBD,Active,19-12-2024,,1025781.79,1489095.31
27046169198132,334620786629,BKID025765,Current,Premium,Active,17-12-2024,,1461109.59,6502980.11
9220939493302,703633354977,UTIB066194,Recurring Deposit,BSBD,Active,11-09-2020,,509916.64,1283201.85
9277832915311,703633354977,UTIB066194,Current,Premium,Active,24-12-2022,,6590454.19,6047030.68
53655883330,915572099851,SBIN079598,Salary,Basic,Active,05-04-2023,,10002596.56,10196835.46
52328386387,477378491353,SBIN063608,Savings,Regular,Active,18-12-2019,,963133.56,9273750.48
44319931938,477378491353,SBIN063608,NRO,Premium,Dormant,03-07-2018,05-10-2019,4942.55,153731.28
9584540346822,523481174841,KKBK040448,Salary,Premium,Active,25-05-2019,,6054489.75,6029340.78
37189613107944,861326451460,IOBA050254,Savings,BSBD,Active,18-11-2024,,2420547.87,3897922.84
29992780479126,333994190351,KKBK094042,Savings,Premium,Active,12-08-2023,,2914695.61,2842013.98
725161964125,289122882663,KKBK077432,Recurring Deposit,Basic,Active,07-05-2022,,8540802.67,8471543.9
9253950426926,189099245678,UTIB027179,Savings,Regular,Active,20-01-2019,,439439.12,5998258.63
7120983409032359,219956169705,PUNB099712,Fixed Deposit,Regular,Active,14-08-2024,,1030717.32,5506817.89
53089857826,286731777944,CNRB053423,Recurring Deposit,Regular,Active,11-08-2022,,860888.01,9937912.7
83064441230583,286731777944,CNRB053423,Recurring Deposit,Basic,Active,24-05-2017,,5252003.14,5184597.55
9292205283570,830007419448,UTIB075555,Savings,Regular,Active,12-10-2020,,443982.79,903496.36
16174660650650,905261562477,CNRB047619,Fixed Deposit,Regular,Active,30-11-2023,,1603910.05,3231971.62
6352790395303,905261562477,CNRB047619,Recurring Deposit,Premium,Active,06-04-2023,,872939.86,3826744.45
5535619696528147,863297999391,PUNB057121,Savings,Basic,Active,19-09-2022,,1597130.08,3317187.62
2683600861774,841826077798,KKBK093411,Current,Premium,Active,15-04-2020,,5401535.28,6636583.84
9658422130052466,612712389631,PUNB030043,Fixed Deposit,Corporate,Active,24-03-2023,,3288951.65,8063642.17
5577043676400746,612712389631,PUNB030043,Current,Regular,Active,13-09-2022,,11897551.88,14291842.59
108149262161,494265878586,ICIC017584,Fixed Deposit,Corporate,Active,14-07-2020,,9768085.02,5206446.82
514164477776,494265878586,ICIC017584,Current,Corporate,Active,06-07-2024,,3988832.63,11478138.98
9264835896966,196260498374,UTIB064356,Fixed Deposit,Corporate,Active,18-03-2021,,11524690.92,7945031.85
92218557439,400408755515,BARB023467,Recurring Deposit,Premium,Dormant,30-10-2017,08-12-2020,46704.06,0.0
78547126214581,400408755515,BARB023467,Savings,BSBD,Active,09-11-2018,,5487112.76,5451629.77
92645454266281,709910732049,HDFC018853,Salary,Regular,Active,22-09-2021,,1803673.86,1714952.54
62255116100196,709910732049,HDFC018853,Savings,Premium,Frozen,05-10-2018,,0.0,0.0
86104519798,112544030017,KKBK037613,Current,BSBD,Active,06-05-2024,,1414191.38,3130583.01
13969009814299,269191361866,BKID042520,Salary,Basic,Active,06-11-2024,,12040740.93,8224871.19
4060083698422,755452897085,IOBA054363,Salary,Basic,Active,16-05-2024,,1796996.49,7734285.27
9201433252827,137741831499,UTIB021412,Salary,Premium,Active,11-02-2024,,4468823.7,4392362.03
35043292513,977767340221,BARB048635,Salary,Regular,Active,28-02-2024,,402014.7,9420263.29
70530083864,977767340221,BARB048635,Current,Premium,Dormant,15-11-2020,12-08-2024,60834.67,4643.92
3766132166906,222755832352,IOBA073368,Fixed Deposit,Premium,Active,09-12-2021,,6145605.51,5760322.88
92861990513737,222755832352,IOBA073368,Fixed Deposit,Premium,Active,16-10-2023,,1420730.38,1691192.54
596224024329,923475121970,IOBA058019,Savings,Premium,Active,06-11-2023,,2052119.89,4772628.41
7427117611961,923475121970,IOBA058019,Fixed Deposit,Premium,Active,10-11-2024,,2184895.8,1543611.62
2747394464123,169458319294,KKBK042278,Current,Corporate,Active,07-07-2015,,533345.31,3778503.75
31907419116,169458319294,KKBK042278,Current,Regular,Active,11-12-2017,,8462998.48,17979393.44
96650424871,941267114040,SBIN024660,Current,Regular,Active,18-04-2023,,17413000.72,11638984.45
93546252285,941267114040,SBIN024660,Fixed Deposit,Regular,Dormant,12-03-2018,06-07-2023,5768.31,182534.59
24456686512,679629447040,IOBA064717,Savings,BSBD,Active,04-11-2022,,3585729.81,4091692.34
82184929316655,260589763621,HDFC037876,Savings,Basic,Active,08-12-2023,,1481640.71,13578117.42
30129248804465,260589763621,HDFC037876,Current,Basic,Active,06-09-2024,,105677.28,4141131.21
69995537809,639869868890,SBIN078149,Current,Corporate,Active,08-02-2022,,4895918.25,6537639.12
9285535337448,204931224981,UTIB077101,Salary,Basic,Active,08-05-2024,,1784305.88,2660902.07
58940982248788,254521034452,KKBK061022,Salary,Premium,Active,26-11-2020,,5631596.57,5252907.73
7488603846142,254521034452,KKBK061022,Recurring Deposit,Basic,Active,27-08-2023,,1845059.5,2092207.6
24099366878843,962624878278,HDFC088776,Salary,Premium,Active,19-12-2020,,15591332.74,15179709.41
20269423324,567905257029,SBIN018460,Fixed Deposit,Basic,Active,24-04-2018,,2299612.2,1528546.59
37221958041,567905257029,SBIN018460,Savings,Basic,Active,10-11-2016,,12876461.48,13315407.27
12578785317,179106982730,KKBK056579,Fixed Deposit,Corporate,Active,27-09-2024,,11045360.77,7248686.09
4817875632651,179106982730,KKBK056579,Current,Corporate,Dormant,14-04-2024,04-10-2024,0.0,218313.03
428497753977,849724435659,KKBK034684,Recurring Deposit,Basic,Active,28-03-2023,,1941686.12,2601396.03
41422303587866,568147045629,HDFC014873,Salary,Regular,Active,10-06-2024,,4594512.87,4567759.61
78800801165260,568147045629,HDFC014873,Savings,Premium,Active,03-12-2024,,4059805.27,3407302.87
77659426366,713856364114,SBIN050568,Fixed Deposit,Corporate,Active,19-05-2017,,2154528.31,16636997.72
22684714506,713856364114,SBIN050568,Fixed Deposit,Regular,Frozen,31-07-2019,,0.0,0.0
55056433531,854300690285,SBIN035160,Savings,Regular,Active,11-12-2016,,2820635.6,8889256.21
4825773550526632,832253905228,PUNB090472,Fixed Deposit,Regular,Active,07-11-2023,,6011269.94,3357675.92
6638092366299032,832253905228,PUNB090472,Fixed Deposit,Regular,Active,01-07-2024,,7982868.84,2780274.23
87474341310,533210640380,SBIN032523,Savings,Premium,Active,19-10-2019,,247047.98,485679.5
65845156848337,617731248471,HDFC036972,Savings,Premium,Active,14-04-2023,,276376.69,4149528.42
93782110853830,617731248471,HDFC036972,Current,Regular,Active,26-01-2023,,680150.78,8058703.34
397105370891,556100546178,BARB064575,Savings,BSBD,Frozen,01-05-2024,,0.0,0.0
9989649744355,556100546178,BARB064575,Salary,Regular,Dormant,28-02-2024,11-10-2024,9843.75,0.0
76904782106,464428437690,KKBK037465,Savings,Basic,Active,19-10-2024,,6776997.98,8636655.62
33222774370,774298449046,SBIN023152,Savings,Premium,Active,04-11-2024,,1485064.22,1240435.75
32199534464,925870389943,BARB095011,Savings,Basic,Active,22-07-2021,,513437.59,3414912.49
54391409655,925870389943,BARB095011,Savings,BSBD,Active,18-05-2024,,5310975.8,7515641.45
750455142571,262331520256,ICIC029076,Savings,BSBD,Active,24-06-2017,,9758680.83,6363506.37
564605562266,262331520256,ICIC029076,Salary,Basic,Closed,29-05-2021,,0.0,0.0
224846574910,848169707141,ICIC022667,Recurring Deposit,Regular,Active,25-11-2022,,1208736.55,1345356.21
8540112425125593,947699579477,PUNB018369,Savings,Basic,Active,01-09-2016,,1473665.52,1940980.57
3663178295255,173045438068,CNRB051341,Savings,Premium,Active,11-09-2021,,227896.7,899191.7
435958927175,173045438068,CNRB051341,Recurring Deposit,Basic,Active,07-04-2021,,718604.29,6332469.7
3514416400714238,154007731439,PUNB092128,Savings,Regular,Active,23-07-2024,,1156414.7,2112854.32
7555377271579093,154007731439,PUNB092128,Savings,Basic,Active,01-04-2023,,1369528.35,7807616.91
4625084565507553,664830948268,PUNB093233,Savings,BSBD,Active,02-07-2020,,3296061.64,3261840.45
3132934690390714,664830948268,PUNB093233,Recurring Deposit,Basic,Active,18-12-2022,,4858003.52,4492890.13
17046515944,476439647827,SBIN086564,Salary,Basic,Active,02-02-2024,,4688681.95,4613261.05
31410745867,476439647827,SBIN086564,Salary,Regular,Active,23-10-2023,,2107918.02,12872949.03
344719716729,459642578479,BKID032283,Savings,Basic,Active,08-10-2024,,2735457.15,1735814.37
8231226123481,459642578479,BKID032283,Salary,BSBD,Active,04-07-2024,,629838.44,573762.2
2141381754001,794769244130,KKBK090606,Current,BSBD,Active,14-08-2021,,4372217.38,4199922.23
70427261811968,714691135949,HDFC054007,Salary,Basic,Active,24-03-2024,,526406.74,12736376.89
804559930166,451946504731,ICIC093836,Savings,Basic,Active,28-11-2015,,353933.69,1628318.67
56213808741,949273036575,IOBA097104,Current,Regular,Active,17-09-2022,,5583007.68,4690380.84
16498115102755,273087694634,HDFC010756,Current,Premium,Active,01-03-2023,,733172.36,12806963.14
34504952351853,273087694634,HDFC010756,Savings,Regular,Active,08-09-2022,,1300338.04,9635357.12
718052893885,207001575658,ICIC088004,Savings,BSBD,Active,20-10-2023,,197671.49,2252417.53
525847740598,270975445960,BARB071188,Recurring Deposit,Basic,Active,15-10-2018,,749021.03,237476.61
9875674735457,270975445960,BARB071188,Recurring Deposit,Regular,Active,02-01-2022,,719836.3,9225810.1
512817745014,885749198784,ICIC049526,Savings,Regular,Active,01-05-2020,,1528393.11,2869832.33
355903583383,885749198784,ICIC049526,Fixed Deposit,Regular,Active,03-04-2021,,1295175.56,1830547.41
639459765513,454206379129,ICIC050265,Salary,Premium,Active,01-10-2024,,473826.45,2412445.13
724812654887,459777294615,BKID018516,Savings,Premium,Active,28-04-2024,,4443949.17,5118519.68
876734398379,459777294615,BKID018516,Salary,BSBD,Active,24-12-2024,,1539543.58,2547305.7
41186165799,948316653474,SBIN032256,Salary,Basic,Closed,24-01-2020,,0.0,0.0
58407529744,948316653474,SBIN032256,Current,BSBD,Active,15-11-2020,,5367444.18,6288035.67
108362043543,821333389450,KKBK058617,Current,Premium,Active,11-09-2024,,459784.25,1710578.66
46680957598223,288757903900,HDFC068553,Fixed Deposit,Corporate,Dormant,13-03-2024,13-06-2024,225794.22,53793.23
875475780452,694873363223,IOBA071842,Savings,Regular,Active,18-10-2019,,570502.13,1176228.13
56676449166654,992971482702,HDFC037148,Current,Premium,Active,25-09-2023,,809006.62,3521450.3
97779629338521,992971482702,HDFC037148,Fixed Deposit,Regular,Active,05-01-2020,,1181688.88,6332018.19
425549391796,227256551820,ICIC053504,Salary,Premium,Active,21-12-2024,,629192.98,1553067.71
9230808381832,116348784864,UTIB060384,Savings,Basic,Active,16-10-2020,,5042559.47,4909161.01
9213236463504,116348784864,UTIB060384,Recurring Deposit,Basic,Active,05-02-2017,,3317215.19,3347834.46
97210267029878,522554792113,HDFC031356,Salary,Premium,Active,10-11-2018,,3724754.97,3855734.09
37715818936830,522554792113,HDFC031356,Savings,Premium,Active,02-05-2022,,344061.91,1514013.95
53109915290,432741621772,SBIN013494,Savings,Regular,Active,20-03-2022,,3489712.83,3134010.29
969283800445,538104021790,BARB030034,Savings,Basic,Active,30-03-2024,,219652.01,14316521.67
26079948180,538104021790,BARB030034,Recurring Deposit,Premium,Active,04-08-2021,,4870967.26,4207790.96
778080433116,472064544491,CNRB029257,Savings,Basic,Dormant,24-11-2024,20-02-2025,15630.62,2842.6
94338305674534,660523993506,HDFC040203,Salary,Basic,Dormant,09-02-2021,28-01-2025,251214.18,19745.23
84079658061151,660523993506,HDFC040203,Savings,Premium,Active,10-12-2017,,1618457.85,2166173.48
9249594707651,681006531228,UTIB075049,Savings,Regular,Active,25-11-2023,,1501188.71,7433588.94
9287600593032,681006531228,UTIB075049,Savings,Regular,Active,05-10-2020,,2850462.99,3574420.94
22159932410608,877731056406,HDFC077037,Savings,Premium,Active,02-03-2021,,3194443.3,3773149.01
24732629257425,877731056406,HDFC077037,Current,Premium,Active,12-07-2017,,1654847.15,638459.94
81910424239,885140166842,IOBA057632,Savings,Basic,Active,11-08-2021,,1559651.63,7618211.18
16846477715,481066286316,IOBA052692,Fixed Deposit,Regular,Active,13-07-2020,,2420808.67,3640642.84
606280990303,481066286316,IOBA052692,Current,Regular,Active,01-09-2018,,1743127.32,7933454.56
394679538048,423469622555,ICIC078854,Recurring Deposit,BSBD,Active,11-08-2020,,1431001.21,11327946.56
112573430034,423469622555,ICIC078854,Current,Premium,Active,06-01-2023,,1974188.31,10580870.64
9593921802212,965841822850,CNRB059098,Recurring Deposit,Basic,Active,23-12-2023,,5860219.07,5928427.07
4797332001673,965841822850,CNRB059098,Current,Premium,Dormant,16-09-2023,13-08-2024,0.0,0.0
85985008546,666893436741,SBIN080638,Savings,Premium,Active,03-09-2017,,595976.03,2515003.07
49846513498124,200762626712,CNRB068062,Savings,Basic,Frozen,13-02-2024,,0.0,0.0
147928411101,200762626712,CNRB068062,Recurring Deposit,Regular,Active,11-12-2019,,1196372.78,8387555.03
36235347487,975402538007,IOBA038629,Current,Regular,Active,20-02-2020,,1896415.39,2483423.1
142986648038,975402538007,IOBA038629,Salary,Basic,Active,21-03-2023,,6660243.92,5368500.83
5525855923960614,233112605763,PUNB036267,Savings,Basic,Active,21-08-2019,,410373.63,3793494.86
2014475428304695,233112605763,PUNB036267,Savings,BSBD,Active,18-04-2019,,4129585.11,4581027.99
17602210106155,340444853021,BARB018017,Savings,Regular,Active,08-09-2020,,929071.6,4773842.2
9464112649778,340444853021,BARB018017,Salary,Premium,Active,12-04-2019,,1061572.95,10231656.8
6596239425972,648274942452,BKID042610,Fixed Deposit,Regular,Active,01-12-2019,,2481328.39,2303326.62
86689899015,648274942452,BKID042610,Savings,BSBD,Active,06-05-2018,,561074.5,11575652.98
86059705369551,585169014723,BARB079707,Salary,Basic,Active,13-10-2020,,4658184.95,4715307.6
3671866320886,513232305422,BKID022968,Savings,Basic,Active,18-10-2024,,1200722.19,12132926.52
453822671329,458069302124,ICIC082223,Savings,Premium,Active,07-06-2024,,524093.78,4358238.69
818399017434,458069302124,ICIC082223,Recurring Deposit,Basic,Active,11-03-2020,,1000145.11,1934562.8
947988503725,954648076759,ICIC069717,Savings,Regular,Active,15-04-2022,,1967065.21,3783540.96
599894846261,954648076759,ICIC069717,Savings,Premium,Active,31-05-2022,,678672.05,3887861.19
9212045879276,586929089756,UTIB063202,Savings,Basic,Dormant,20-02-2024,21-04-2024,209345.88,0.0
9163156255173,586929089756,UTIB063202,Savings,Regular,Active,17-12-2024,,98678.54,809042.44
57036011900,134399488300,SBIN047060,Savings,Premium,Active,02-08-2022,,3316490.93,3243983.85
26634646028,134399488300,SBIN047060,Savings,Premium,Active,12-03-2019,,406903.8,1680829.49
9158866939901,617493623745,UTIB016026,Current,Basic,Active,29-08-2021,,1491910.61,907306.96
67956913255,293360062965,BARB051695,Savings,Premium,Active,11-06-2023,,45040.77,5060892.76
68172520129,293360062965,BARB051695,Savings,Premium,Active,16-03-2023,,4013824.26,4344664.57
545759825643,967743828326,IOBA015502,Salary,Basic,Active,25-06-2023,,11315419.14,11378434.12
74013248727,271453107527,BKID090602,Salary,Premium,Active,02-06-2024,,744146.32,3400016.86
26740267348332,271453107527,BKID090602,Salary,Regular,Active,16-12-2024,,6958741.25,7151345.13
295782088317,783024190366,KKBK029898,Fixed Deposit,Regular,Active,12-10-2024,,5946421.88,14501346.38
73174501681,235152242321,CNRB074828,Recurring Deposit,Regular,Active,21-02-2024,,5532707.8,6193504.93
14226806799875,443069293037,HDFC076822,NRO,Regular,Active,05-12-2024,,878010.97,12011948.9
48362247566102,443069293037,HDFC076822,NRO,Regular,Active,09-02-2024,,3786151.3,3895399.93
7030554722734,545926076258,BARB073679,Savings,Basic,Dormant,15-09-2017,09-12-2017,2020.59,0.0
51204879501,292241246976,IOBA069049,Fixed Deposit,Corporate,Active,09-03-2023,,673321.17,8099338.61
9162832411815,362923964037,UTIB042242,Current,Regular,Active,05-10-2024,,688145.23,7347257.5
9276837261087,362923964037,UTIB042242,Current,Regular,Active,10-10-2024,,11222494.56,9228406.9
10104411939814,492637614571,BARB087465,Savings,Premium,Active,20-02-2023,,95100.26,1381210.36
680329407836,512061869656,CNRB094025,Savings,Regular,Active,29-09-2022,,315923.24,295683.74
96936098300,512061869656,CNRB094025,Current,Premium,Active,24-04-2024,,582684.07,11010754.14
10223306749,715793539156,SBIN099953,Fixed Deposit,Corporate,Active,30-08-2024,,117145.5,688183.46
74288660573,715793539156,SBIN099953,Current,Corporate,Active,05-08-2024,,1002344.93,8857643.03
680967032319,170669174848,BARB084010,Savings,BSBD,Frozen,03-07-2018,,0.0,0.0
47352216179,424097674648,SBIN064655,Fixed Deposit,Regular,Active,19-08-2019,,5792890.24,6213953.15
76920329349,424097674648,SBIN064655,NRE,Premium,Active,01-08-2021,,336240.95,1142009.37
9252590160678,171233849386,UTIB063980,Salary,Basic,Active,03-07-2018,,8263818.15,12086096.3
668363904953,882446297286,ICIC099716,Recurring Deposit,Premium,Active,01-09-2023,,7207192.28,7340328.35
704848214498,882446297286,ICIC099716,Fixed Deposit,Premium,Active,18-05-2021,,287536.44,722730.28
84463127012,723830678966,BKID072772,Current,Premium,Closed,18-04-2022,,0.0,0.0
67429511807705,841161489277,BKID050032,Salary,Basic,Active,10-02-2018,,2677162.82,3554148.24
26597882428,591813789394,SBIN076579,Fixed Deposit,Regular,Active,18-03-2023,,1954825.47,3847660.76
98962052141,591813789394,SBIN076579,Salary,Basic,Frozen,23-05-2023,,0.0,0.0
225970829207,104722573365,BARB018567,NRO,Regular,Active,30-10-2024,,7249520.9,7193964.9
26918244943030,354180623448,CNRB046743,Savings,Regular,Active,15-11-2022,,2428433.79,4988960.54
339355282239,354180623448,CNRB046743,Savings,BSBD,Closed,15-10-2023,,0.0,0.0
6754272598201,145298195937,CNRB012518,Current,Corporate,Active,09-08-2024,,1250999.08,1384235.45
477414074462,145298195937,CNRB012518,Current,Regular,Active,14-12-2024,,9672353.34,7944453.02
65192587280,656764713976,SBIN074516,Current,Regular,Active,23-12-2016,,2030247.11,405966.41
66128587515,656764713976,SBIN074516,Current,Corporate,Active,28-04-2022,,8120535.31,11261023.92
20382576294,739256592532,SBIN098582,Savings,Regular,Active,03-07-2024,,201166.45,1551369.1
1320707256669,220047727224,BKID084271,Fixed Deposit,Corporate,Active,02-07-2018,,57906.11,2097126.57
18906782191,220047727224,BKID084271,Current,Regular,Active,07-09-2017,,3712044.6,23649634.08
5760065193856,605021104961,BARB041876,NRE,Regular,Active,03-03-2022,,1129976.18,5096738.55
683538241624,391284561819,ICIC098813,Current,Premium,Frozen,13-06-2023,,0.0,0.0
457970425978,391284561819,ICIC098813,Savings,BSBD,Active,28-12-2022,,663514.1,6546015.62
77541620608,307372630373,SBIN096174,Salary,Regular,Active,18-03-2021,,663468.05,2878349.16
36653179332,307372630373,SBIN096174,Savings,Basic,Active,04-12-2024,,561107.11,15987134.77
137784322952,303554251170,KKBK060937,Current,Corporate,Active,22-10-2024,,4096501.44,762973.45
1084085513342,303554251170,KKBK060937,Current,Regular,Active,02-03-2024,,10630576.56,359256.5
66380118533,405940548484,SBIN067986,Salary,Premium,Active,14-01-2022,,1006205.82,11124043.55
678249036172,997847793358,KKBK046820,Savings,Basic,Active,21-01-2024,,5596688.47,6724648.82
3152504017042,391612756355,BKID053023,Savings,Basic,Active,25-11-2022,,2140473.4,12633265.86
88186027994560,391612756355,BKID053023,Savings,Premium,Active,05-04-2022,,6266442.32,5362530.49
9266957456532,446730530549,UTIB020102,Current,BSBD,Active,29-09-2022,,461543.38,533322.79
9198686281431,446730530549,UTIB020102,Salary,Premium,Active,07-01-2023,,766825.58,7171992.28
33497276767390,264413419962,CNRB022329,Current,Corporate,Active,10-06-2024,,12984306.16,24599700.68
249588236037,264413419962,CNRB022329,Fixed Deposit,Regular,Active,27-08-2019,,2309302.08,6742834.85
3490100816841793,283205495859,PUNB080353,Savings,Regular,Active,24-10-2022,,4926836.55,5792817.48
6528122430545841,283205495859,PUNB080353,Salary,Regular,Active,05-09-2023,,596346.0,1219058.06
61374347804616,920926647596,HDFC070772,Savings,BSBD,Active,29-08-2016,,6398458.33,6885448.23
7579903026397162,253001131672,PUNB013925,Fixed Deposit,Premium,Active,29-08-2020,,10215348.03,10347626.45
7623913124333288,253001131672,PUNB013925,Savings,Basic,Active,28-04-2022,,1147127.6,2979935.66
50750608651,811889757270,SBIN051678,Salary,Premium,Active,09-11-2020,,744179.0,4537066.63
70225006649,811889757270,SBIN051678,Savings,Basic,Dormant,01-05-2019,18-08-2022,113432.18,0.0
7022888717693,552127987938,BKID015208,Savings,Premium,Active,26-12-2024,,1716080.16,5815536.81
1335497184093,149910986514,BKID024990,Savings,Regular,Active,05-06-2024,,3326614.34,2882567.08
1177989107389264,290816839865,PUNB066393,Fixed Deposit,Premium,Active,23-03-2019,,824132.21,9282567.3
7311284633700363,290816839865,PUNB066393,NRE,Premium,Frozen,05-02-2024,,0.0,0.0
2296567851751,573005922671,BKID014085,Salary,BSBD,Active,06-12-2022,,796164.53,11467429.9
87631965165,573005922671,BKID014085,Salary,Basic,Active,18-01-2024,,666056.51,1563682.59
185908121569,547282843500,IOBA032811,Salary,Basic,Active,19-10-2024,,6009048.34,8322802.01
66424183168331,687405072756,CNRB026663,Current,Premium,Active,04-07-2020,,2097514.16,4218739.05
46293470599,687405072756,CNRB026663,Savings,Regular,Active,07-05-2023,,933466.6,6952122.26
2665207732468968,978154372081,PUNB043714,Salary,Basic,Active,14-10-2022,,991594.73,10296198.25
4211372122244886,978154372081,PUNB043714,Salary,Basic,Active,28-08-2021,,2694184.69,4288090.16
3730435749340388,327139359389,PUNB053167,Savings,Premium,Dormant,13-08-2022,22-02-2023,140663.65,12285.07
666323337944,566840884565,ICIC088046,Current,Corporate,Active,26-11-2024,,10853921.88,18338262.93
340890588536,763466259668,IOBA025328,Current,Regular,Active,22-08-2021,,6314966.17,3639210.11
17168244459,533598482457,SBIN013382,Current,Premium,Active,15-06-2024,,9067927.65,9114072.36
6953548035295,642680978084,BARB025185,Fixed Deposit,Premium,Active,29-12-2023,,8219057.91,8269717.26
66354708849263,642680978084,BARB025185,Savings,BSBD,Frozen,09-07-2022,,0.0,0.0
41403680702,389116778486,IOBA010042,Current,Basic,Active,31-03-2024,,5433748.44,5251595.78
37615139393,389116778486,IOBA010042,Salary,BSBD,Active,30-12-2022,,802126.61,7677392.99
27694255905,762253494891,BKID032232,Savings,Regular,Dormant,13-08-2023,02-04-2024,32246.32,0.0
9845568273532675,275039163925,PUNB019019,Savings,BSBD,Active,21-09-2015,,4736904.07,4954715.99
8416251881432167,275039163925,PUNB019019,Salary,Basic,Active,28-11-2021,,1957941.04,2193057.66
89175059660,108158742142,SBIN084937,Savings,Premium,Active,08-11-2022,,60071.72,8582468.28
40286073412184,760085604014,HDFC080923,Savings,Basic,Dormant,17-02-2024,06-03-2024,0.0,0.0
76626814635,159610667045,SBIN044622,Savings,Premium,Active,18-05-2023,,829249.89,5706404.59
53256769213,376213385452,SBIN076641,Salary,Regular,Active,30-06-2018,,1239858.85,5663906.75
94944487558,376213385452,SBIN076641,Savings,Premium,Active,08-01-2018,,1734723.94,1138950.01
55288146646768,885117801867,BARB013444,Savings,Regular,Active,31-08-2023,,213381.8,5354014.43
286484090879,885117801867,BARB013444,Fixed Deposit,Basic,Active,02-08-2023,,1203783.34,8236373.41
59951273861205,299296423121,HDFC068477,Current,Premium,Active,06-06-2024,,1043708.15,1820608.71
90329527236406,299296423121,HDFC068477,Current,Basic,Active,02-11-2023,,4970619.13,5702994.03
53328397748,867548038736,SBIN090255,Savings,Regular,Active,12-05-2023,,899898.62,2259416.38
91404104100268,115675523038,BKID089468,Savings,Regular,Active,29-08-2017,,5005616.58,5068239.74
45623948789,115675523038,BKID089468,Savings,Basic,Active,02-11-2017,,1802957.73,2455948.32
37354264590,422077649068,SBIN022638,Current,Basic,Active,17-03-2019,,839494.72,2331438.77
64946477876,422077649068,SBIN022638,Current,BSBD,Active,25-09-2019,,3232786.56,4010020.61
9255258630365,296634145978,UTIB069006,Recurring Deposit,Basic,Active,04-09-2021,,4255949.19,4258552.64
843329687595,215434775062,ICIC014031,Savings,BSBD,Active,24-11-2023,,4090847.51,3973890.29
84325439623577,736591038802,CNRB060155,Salary,Premium,Active,21-09-2023,,2145928.0,3765212.26
9216380767743,621402199787,UTIB081258,Fixed Deposit,Regular,Active,12-01-2023,,1378509.3,1746541.78
9124037960815,621402199787,UTIB081258,Salary,BSBD,Active,28-03-2022,,412914.31,309656.7
16734843970,451158056894,SBIN055648,Recurring Deposit,Regular,Active,12-05-2023,,228191.1,4886428.34
692313423751,111297240440,ICIC040753,Current,Basic,Active,20-09-2018,,6684081.81,6179751.9
9283979020126,936234204602,UTIB041869,Current,Premium,Active,23-03-2024,,3473999.43,3290034.41
9146667962843,936234204602,UTIB041869,Savings,Regular,Active,23-05-2021,,5089653.69,6379732.47
6333818870215,200492407353,BARB046742,Fixed Deposit,Premium,Active,16-07-2024,,1537265.58,2042485.89
17846421639,200492407353,BARB046742,Savings,BSBD,Active,03-07-2020,,1345872.51,1692603.04
40844054270,350935808881,BARB045172,Current,Regular,Active,01-12-2021,,852714.47,7769649.68
9878590476600829,197956195133,PUNB098549,Salary,Regular,Active,13-09-2019,,4554640.32,4294291.51
2910148668918514,197956195133,PUNB098549,Current,BSBD,Active,20-02-2023,,860864.27,6457715.8
35831837301420,496704392011,KKBK074504,Current,BSBD,Active,29-01-2024,,2087998.33,2597613.75
11760890634272,924049986342,BARB023695,Fixed Deposit,Regular,Active,06-07-2023,,11968881.5,14964432.35
97134586146,191750127982,SBIN046998,Salary,Basic,Active,10-11-2020,,1367640.06,2172671.34
59699086187,191750127982,SBIN046998,Savings,Basic,Active,06-02-2023,,911928.63,18768209.55
403864232673,768328589797,ICIC037921,Current,BSBD,Active,06-03-2024,,657780.65,837917.94
99147222109361,381802101011,HDFC078850,Savings,BSBD,Active,26-12-2024,,2521342.04,8176331.46
40526056087245,381802101011,HDFC078850,Salary,Regular,Active,27-11-2024,,2215672.1,2304212.33
15212106496167,818091877333,BKID029847,Current,Corporate,Active,30-08-2021,,3279689.04,11179552.48
624726840135,450558872845,KKBK038698,Current,BSBD,Active,18-12-2022,,784511.07,1273261.89
38412333733404,179545116861,IOBA026922,Salary,BSBD,Active,08-07-2022,,1527477.01,3023852.39
991723269202,179545116861,IOBA026922,Savings,BSBD,Active,05-04-2018,,381575.87,3002768.73
5191373918469034,307681716620,PUNB075416,Salary,Premium,Active,22-02-2022,,477479.91,2106336.53
9294678156838,351838343121,UTIB047204,Current,Corporate,Active,28-06-2024,,16307446.6,6443755.86
38752898859,885433319381,BARB020768,Savings,Regular,Active,28-04-2019,,8233960.45,625511.56
17061264932532,916773757222,CNRB078488,Current,Corporate,Active,21-10-2021,,333293.73,1617279.11
79624927279,993699881482,IOBA068722,Fixed Deposit,Regular,Active,01-02-2020,,1719019.53,3536029.29
17062821456345,620782982528,HDFC015264,Savings,Premium,Closed,02-05-2024,,0.0,0.0
287362728588,474316311363,ICIC038172,Current,Corporate,Active,30-08-2017,,100426.39,10984418.93
561625637659,474316311363,ICIC038172,Fixed Deposit,Regular,Active,19-05-2019,,169713.82,682562.46
410281022634,403993246436,CNRB022803,Recurring Deposit,Regular,Active,21-06-2024,,795533.84,10227108.13
68584629335,403993246436,CNRB022803,Current,Basic,Active,05-05-2020,,648091.52,1443621.18
62615734778,434071484653,CNRB033314,Salary,Basic,Active,17-12-2024,,1112582.15,982758.88
351381345513,434071484653,CNRB033314,Current,Regular,Active,29-12-2022,,1260925.67,1299156.1
9160985728862,837144522878,UTIB026340,Current,BSBD,Active,16-06-2024,,1510658.16,5979230.49
9252647488815,367194970610,UTIB013772,Savings,Basic,Active,04-09-2020,,8863608.09,8660827.18
9196007386278,367194970610,UTIB013772,Salary,Basic,Active,30-03-2020,,1126101.47,1738379.21
84156874107,586743101446,BARB078484,Fixed Deposit,Regular,Closed,29-09-2024,,0.0,0.0
39463090242600,586743101446,BARB078484,Fixed Deposit,Corporate,Active,10-10-2024,,587599.22,6556627.79
40178304568161,648050562977,BKID069465,Salary,BSBD,Active,09-05-2022,,350958.52,8054313.98
8948729578648,648050562977,BKID069465,Savings,Regular,Active,24-11-2023,,2492292.06,1949743.66
749496973057,947686031154,CNRB091571,Recurring Deposit,BSBD,Active,03-05-2021,,2173828.9,2221291.16
9232281478653,955014629730,UTIB017172,Salary,Basic,Active,01-04-2022,,153513.59,1089555.35
88861198132,776707480003,SBIN041143,Current,BSBD,Active,12-06-2021,,5106199.83,5449408.23
768585080951,117820068418,CNRB039695,Salary,Regular,Active,12-11-2021,,290151.16,12324842.26
271231653271,581165926507,CNRB073815,Savings,BSBD,Active,27-08-2024,,10456889.13,10765811.76
71022697501514,581165926507,CNRB073815,Savings,BSBD,Active,24-04-2024,,1745157.98,2253921.79
1245212454399,857387479426,KKBK071325,Savings,BSBD,Active,25-11-2021,,4462110.24,4756798.66
37900299187,857387479426,KKBK071325,Recurring Deposit,Basic,Active,21-09-2023,,1755.34,12178220.87
75417740282,859108438123,SBIN018073,Current,BSBD,Active,17-10-2018,,1389024.74,2767575.39
51169099631,859108438123,SBIN018073,Current,BSBD,Closed,05-01-2017,,0.0,0.0
85837748624,723676603800,SBIN070876,Savings,BSBD,Active,27-10-2023,,775808.61,1783687.48
480327699809,521795655303,BKID021567,Savings,Basic,Active,23-11-2022,,1593236.78,11187663.61
40419926121,304078981528,SBIN088723,Current,Basic,Active,29-01-2023,,1538732.84,1421075.19
9277952174525,241772403996,UTIB078134,Recurring Deposit,BSBD,Dormant,15-09-2023,19-11-2023,9868.52,76019.46
9195666120362,241772403996,UTIB078134,Salary,Regular,Active,02-05-2020,,74116.44,12372851.64
80953179875,974104319012,BKID024926,Salary,Premium,Active,19-07-2022,,594870.96,1667075.65
211391210128,985559555632,BARB035128,Savings,Regular,Active,12-02-2023,,3911239.29,3492851.32
96569861641300,985559555632,BARB035128,Savings,Premium,Active,07-12-2019,,7329921.97,6969485.41
52526360469,415393266058,SBIN067866,Fixed Deposit,BSBD,Active,14-05-2021,,2288822.93,2038129.28
68502447345,415393266058,SBIN067866,Savings,Regular,Active,08-11-2024,,773479.16,10122078.05
912928685317,257099388002,ICIC027076,NRE,Premium,Active,15-08-2021,,1365402.26,1658132.49
234999708267,315682887926,ICIC066576,Savings,Regular,Active,03-06-2023,,2166505.85,3038575.1
12307346435090,360555216307,CNRB083381,Savings,Premium,Active,06-04-2023,,942695.07,3356433.16
70508121115,797137027591,BKID022931,Salary,Basic,Active,12-07-2018,,3056000.43,3159900.93
65859647193060,797137027591,BKID022931,Savings,BSBD,Active,11-07-2024,,1958305.02,9570221.68
2566255560888,706149278905,IOBA051395,Recurring Deposit,Regular,Active,07-07-2024,,1281121.37,1475144.34
43294378957942,706149278905,IOBA051395,Fixed Deposit,Basic,Active,12-12-2024,,1704135.01,3464726.26
6402477125228,773326740316,BARB023578,Savings,Regular,Active,30-05-2024,,964590.66,1042918.74
54925746113523,773326740316,BARB023578,Current,Regular,Active,08-07-2024,,1020550.82,2809849.7
635942019167,964564544479,ICIC079199,Current,Regular,Active,23-12-2024,,1758094.58,2854617.33
192682004633,964564544479,ICIC079199,Salary,Premium,Active,11-12-2024,,1252012.01,3686245.85
805857344789,310742242302,ICIC019424,Savings,Premium,Active,06-08-2024,,6106904.77,5727347.41
64977357270,829652435145,SBIN079241,Current,Regular,Active,15-06-2024,,674084.12,15262362.78
74348053970,139522143848,SBIN029316,Savings,Basic,Active,16-03-2023,,5305540.7,5661907.89
527460369150,640420866800,CNRB085644,Savings,Basic,Active,29-01-2022,,1647965.68,6754287.26
7841365506583710,352082714926,PUNB032339,Salary,BSBD,Active,14-12-2023,,2073604.22,2896465.54
9020119087274688,352082714926,PUNB032339,Current,Basic,Active,04-11-2024,,708954.69,328432.96
71172734962,882322390063,SBIN084232,Fixed Deposit,Regular,Active,15-10-2021,,1949851.57,3977497.9
78764203109,882322390063,SBIN084232,Current,Premium,Active,23-07-2019,,189753.06,3077398.5
529754103188,538139833735,BARB058120,Salary,BSBD,Active,04-11-2017,,7897009.56,8613989.47
54996630447566,538139833735,BARB058120,Savings,BSBD,Active,18-06-2021,,7959187.28,7642204.99
928173819214,593028891533,CNRB014182,Current,Regular,Active,27-09-2023,,1006113.19,10911309.9
91717169395021,593028891533,CNRB014182,Fixed Deposit,BSBD,Active,25-12-2023,,1434101.23,2259011.2
717972288675,239460483818,ICIC080005,Savings,Regular,Active,14-01-2019,,1960225.17,2874006.18
5805698035089,287247862541,IOBA078186,Salary,BSBD,Active,02-08-2024,,1167284.97,9058427.91
7745511747806,287247862541,IOBA078186,Salary,Regular,Active,02-07-2024,,2695897.56,2658764.3
81285558962,611568028238,SBIN036595,Salary,Basic,Active,16-05-2021,,99927.95,210967.41
190678229752,133778780722,BKID013142,Salary,Premium,Active,22-03-2023,,922012.09,3306211.13
6053472120805,322081409478,KKBK083816,Current,Regular,Active,22-06-2024,,12858494.12,12924656.64
46414585091173,322081409478,KKBK083816,Savings,Basic,Active,04-05-2022,,741814.91,13535504.36
8685120862469,780117499979,CNRB052827,Salary,Regular,Active,11-09-2024,,1567326.75,2798965.78
2950938613966,780117499979,CNRB052827,Savings,Regular,Active,01-10-2024,,943501.9,1311088.27
3959895736045,383028282996,CNRB087028,Savings,Regular,Active,31-10-2023,,5212765.82,6484492.34
1244271525609,383028282996,CNRB087028,Savings,Basic,Active,04-11-2023,,1541114.04,6007561.44
44850948574,261177319959,KKBK024596,Fixed Deposit,Regular,Closed,18-02-2022,,0.0,46179.71
253414543238,261177319959,KKBK024596,Fixed Deposit,Basic,Active,29-07-2021,,1458199.8,5790201.43
869990309840,429492681349,IOBA035908,Savings,Regular,Active,01-04-2023,,3775954.23,4567498.2
452788534937,429492681349,IOBA035908,Current,BSBD,Active,11-06-2023,,288020.4,921156.35
99816590211,127415033181,SBIN020825,Fixed Deposit,Corporate,Active,04-03-2022,,483307.46,553414.42
15038159979865,366946931313,CNRB097224,Salary,Regular,Dormant,15-09-2020,28-01-2025,366.71,0.0
48326114488,744356376143,CNRB051058,Fixed Deposit,Regular,Active,29-11-2019,,811213.09,3690868.55
83480420391111,768203753503,KKBK072278,Recurring Deposit,Basic,Active,13-02-2024,,7205920.68,7494883.8
64057301210719,661661506374,HDFC030976,Savings,Basic,Active,11-05-2018,,533384.06,945955.24
90813172575,190022453233,SBIN083404,Salary,Premium,Dormant,26-07-2024,18-09-2024,56150.87,0.0
90309121145,190022453233,SBIN083404,Fixed Deposit,Basic,Active,26-07-2024,,673406.36,601366.94
10437943612684,513894632753,BARB086602,Savings,Regular,Active,13-06-2024,,1690957.36,9954094.23
780422774020,513894632753,BARB086602,Fixed Deposit,BSBD,Active,15-11-2024,,872409.96,3375699.18
47716283882,223005401501,SBIN040479,Recurring Deposit,Basic,Frozen,28-10-2023,,0.0,0.0
50335335004,223005401501,SBIN040479,Savings,Basic,Active,26-05-2024,,3982278.51,5197571.36
16914814825,409248776142,CNRB031456,Savings,Basic,Active,17-12-2019,,3232003.46,3374435.99
37380337985,409248776142,CNRB031456,Savings,Premium,Active,24-02-2023,,2126954.59,7686668.14
34364097760512,431051422137,HDFC078997,Salary,Basic,Closed,05-11-2024,,0.0,0.0
25197835908640,431051422137,HDFC078997,Salary,Basic,Active,14-08-2021,,1093176.68,2344409.49
9959934565993,413752030329,KKBK086925,Fixed Deposit,Regular,Active,25-06-2021,,1177049.23,8602421.26
1938288369938,413752030329,KKBK086925,Current,Corporate,Active,18-04-2023,,7548192.15,16783172.34
6734015828340,395864861124,CNRB095849,Fixed Deposit,Premium,Active,20-03-2018,,5357930.29,5498269.83
907350594944,658461149461,IOBA098768,Savings,Basic,Active,24-02-2019,,1689367.77,2949581.87
979160181672,349537156378,CNRB090530,Recurring Deposit,Basic,Active,20-10-2021,,3537046.24,4189324.64
287806138712,250764438493,ICIC012253,Recurring Deposit,Premium,Active,21-03-2024,,1372448.5,2417139.8
9202453834849,507013449389,UTIB035761,Salary,BSBD,Active,24-07-2018,,795806.22,839448.0
99901125081,193155434907,SBIN010742,Current,Regular,Active,24-04-2022,,1517579.09,7422816.33
58060410055364,534097241617,HDFC078192,Fixed Deposit,Premium,Active,30-06-2024,,1815947.38,1612585.59
466313532412,606824495061,ICIC072105,Current,BSBD,Active,15-11-2024,,1493113.03,2459552.91
201248512941,606824495061,ICIC072105,Savings,BSBD,Active,09-05-2024,,237717.96,3682455.26
9229387667205,442814564749,UTIB066334,Savings,Regular,Active,01-08-2018,,1748196.82,9921319.28
9267344722641,442814564749,UTIB066334,Savings,Premium,Active,10-06-2023,,852683.46,216436.08
35295615297,533494326669,IOBA019166,Savings,Regular,Active,15-01-2019,,1509810.7,9490670.1
244147013962,533494326669,IOBA019166,Current,Premium,Active,14-03-2018,,859013.09,6276781.68
92553557083105,938484903876,HDFC051573,Savings,BSBD,Active,17-06-2023,,660949.34,1641791.15
344090047451,517880016533,ICIC079672,Savings,Basic,Active,05-10-2023,,6414923.75,6601580.06
1014063114686230,877320425768,PUNB078741,Salary,BSBD,Active,17-09-2021,,795510.31,2525192.0
1772808588676383,877320425768,PUNB078741,Salary,Premium,Active,08-02-2024,,5287177.64,5160524.82
903676036517,567900705977,ICIC042649,Savings,BSBD,Active,14-01-2022,,2365611.83,3423492.36
421173831917,567900705977,ICIC042649,Savings,Premium,Active,02-01-2018,,1660557.64,11227649.97
79560356264623,372085070834,HDFC013919,Salary,BSBD,Active,02-07-2021,,557359.41,1055513.62
42558117575601,372085070834,HDFC013919,Savings,Premium,Active,06-02-2021,,749468.5,853959.63
62670910397,322555860344,KKBK076350,Salary,BSBD,Active,09-01-2024,,5260905.63,5543118.02
32195606899348,228066672098,HDFC057555,Salary,BSBD,Active,24-05-2020,,2999148.45,2026044.16
94695193996,201951074424,SBIN091482,Savings,Premium,Active,08-04-2024,,3886619.06,3895665.74
52216015485,201951074424,SBIN091482,Savings,Premium,Active,19-03-2024,,79774.91,330068.27
4398347956529003,101384180938,PUNB040356,Current,Corporate,Active,23-03-2024,,10011001.81,9978098.42
440641568639,649101829759,ICIC026056,Current,Basic,Active,26-06-2024,,783147.83,9487363.45
9259195253904,437730005586,IOBA061564,Current,Regular,Active,25-09-2019,,5465207.84,5559695.84
68182368738975,109097938223,HDFC020643,Fixed Deposit,Regular,Active,06-09-2021,,367205.69,10675107.81
44903108960779,109097938223,HDFC020643,Savings,Regular,Active,23-10-2017,,2344912.46,2328966.37
45833405323669,237848277333,CNRB037060,Current,Corporate,Closed,14-01-2017,,0.0,0.0
72425574205,237848277333,CNRB037060,Fixed Deposit,Corporate,Active,21-11-2015,,18529490.86,9083460.32
4111841266782048,140750810560,PUNB099154,Fixed Deposit,Regular,Active,12-11-2019,,8398726.79,7966311.58
37836793109,695186192694,SBIN042534,Savings,Premium,Frozen,06-08-2024,,0.0,0.0
6244294186882453,846653492019,PUNB075852,Current,Corporate,Active,26-12-2020,,8657981.22,6445480.63
1708129062511833,846653492019,PUNB075852,Current,Regular,Active,13-07-2024,,14077155.86,9253414.74
53584282244777,777597773630,KKBK071508,Savings,BSBD,Active,05-05-2021,,503626.69,2320025.39
85817691389,777597773630,KKBK071508,Savings,Premium,Active,03-07-2019,,2927035.82,3253040.01
1762374411181,739185027264,CNRB026976,Recurring Deposit,Premium,Active,26-05-2024,,4483110.2,5600626.97
331484094644,739185027264,CNRB026976,Savings,Premium,Active,10-06-2024,,2451834.54,15098523.87
2843759545614706,522556129518,PUNB038956,Salary,Regular,Active,26-01-2024,,6101450.87,5809541.35
2074863224284585,748118218676,PUNB089140,Current,Premium,Active,09-12-2018,,492402.39,5746506.57
8260485679057701,748118218676,PUNB089140,Current,BSBD,Active,27-07-2017,,501802.29,6004732.8
9142781153889,268602274194,UTIB041066,Savings,Regular,Closed,05-11-2019,,0.0,0.0
8889886776580929,500074981547,PUNB083719,Current,Regular,Active,11-11-2023,,1498634.94,16452509.25
41908640283601,629248629218,HDFC018513,Savings,Premium,Active,13-05-2023,,9314873.88,8950664.14
38873515583635,629248629218,HDFC018513,Current,BSBD,Active,31-01-2023,,1007581.98,3032953.69
9295862363048,534751410911,UTIB010306,Current,Basic,Active,29-05-2022,,2045812.97,10728690.62
9195042295792,534751410911,UTIB010306,Savings,Regular,Active,25-03-2022,,5854239.56,5688232.87
79144904561,559018903009,BKID014081,Savings,Premium,Active,18-08-2024,,14702153.8,14720269.82
33265020464,559018903009,BKID014081,Recurring Deposit,Premium,Active,03-10-2022,,5689926.92,6471927.05
97144966753,821217896809,SBIN020186,Recurring Deposit,Premium,Dormant,16-09-2017,25-03-2018,43837.56,6211.07
4869542277588,182226498152,BARB080698,Salary,Regular,Dormant,20-08-2024,28-10-2024,2170.45,4799.05
9229032418937,367720383266,UTIB045570,Savings,Regular,Active,19-12-2021,,2208294.19,5865126.05
9284830288805,367720383266,UTIB045570,Savings,Basic,Active,16-02-2021,,1674964.28,2846055.83
7345645264456382,748731106638,PUNB036059,Fixed Deposit,Regular,Active,17-10-2021,,10931768.15,12091309.23
49425365355987,577293375541,IOBA084277,Fixed Deposit,Regular,Active,17-07-2022,,632443.8,2876742.19
45022745573066,577293375541,IOBA084277,Current,Regular,Active,12-04-2023,,14483593.02,12199532.22
25503047565,104211844236,SBIN076170,Salary,Basic,Active,30-01-2024,,1139004.24,878226.64
32551500901,104211844236,SBIN076170,Savings,Basic,Active,23-01-2024,,1534850.32,14654309.92
141834761164,259043436683,ICIC093171,Recurring Deposit,Premium,Active,07-08-2022,,7373006.78,6929089.85
30463341119291,427189777251,HDFC012087,Savings,Basic,Active,15-06-2018,,5173341.98,5244539.32
83664097242725,427189777251,HDFC012087,Savings,Basic,Active,18-06-2018,,774581.19,1491314.52
6682931674188,781252303284,CNRB088840,Savings,Regular,Dormant,12-11-2023,09-10-2024,71003.33,0.0
765908719616,781252303284,CNRB088840,Savings,Basic,Dormant,05-02-2023,02-05-2024,187333.33,11453.57
15411762828876,393857822117,IOBA036294,Savings,Regular,Active,25-10-2017,,9237810.25,7023480.83
79037924002,826142124019,KKBK060681,Salary,Premium,Active,11-01-2019,,11885468.88,11737056.85
1230886923369221,275182609386,PUNB071414,NRE,Premium,Active,22-11-2019,,1505716.57,11115571.89
53027102671,265272544309,SBIN047469,Current,Premium,Dormant,29-08-2022,06-12-2022,0.0,0.0
83162935866,265272544309,SBIN047469,Current,Basic,Active,27-11-2019,,100468.91,3400347.26
12867074710,163608384440,SBIN013868,Salary,Basic,Active,19-02-2020,,891573.64,1968196.1
25794751424,163608384440,SBIN013868,Savings,Basic,Active,19-09-2024,,1823569.33,2344018.73
34814631205109,670228384394,HDFC039586,Recurring Deposit,Regular,Active,04-05-2024,,23065.97,5393893.73
58785541612339,670228384394,HDFC039586,Savings,BSBD,Active,11-06-2024,,7379832.93,8673405.24
975568628268,826248740146,ICIC063892,Fixed Deposit,Corporate,Dormant,17-07-2024,18-08-2024,0.0,2764487.48
790013192712,826248740146,ICIC063892,Current,Corporate,Active,05-08-2024,,10577663.27,6944096.75
7386991961238,794153597693,BKID012019,Savings,Regular,Active,16-04-2018,,599875.48,1540957.98
57359050663,627313230127,SBIN058580,Fixed Deposit,Regular,Active,25-07-2023,,187774.67,9791951.89
9239499135966,595654249028,UTIB077586,Current,Premium,Active,09-08-2022,,2240368.53,2173834.14
9263966633070,595654249028,UTIB077586,Savings,BSBD,Active,07-02-2024,,1331811.91,14970685.98
735770731961,519822219909,ICIC072603,Savings,Basic,Active,26-11-2024,,1116901.82,1002400.97
390378729218,294095514741,CNRB067569,Fixed Deposit,Premium,Active,20-09-2024,,635508.9,6278460.43
57387376042401,298742661706,HDFC056125,NRO,Regular,Active,05-01-2024,,1757258.56,2905711.31
67311960261761,298742661706,HDFC056125,Fixed Deposit,Premium,Active,17-03-2024,,613517.35,3206847.33
18727616451,142432952336,BKID033967,Savings,Premium,Active,09-07-2018,,1572249.43,2828549.79
8502402653066,717421950271,CNRB093755,Salary,Basic,Active,22-02-2017,,813863.31,551117.97
77639891603966,717421950271,CNRB093755,Fixed Deposit,Regular,Active,26-10-2024,,1399296.77,10758820.53
761417175628,724231083802,KKBK029647,Savings,Regular,Active,16-10-2024,,7017479.39,8177299.79
656963469131,724231083802,KKBK029647,Savings,Premium,Active,25-05-2024,,5951217.76,5697056.77
65887028069,573663157669,SBIN078716,Salary,Regular,Active,20-10-2023,,5880306.79,5388163.45
9212741514182,306294004307,UTIB082726,Salary,Regular,Active,23-03-2022,,7895300.04,6401583.54
230018564699,542340023616,ICIC024786,Savings,BSBD,Active,29-02-2020,,4168367.58,4101861.44
330997038478,542340023616,ICIC024786,Savings,BSBD,Closed,01-07-2021,,0.0,0.0
77973896562635,108723928949,HDFC066005,Salary,Premium,Active,15-08-2024,,189959.36,6403297.1
15635881676264,108723928949,HDFC066005,Current,BSBD,Active,10-11-2017,,485238.91,2361051.2
49357072204,464640613170,SBIN095773,Savings,Regular,Closed,25-07-2024,,0.0,0.0
807337742176,921742001498,KKBK014785,Current,Premium,Active,12-05-2024,,312918.3,8277131.99
4993841141361,921742001498,KKBK014785,Savings,Premium,Active,07-08-2024,,5609427.26,3760018.44
68895021217,770004924635,KKBK049316,Salary,BSBD,Active,08-01-2019,,7382691.95,7198158.36
49979901536,378593559969,BKID065494,Recurring Deposit,Premium,Active,14-04-2024,,1652686.71,1194787.8
97292354621612,482887326946,HDFC047175,Salary,Regular,Active,06-06-2017,,2288175.36,2788776.17
9276027131708,414919779870,UTIB059877,Current,Basic,Active,17-10-2019,,853307.79,10841728.71
9185780076302,414919779870,UTIB059877,Fixed Deposit,Premium,Active,10-02-2018,,867437.33,7256564.02
86441377637908,247653259483,HDFC015617,Fixed Deposit,Corporate,Active,26-12-2023,,5230104.47,2149350.81
19885729486,810789788230,SBIN074347,Savings,BSBD,Active,09-05-2023,,2008271.48,14259834.99
495889240001,759353514229,KKBK097159,Savings,Basic,Active,07-10-2024,,1198822.32,8511495.9
3530135557986,703948999006,CNRB012385,Current,Basic,Active,12-04-2023,,439019.78,1242243.47
99276415855,299464996189,SBIN015880,Savings,BSBD,Active,21-04-2021,,472972.05,12596851.0
19285721384,993501999103,SBIN048702,Savings,Regular,Active,22-04-2023,,258526.08,430501.16
12235569412,993501999103,SBIN048702,Savings,Basic,Active,29-09-2023,,40621.39,14091848.4
5419257821656600,743806247029,PUNB029904,NRO,Regular,Active,29-06-2024,,946367.23,7748064.32
6612346927234727,751603863672,PUNB010876,Fixed Deposit,Regular,Active,02-01-2017,,5992578.48,8776447.41
6692761261726466,751603863672,PUNB010876,Fixed Deposit,Corporate,Active,05-09-2018,,2704702.84,10503954.16
806306604958,997676890793,KKBK022638,Current,Basic,Active,31-08-2024,,1096961.55,6618315.06
67757775530,703013918280,SBIN036649,Current,BSBD,Active,09-12-2023,,2253790.8,16484439.54
75450590412,703013918280,SBIN036649,Salary,Regular,Active,14-09-2024,,1786173.1,3480265.11
6121810929111200,105173506625,PUNB054278,Savings,Regular,Active,31-03-2024,,461061.92,2142752.45
1153806595995383,105173506625,PUNB054278,Savings,Regular,Active,16-06-2022,,1562008.99,2247503.38
39642947529,820965682862,SBIN015532,Fixed Deposit,Premium,Active,17-12-2023,,6308669.96,8682000.83
869667934723,101195754231,ICIC075524,Current,Basic,Active,07-06-2024,,6524542.3,6423303.73
493914827601,101195754231,ICIC075524,Savings,Regular,Active,28-02-2021,,1498226.11,1944500.48
222485538198,835228982539,ICIC027397,Savings,BSBD,Active,24-02-2023,,1178732.46,2029472.95
602947866879,835228982539,ICIC027397,Savings,BSBD,Active,28-12-2020,,570594.25,9836636.52
5530174245107452,739245746399,PUNB083569,Recurring Deposit,Regular,Active,28-10-2021,,1611254.09,4627991.86
77514810319,763085520727,BKID030169,Savings,Premium,Active,16-09-2024,,857662.34,1114592.63
313077665599,676937276061,ICIC022739,Savings,Basic,Active,10-01-2024,,712970.45,6174334.34
909912011495,676937276061,ICIC022739,Savings,Regular,Active,02-12-2024,,313285.81,10466597.57
9108419009250,808000264443,UTIB038457,Recurring Deposit,Regular,Active,22-12-2023,,69425.9,527664.99
4977253182784307,846557689386,PUNB015252,Fixed Deposit,Premium,Active,02-09-2021,,433451.51,1380000.74
621186648451,431018350916,BARB063914,Fixed Deposit,Regular,Closed,20-11-2024,,0.0,0.0
720063085517,431018350916,BARB063914,Current,Regular,Active,19-11-2024,,5920228.83,14376672.69
56637687343334,569358953528,BKID033898,Current,Regular,Active,05-04-2023,,3573137.87,13229565.48
6026519835538,569358953528,BKID033898,Current,Regular,Active,15-09-2022,,488952.81,234583.75
4175645560844352,596980804921,PUNB056891,Salary,BSBD,Active,23-10-2021,,984149.63,1062603.26
2714130386444960,596980804921,PUNB056891,Savings,Regular,Active,04-01-2024,,53368.52,8622004.99
20424709194,973872800560,BARB069519,Savings,Basic,Active,16-03-2023,,5634446.67,5083149.62
36117885536,973872800560,BARB069519,Salary,Basic,Active,26-07-2024,,869248.94,2066748.52
43005910958280,146498859626,HDFC068474,Current,Corporate,Dormant,14-10-2019,09-01-2022,6773.0,3737.05
51015777924150,146498859626,HDFC068474,Fixed Deposit,Corporate,Active,01-01-2022,,2078442.12,2858504.19
25632422267,632584659460,SBIN068763,Fixed Deposit,Regular,Dormant,05-03-2024,10-10-2024,0.0,0.0
62394035033,902175929553,BARB060248,Recurring Deposit,Premium,Active,13-09-2018,,1148209.73,688690.01
5705990705177897,326815157804,PUNB090788,Savings,Regular,Active,16-06-2022,,753095.95,2451177.31
961302097815,354597784475,KKBK079905,Fixed Deposit,Corporate,Active,15-02-2024,,921760.21,3379385.46
589628586458,354597784475,KKBK079905,Fixed Deposit,Corporate,Active,06-03-2018,,362566.03,9492517.11
7632885137023315,187543375426,PUNB030701,NRE,Premium,Active,22-03-2020,,2175488.37,2338547.15
5955416762321088,187543375426,PUNB030701,Fixed Deposit,Regular,Active,25-07-2022,,315430.34,1293158.97
588950479390,695448781985,ICIC040783,Salary,Regular,Active,12-12-2024,,389793.05,1636201.03
77262435968,564434172563,SBIN032123,Current,Premium,Active,22-01-2018,,7011446.28,11944145.4
646250329142,521718917036,BKID010101,Salary,BSBD,Active,12-04-2022,,917781.86,2285207.96
659830516323,606918974038,ICIC093053,Current,BSBD,Frozen,24-12-2024,,0.0,0.0
400934452065,606918974038,ICIC093053,Salary,Premium,Active,15-06-2024,,2080901.1,4153156.95
14518267584626,196313262051,HDFC017475,Salary,BSBD,Active,08-11-2024,,2505847.31,2596257.54
9158823312112,423247113212,UTIB074427,Salary,Premium,Active,13-10-2021,,3993964.5,4338608.86
9268116699088,423247113212,UTIB074427,Salary,Basic,Active,23-05-2022,,4162071.68,4801788.01
3178319555683078,622684991096,PUNB076567,Savings,Basic,Active,28-01-2024,,1140799.31,1550466.41
3574679956139521,622684991096,PUNB076567,Salary,BSBD,Active,10-02-2024,,4429330.4,5400300.6
9318232133968,592182832634,CNRB027444,Salary,Regular,Active,13-04-2018,,1756821.5,2088297.05
11306333262,646257966137,SBIN097725,Salary,Regular,Active,22-01-2021,,907445.76,2004678.29
30658136507,705625675897,SBIN034323,Savings,Regular,Active,21-02-2021,,7753825.83,7776884.81
705258521475,294851677088,BARB029640,Savings,Premium,Active,24-04-2021,,774831.67,2936194.67
61447612179,294851677088,BARB029640,Salary,Basic,Active,29-01-2022,,5579723.19,5523928.65
25653645509,738497565016,CNRB023354,Savings,Basic,Closed,28-05-2024,,0.0,0.0
25583804930,353774851927,BKID024571,Savings,BSBD,Active,14-04-2020,,745281.93,2031374.49
4964919819812715,381276438730,PUNB062311,Current,BSBD,Active,10-04-2024,,430302.1,937304.43
84578715155,629945208518,CNRB072893,Salary,BSBD,Active,12-01-2023,,1403104.83,8874267.56
55917030058950,362188526291,BARB010315,Savings,Premium,Active,02-01-2022,,2110979.23,2512135.81
74955594416,361546661594,SBIN061472,Salary,Premium,Active,21-02-2020,,5839275.29,6100313.75
51027766463,361546661594,SBIN061472,Recurring Deposit,Basic,Active,28-06-2019,,8356350.32,8012828.94
9261740170000,246724746699,UTIB024136,Recurring Deposit,Basic,Dormant,22-02-2023,06-03-2024,0.0,0.0
9144113770285,246724746699,UTIB024136,Savings,Regular,Active,18-01-2023,,543856.2,6500232.58
9147283425821,726410670438,UTIB031506,Savings,Basic,Active,07-02-2022,,4773935.02,4352601.4
3468030107654760,870430022251,PUNB029284,Savings,Premium,Active,25-12-2022,,1131475.49,2847087.48
821292284497,796412825320,ICIC020204,Current,Regular,Active,05-12-2023,,357167.14,408624.78
40035616818160,478873480135,BARB048960,Savings,Premium,Closed,20-10-2021,,0.0,0.0
6433063086223,478873480135,BARB048960,Savings,Basic,Active,30-08-2022,,3894791.75,3974958.42
9059752678501,682707692040,KKBK031261,Fixed Deposit,Premium,Active,14-12-2024,,1927364.73,1570930.6
72015334819,682707692040,KKBK031261,Savings,Premium,Active,02-12-2023,,1655018.07,2349726.76
9029313563811545,625187083681,PUNB038975,Salary,Regular,Active,12-05-2024,,299595.13,10495816.95
4559671659051,479047824235,BARB031360,Salary,Regular,Active,10-10-2023,,420797.76,505003.88
3369666833755,479047824235,BARB031360,Current,Regular,Closed,17-06-2024,,0.0,0.0
37554659051205,423985531403,KKBK015407,Recurring Deposit,Premium,Active,04-04-2022,,626867.99,3777774.39
7131575375944,423985531403,KKBK015407,Savings,BSBD,Active,30-08-2021,,10392407.29,10127743.68
93175486857,123014648591,BARB060327,Current,Corporate,Active,14-01-2023,,5030546.91,5464559.49
947927075019,460225411017,IOBA053758,Salary,Premium,Active,07-11-2020,,1772430.4,11262823.35
12044461284387,136123266670,BKID089797,Fixed Deposit,Corporate,Active,17-09-2016,,8984037.74,6576180.63
7362683543235,136123266670,BKID089797,Current,Regular,Active,30-12-2015,,6819618.69,12837699.68
454133034015,163453208933,ICIC091491,Current,BSBD,Active,19-05-2021,,1059706.32,432453.54
170556387681,550909790009,ICIC062537,Savings,Basic,Active,14-05-2024,,10997547.41,16755470.97
65625568293,339072851480,CNRB012528,Savings,Regular,Active,07-01-2022,,1333889.15,930459.65
9214972118497,835872123362,UTIB023786,Salary,Basic,Active,21-09-2023,,1258523.7,4348341.33
9160554082761,835872123362,UTIB023786,Current,Regular,Active,31-12-2021,,5692214.86,5766134.95
45749410239183,636334234132,HDFC051707,Savings,Basic,Active,29-11-2024,,1509960.93,7000228.54
168471775260,780369865262,ICIC011941,Savings,Basic,Active,28-04-2023,,775554.4,783501.41
755086240289,746114412982,CNRB026025,NRE,Regular,Active,23-09-2023,,9709894.64,10022494.27
46134314428,263331095665,CNRB059320,Recurring Deposit,Regular,Dormant,18-09-2024,03-03-2025,1000.57,16634.98
37657640015923,263331095665,CNRB059320,Savings,Premium,Active,03-12-2024,,1193386.24,6399900.68
994839568129,230824385803,ICIC039446,Savings,Premium,Active,05-06-2017,,1752906.76,12179462.29
505222629396,230824385803,ICIC039446,Recurring Deposit,BSBD,Active,12-03-2019,,770304.67,17809934.31
9141577912278,781025800784,UTIB017016,Savings,BSBD,Active,06-05-2023,,1288577.27,9108334.21
9114891802559,781025800784,UTIB017016,Savings,Basic,Active,22-02-2023,,338442.43,8321993.69
644369262619,195502416345,BKID057805,Current,Premium,Active,06-02-2022,,688272.91,3182532.66
7398004629853,195502416345,BKID057805,Savings,Premium,Active,14-06-2023,,526252.8,3489672.75
37638956591,769561043460,BKID093716,Current,Corporate,Active,09-09-2021,,7263864.25,1784211.39
982112971968,769561043460,BKID093716,Fixed Deposit,Corporate,Active,03-10-2022,,6519478.98,4572202.86
5681744652190177,891691021616,PUNB085232,Current,Regular,Active,25-08-2018,,837055.14,15666827.58
7226271175826501,891691021616,PUNB085232,Savings,Basic,Active,07-04-2022,,3487560.33,4776966.02
25889128304008,684412256870,CNRB023760,Savings,BSBD,Active,09-03-2023,,1278816.71,6145325.27
444322140933,341433925551,KKBK026629,Salary,Premium,Active,14-06-2024,,4962125.29,4351272.01
61178061764894,110790870509,HDFC042637,Savings,BSBD,Active,10-10-2018,,3681977.69,5722315.98
9185006440540,378715095804,UTIB062538,Current,Regular,Active,20-02-2023,,5565889.18,17646301.2
9131294701795,378715095804,UTIB062538,Fixed Deposit,Regular,Active,18-11-2024,,2266480.45,11822739.49
688305186739,558159327705,ICIC097259,Current,Regular,Frozen,03-02-2024,,0.0,0.0
624876839120,558159327705,ICIC097259,Current,Regular,Active,05-11-2024,,4430307.48,9437198.39
18703948811301,624916037824,BARB042517,Savings,Premium,Dormant,06-08-2022,04-01-2025,133966.99,131440.8
5306287068878,624916037824,BARB042517,Current,BSBD,Active,21-02-2021,,154108.04,5715097.54
994420832041,347047682688,ICIC082697,Current,Basic,Active,29-04-2022,,5533554.99,6103066.43
56104363094197,920135898376,IOBA074282,Savings,Basic,Active,18-04-2024,,512163.99,7720200.65
43809141405,131229146382,SBIN098745,Current,Corporate,Active,27-03-2023,,5880285.39,10944333.41
68109272235,131229146382,SBIN098745,Current,Corporate,Active,21-03-2023,,227392.53,1477342.2
75196167769,231169687778,SBIN070693,Salary,BSBD,Dormant,08-11-2019,03-10-2020,4614.58,2593.44
42443153671,132949904198,SBIN027498,NRO,Regular,Dormant,16-01-2016,21-06-2022,2823.98,38940.98
27624807607,806533171773,SBIN093156,Salary,Premium,Active,30-10-2023,,3542666.45,4750831.89
44023344736,806533171773,SBIN093156,Recurring Deposit,BSBD,Active,30-10-2023,,1661719.44,11790301.33
39700465813792,273793467232,HDFC038896,Current,Regular,Frozen,09-08-2024,,0.0,0.0
99993798677860,273793467232,HDFC038896,Current,Regular,Active,19-03-2017,,7245237.5,2716556.54
2532544378879968,164065756172,PUNB061307,Recurring Deposit,Basic,Active,13-01-2023,,435558.02,10403276.35
88360548313870,158452763026,IOBA044726,Recurring Deposit,BSBD,Active,30-06-2023,,2582021.9,11782097.01
660720320186,158452763026,IOBA044726,Savings,Basic,Dormant,25-10-2023,28-02-2025,6144.61,109100.0
44536011003,481386034190,CNRB091484,Fixed Deposit,Basic,Active,19-06-2019,,719771.83,2799691.27
13702273291,395139720504,KKBK045771,Salary,Basic,Active,02-10-2021,,1350467.39,3162919.2
9115348264590,569202273758,UTIB035024,Current,Basic,Active,09-10-2024,,756895.27,1752892.68
732984958273,784338327967,KKBK048050,Savings,Regular,Active,02-07-2024,,2423450.45,9947757.06
52187822409004,784338327967,KKBK048050,Salary,Premium,Active,29-03-2024,,227742.36,12945607.18
73529122504511,986356494953,HDFC057383,Savings,Basic,Active,31-12-2017,,263657.76,1613056.55
81406301579057,986356494953,HDFC057383,Savings,BSBD,Active,09-02-2022,,1223707.46,1130828.46
2697820106310,417103565486,IOBA052035,Salary,BSBD,Active,09-08-2019,,250003.75,698974.38
13630942012800,417103565486,IOBA052035,Salary,Premium,Active,08-10-2017,,882667.55,1935230.65
2667785538369,740470110440,IOBA080055,Savings,Premium,Active,21-12-2017,,697229.84,429472.21
8031357868872,243376970362,CNRB069006,Recurring Deposit,Regular,Active,25-01-2024,,1073863.02,1845264.3
76977540578,715136229683,BKID015169,Savings,Basic,Active,30-10-2022,,3886252.69,4349948.84
68074280331,216501695742,IOBA026477,Fixed Deposit,Corporate,Active,26-06-2022,,8347579.0,11264421.9
2584367831544,216501695742,IOBA026477,Fixed Deposit,Regular,Active,05-04-2024,,6257968.67,10169602.14
43818055847472,157414983384,HDFC047692,Current,Regular,Active,18-02-2024,,845184.72,3100931.58
178389207056,122731660593,ICIC025665,Savings,Regular,Active,21-06-2024,,556157.47,17794833.91
670293409663,270216261611,KKBK046289,Savings,Basic,Active,07-11-2024,,1287727.44,11237794.55
8342408032128,243937550589,KKBK012251,Fixed Deposit,Premium,Active,05-05-2021,,1002515.66,1353835.94
116246170959,243937550589,KKBK012251,Salary,Basic,Active,13-01-2024,,1323334.85,2263127.02
257708379275,700874549913,ICIC095893,Savings,Basic,Active,24-04-2020,,1845258.6,8120075.62
2085620712231,856585863085,IOBA028262,Savings,BSBD,Active,19-12-2021,,7015124.63,6417133.49
96138648621,856585863085,IOBA028262,Salary,BSBD,Active,29-11-2024,,371454.49,14544836.44
6180414326199,187152155210,KKBK049736,Current,Premium,Closed,23-07-2024,,0.0,0.0
15958616045445,249280750660,HDFC059767,Savings,BSBD,Dormant,07-01-2023,31-03-2023,3977.62,0.0
78845321119,492815986045,SBIN016485,Savings,BSBD,Active,08-10-2021,,600971.78,7507338.33
39366407766,492815986045,SBIN016485,Savings,Regular,Active,25-06-2023,,534421.98,4272077.09
9105735500415,264104917543,UTIB047643,Fixed Deposit,Regular,Active,30-04-2016,,1043669.28,7650967.11
9174127063546,264104917543,UTIB047643,Salary,Premium,Dormant,19-11-2020,28-07-2024,1756.82,26185.13
125019030041,798056700911,IOBA038329,Recurring Deposit,Premium,Active,03-01-2022,,5809778.48,5793134.6
9240104457576,671468537682,UTIB045772,Savings,Regular,Active,25-03-2023,,1952869.84,8843237.37
936809264695,697636963641,IOBA063134,Fixed Deposit,Corporate,Active,23-08-2021,,22555597.87,4146279.54
186930170139,697636963641,IOBA063134,Fixed Deposit,Corporate,Active,11-10-2023,,509718.96,8875312.9
4754987656772,944951622024,IOBA072898,Salary,BSBD,Active,01-06-2019,,688036.13,14328628.82
549712655526,261816246152,ICIC069948,Savings,Premium,Active,27-12-2024,,173558.66,7052757.28
180882032351,261816246152,ICIC069948,Salary,Basic,Active,05-08-2017,,2996665.92,3137976.07
1485123835747383,605829853411,PUNB063843,Recurring Deposit,Basic,Active,21-02-2023,,3304743.23,2842915.4
9895617961661799,605829853411,PUNB063843,Salary,Regular,Dormant,03-01-2024,13-01-2024,4447.22,0.0
653323065859,784830174831,IOBA046955,Savings,Premium,Frozen,25-11-2023,,0.0,0.0
21591177941,509329339662,SBIN060763,Fixed Deposit,Regular,Active,30-09-2021,,749901.49,7115431.48
50702276139525,585720790756,KKBK046559,Savings,Basic,Active,28-11-2021,,824878.76,6174219.4
84345804130,545460512257,SBIN032449,Recurring Deposit,BSBD,Dormant,11-03-2019,18-11-2021,154553.67,4852.67
10117217576,545460512257,SBIN032449,Salary,Regular,Active,06-08-2022,,4540854.18,4686954.58
7232457694687121,717901873333,PUNB055418,Current,Basic,Active,08-09-2019,,8501996.79,8579247.19
5023891747606274,717901873333,PUNB055418,Savings,Premium,Active,07-09-2024,,206656.72,1463257.35
72225653342094,709354092384,HDFC064037,Current,Regular,Active,07-09-2024,,3177868.65,13123716.13
1152037347436859,401512680379,PUNB077469,Current,Basic,Active,21-04-2020,,2557852.08,1292397.62
7850797473287044,401512680379,PUNB077469,Current,Premium,Active,10-12-2024,,539998.06,966882.12
623712144437,849048621723,BARB016806,Current,Basic,Active,02-09-2023,,13107432.72,13360778.33
5975381953459,849048621723,BARB016806,Savings,Regular,Active,21-03-2024,,34538.17,285538.47
38445729274,907039020003,SBIN010339,Current,BSBD,Active,04-09-2023,,513216.38,1113474.35
57892281655926,859486414105,BARB082178,Savings,Basic,Active,27-11-2024,,1328895.79,1673779.59
5978774485807,955578568457,KKBK065149,Recurring Deposit,Premium,Active,02-12-2023,,3263679.61,3178433.48
4228542551439,955578568457,KKBK065149,Current,BSBD,Active,01-10-2024,,8700319.16,8693014.59
38997170309296,885277623309,BARB094518,Salary,Regular,Active,21-11-2024,,1658782.75,18326704.81
70103715765771,899139326491,HDFC051046,Fixed Deposit,Corporate,Active,05-04-2017,,4479832.4,6370085.87
277391561187,291331184672,BARB040424,Savings,BSBD,Dormant,12-05-2019,18-05-2019,2362.2,0.0
21536312470738,110780893473,KKBK095154,Savings,Basic,Active,19-04-2024,,5387137.18,5109008.16
85477526520,110780893473,KKBK095154,Savings,BSBD,Active,01-08-2024,,6361396.8,7002610.36
11958751255545,929286519655,CNRB041030,Salary,Premium,Active,11-08-2019,,521946.23,1357293.89
86110018394,929286519655,CNRB041030,Savings,Basic,Active,13-07-2024,,1156196.57,14081686.67
930553858601,818727010527,ICIC078353,Fixed Deposit,Basic,Active,23-10-2024,,2905217.95,2736013.46
640928576332,804878663251,ICIC078217,Savings,Regular,Active,31-07-2024,,415414.63,13606630.08
913284836037,804878663251,ICIC078217,Savings,Basic,Active,13-02-2024,,5677544.07,5092939.04
3713759661183,143242786822,IOBA078222,Fixed Deposit,Corporate,Active,11-09-2022,,12770073.84,21960453.17
61355757947941,143242786822,IOBA078222,Current,Corporate,Active,15-02-2024,,6979557.22,11527676.5
9101135143988,324217929816,UTIB036413,Savings,Regular,Active,07-02-2023,,6218970.92,6916626.81
485213334990,806644533368,IOBA038502,Fixed Deposit,Basic,Active,01-02-2019,,614441.0,149606.37
3583937497146,797486216236,BKID014202,Fixed Deposit,Basic,Active,21-06-2023,,447920.03,1504202.08
93528523881095,797486216236,BKID014202,Savings,Basic,Active,20-04-2023,,4043160.36,3850491.08
64932626940,162968938385,BKID084174,Salary,BSBD,Active,22-08-2024,,6075126.17,7090751.63
57540690409238,757158113688,BKID043966,Current,Regular,Active,24-09-2024,,7156024.65,8443550.28
777954050226,365426566417,ICIC064416,Fixed Deposit,Regular,Active,02-02-2024,,5368721.67,6088002.04
4374058484990,367482788561,IOBA029281,Current,Basic,Active,12-11-2021,,2000292.21,2076812.31
1918831473575038,342412503644,PUNB071714,Recurring Deposit,Regular,Active,07-09-2022,,523936.72,2012163.01
708141123485,761198214223,ICIC058965,Savings,BSBD,Active,30-05-2024,,1834939.73,7904416.91
1400029128016414,707496451671,PUNB044464,Savings,Basic,Active,17-10-2021,,2436147.0,2106349.5
9018835076945151,707496451671,PUNB044464,Salary,BSBD,Active,23-05-2021,,757029.77,14574513.49
4835456727364557,845726600759,PUNB041286,Fixed Deposit,BSBD,Active,01-11-2023,,1460616.99,2346388.89
9898550109444729,845726600759,PUNB041286,Salary,Premium,Active,03-08-2023,,1147848.72,3271464.13
3238542350074,990748624598,BARB074285,Salary,BSBD,Active,29-03-2020,,4723106.7,5010944.75
48062604576,990748624598,BARB074285,Fixed Deposit,Premium,Active,05-07-2020,,1659895.65,8988170.64
77171571354,482932243715,CNRB057049,Recurring Deposit,Premium,Active,16-09-2022,,4476807.29,4399876.2
90041486737710,482932243715,CNRB057049,Fixed Deposit,BSBD,Active,26-08-2023,,1576245.73,2410673.84
85835321224786,808054023265,HDFC038728,Current,Premium,Active,09-09-2024,,2743853.24,5675170.6
7751606348650,481356323786,BARB027601,Salary,Regular,Active,22-10-2023,,1089180.87,1427161.46
84031096599682,481356323786,BARB027601,Fixed Deposit,Basic,Active,19-01-2024,,1037487.63,836871.19
67513959733000,637311591592,HDFC010683,Fixed Deposit,Basic,Active,18-10-2020,,1387305.34,2062490.54
59568436587019,637311591592,HDFC010683,Salary,Basic,Active,12-12-2019,,306227.38,364720.68
6752703897098946,466906342617,PUNB035375,Recurring Deposit,Regular,Closed,26-10-2024,,0.0,0.0
8918184626144372,466906342617,PUNB035375,Salary,BSBD,Active,24-04-2022,,80699.65,891493.61
332392948135,655666825288,ICIC074448,Salary,Regular,Active,04-07-2022,,3982268.26,3447048.4
638406165603,655666825288,ICIC074448,Recurring Deposit,Premium,Active,11-03-2023,,718546.05,1713860.86
9109540614012,496073840961,UTIB010657,Fixed Deposit,Regular,Dormant,09-02-2023,03-06-2024,0.0,8176.93
73720482915,274219329002,SBIN018634,Recurring Deposit,BSBD,Active,06-05-2024,,2427597.77,3663363.79
67510656878,274219329002,SBIN018634,Savings,BSBD,Active,04-10-2024,,1107108.28,4248670.14
6793430316750236,809589624715,PUNB095587,Salary,Premium,Active,29-06-2023,,4311930.17,4943770.52
1224047545972662,809589624715,PUNB095587,Savings,Basic,Active,25-07-2024,,3590427.72,3564975.33
78056331377,114953463591,SBIN015984,Recurring Deposit,Basic,Active,06-01-2023,,1397644.16,11302734.94
48850638461,114953463591,SBIN015984,Salary,Basic,Active,02-11-2019,,1453573.42,2759196.99
6080547763729642,474072306518,PUNB053203,Recurring Deposit,Basic,Active,14-07-2022,,2426962.18,2786272.71
3627603617502,248798240710,IOBA098710,Savings,Regular,Active,01-08-2023,,705414.05,585212.32
66931383081,248798240710,IOBA098710,Fixed Deposit,Basic,Dormant,22-03-2020,13-08-2023,29826.19,0.0
48764046211,764888181535,BARB073665,Salary,Basic,Active,02-06-2018,,418179.88,651866.19
44815298639400,764888181535,BARB073665,Salary,Premium,Active,23-07-2023,,137135.33,469500.78
6130042376217214,486007442964,PUNB085466,Current,Corporate,Active,13-07-2016,,3771074.09,1689599.51
35025523067,504736919967,BKID012787,Savings,Premium,Dormant,20-04-2020,14-04-2021,5022335.98,0.0
59186970433,324633873429,IOBA083430,Salary,Regular,Active,02-10-2021,,194129.2,5073766.74
2483574282010712,957173050010,PUNB093841,Current,Regular,Active,25-04-2023,,6443334.92,6556157.26
7954136565492,126190641404,IOBA018376,Fixed Deposit,Regular,Active,05-05-2023,,1999856.89,7454784.6
631091333625,126190641404,IOBA018376,Recurring Deposit,Premium,Active,24-11-2022,,554891.14,1937111.16
61544755922799,663194789584,HDFC054107,Salary,Regular,Active,09-06-2018,,6617917.57,7478265.76
59978315788124,663194789584,HDFC054107,Current,Regular,Active,19-07-2019,,1458599.73,13287938.74
9264551134710,555950558237,UTIB021065,Savings,Basic,Active,14-07-2024,,53585.0,220165.24
9230493761804,555950558237,UTIB021065,Savings,Premium,Active,07-06-2023,,5561044.33,6271676.24
882694165535,745228506216,IOBA011042,Fixed Deposit,BSBD,Active,01-12-2023,,5785475.95,5855924.89
7596638336708,745228506216,IOBA011042,Savings,Basic,Active,16-05-2024,,2281645.88,14573391.46
651335266672,172363808769,ICIC051146,Recurring Deposit,Premium,Active,08-11-2021,,2730057.78,2549063.92
79942098402,709455776090,CNRB048236,Savings,Premium,Active,05-05-2023,,1435402.51,3225372.34
3463835314629,709455776090,CNRB048236,Savings,Regular,Active,26-03-2022,,995116.09,3772588.5
812293224225,784232148437,IOBA098705,Savings,Premium,Active,27-02-2021,,624847.16,6600440.4
61979205827,732974646287,SBIN014922,Salary,BSBD,Active,07-10-2020,,1746371.8,2410182.36
90274146783746,241097030587,KKBK078291,Salary,Premium,Active,02-09-2024,,7400142.0,7603155.33
58560483583450,241097030587,KKBK078291,Salary,Regular,Closed,02-03-2024,,0.0,0.0
3450193305897,780894521143,BARB050122,Savings,Regular,Active,23-06-2024,,1119959.69,3397086.72
54438044254517,458134837105,BARB038157,Fixed Deposit,Corporate,Active,12-02-2023,,16073384.44,27035263.23
6561168657087,961959541483,CNRB080669,Savings,Basic,Active,13-04-2024,,5882979.28,6072617.55
18015940323,783092560267,CNRB055940,Recurring Deposit,Basic,Active,14-04-2024,,1368517.75,2155046.87
53215900945,783092560267,CNRB055940,Savings,Basic,Active,01-07-2024,,1997912.2,2056562.43
668673892942,152512034052,ICIC031623,Salary,Basic,Active,22-08-2021,,5706495.03,5239309.12
3074770181464,506800369842,BARB020795,Savings,BSBD,Active,07-08-2020,,222588.57,5799146.88
9205587113558,166169213479,UTIB046991,Savings,BSBD,Active,25-09-2020,,3514957.17,3780055.71
9210755339762,166169213479,UTIB046991,Savings,Basic,Active,25-07-2020,,6976077.36,6744296.9
199972555564,824535741987,IOBA025373,Salary,Premium,Active,07-12-2023,,943284.23,1354219.57
45363816479,824535741987,IOBA025373,Fixed Deposit,Basic,Active,01-10-2024,,4504551.03,4438316.95
565587733035,311211415518,BARB079318,Salary,Basic,Active,11-06-2023,,609184.57,4411261.72
831674695806,311211415518,BARB079318,Salary,Regular,Active,23-03-2022,,2017589.2,2862162.84
57786568115,307965408659,SBIN047931,Savings,BSBD,Active,18-03-2021,,1285794.52,2412366.96
91734047784,307965408659,SBIN047931,Current,Regular,Active,03-11-2020,,1981195.32,2081059.83
40686290255,457120375635,SBIN063104,Savings,Regular,Active,01-03-2021,,6903853.19,6100804.19
4102032370717,153536983832,KKBK099190,Savings,Basic,Active,07-03-2024,,445039.73,9388664.28
985131312199,153536983832,KKBK099190,Current,BSBD,Active,12-06-2024,,1881785.46,3117305.84
25104189352,510222040245,IOBA058692,Salary,Regular,Active,16-01-2024,,4894907.25,5043597.78
987595910392,510222040245,IOBA058692,Salary,Basic,Active,12-08-2024,,1315542.8,1816527.39
63478278675,348448102259,SBIN041564,NRE,Regular,Active,13-11-2023,,1308112.5,3479772.1
88970183919,443383655840,KKBK061153,Savings,BSBD,Active,02-01-2024,,1639477.03,5781307.16
108985646256,509526424587,ICIC037242,Fixed Deposit,Corporate,Active,14-03-2020,,9318794.99,3479097.94
68593122617,410597313235,SBIN054184,Savings,BSBD,Active,24-05-2019,,1565504.15,10142848.32
11032333748,410597313235,SBIN054184,Savings,BSBD,Active,06-04-2020,,519931.58,14303184.17
79841958395908,813333739485,CNRB042594,Savings,Basic,Dormant,21-05-2017,25-06-2024,0.0,0.0
187146931676,813333739485,CNRB042594,Salary,BSBD,Frozen,31-05-2020,,0.0,0.0
45772827852790,670913091329,HDFC019802,Fixed Deposit,Regular,Active,16-10-2023,,6684806.28,8166993.89
329753248325,717608168177,ICIC072127,Current,Regular,Active,19-04-2018,,4640114.73,5378449.46
631844686380,717608168177,ICIC072127,Savings,Premium,Active,18-12-2023,,1075603.79,2324055.64
4955740439888,276806217132,BKID051560,Current,Premium,Active,02-10-2020,,6487031.21,6905252.04
57088927342869,276806217132,BKID051560,Savings,Premium,Active,06-09-2020,,781362.61,6255298.09
829342908519,137614787457,ICIC049957,Recurring Deposit,Regular,Active,24-09-2022,,297181.9,2489570.72
8086700971137685,191964717563,PUNB080087,Salary,Regular,Active,08-12-2024,,1933107.29,1742870.06
5406383362919346,191964717563,PUNB080087,Current,BSBD,Active,13-10-2023,,2870907.75,3088804.93
9176115716302,283811801081,UTIB035243,Fixed Deposit,Premium,Active,28-07-2024,,1302010.53,2157937.63
9201727807334,283811801081,UTIB035243,Savings,Premium,Active,23-10-2022,,941013.72,3530038.12
765498046604,128068796786,KKBK039926,Salary,Basic,Active,07-08-2020,,1516035.04,3255624.28
825580998308,128068796786,KKBK039926,Savings,Premium,Active,05-09-2021,,2662522.59,3911337.94
206595067412,644833193942,ICIC020175,Fixed Deposit,Regular,Active,04-02-2023,,265059.84,7167633.1
208518797877,644833193942,ICIC020175,Fixed Deposit,Corporate,Active,19-11-2017,,863906.21,2209166.18
3677940174989,436084116529,IOBA050578,Savings,Basic,Active,14-02-2023,,6280799.37,5448539.25
539246427527,358809918068,IOBA049472,Current,Premium,Active,27-03-2024,,516736.35,2118084.5
1593172863260,712603639040,BARB030561,Salary,Basic,Active,31-08-2024,,1456680.16,1697092.6
942635638219,712603639040,BARB030561,Savings,Basic,Active,09-10-2023,,489655.13,326876.02
58577431178,458635668540,KKBK093387,Savings,BSBD,Dormant,22-07-2022,05-03-2023,38958.51,3980.75
9738761876108724,643741791319,PUNB098064,Salary,Regular,Active,06-03-2024,,4027130.32,4291429.81
4664203420531569,643741791319,PUNB098064,Salary,Basic,Active,04-04-2021,,4925665.0,4894742.63
399638124704,684008361640,ICIC033547,Current,Corporate,Active,31-01-2017,,9358927.95,12618671.8
196937100671,684008361640,ICIC033547,Current,Regular,Active,05-12-2015,,13012163.51,11561736.83
75729247273139,644800413319,CNRB061642,Current,Regular,Active,16-11-2022,,385994.11,10056621.73
80748316844059,644800413319,CNRB061642,Salary,BSBD,Active,23-11-2023,,1735368.53,2195596.72
17931756263,516911615878,SBIN091279,Savings,Basic,Active,11-06-2024,,18382285.18,11621099.98
97645573338,250164855976,SBIN068566,Savings,Basic,Active,16-01-2021,,1096940.3,5063000.12
49128419176,250164855976,SBIN068566,Savings,Basic,Active,27-08-2017,,3590159.05,3415031.32
927932685224,232755972379,BKID047698,Fixed Deposit,Regular,Active,26-11-2023,,124889.46,262367.45
23896987553,232755972379,BKID047698,Fixed Deposit,Regular,Active,21-08-2018,,5624071.35,5931012.32
9223711816514,419362911944,UTIB053800,Savings,Regular,Dormant,05-04-2017,04-11-2023,2944.97,43921.27
9264989822585,642075774411,UTIB032169,Salary,Premium,Active,01-12-2022,,16627655.0,19523503.3
9159302087006,642075774411,UTIB032169,Salary,BSBD,Active,29-09-2022,,3439264.82,311307.43
91533078864,704802791322,SBIN041040,Savings,BSBD,Active,09-07-2023,,173668.42,2359390.81
26029390072,587422259398,SBIN084645,Recurring Deposit,Basic,Active,08-12-2017,,448584.21,1602146.18
54735428271304,461712854823,IOBA011228,Fixed Deposit,Premium,Active,29-07-2024,,307486.54,1534172.1
56180033021738,461712854823,IOBA011228,Savings,Basic,Active,24-11-2024,,953851.25,2934868.97
705761524755,516295911192,BKID083075,Savings,Regular,Active,24-05-2024,,891136.5,1301933.8
374549617506,282805800636,ICIC088563,Fixed Deposit,Regular,Active,24-02-2023,,576269.0,20242486.65
18183769652,667822346127,KKBK064214,Salary,Premium,Active,06-02-2020,,2044436.02,1788315.76
9157803843649,963136709704,UTIB038509,Savings,BSBD,Active,05-01-2019,,984460.0,2036496.22
9148451758365,963136709704,UTIB038509,Savings,BSBD,Active,20-04-2015,,491542.28,2109434.11
855242173697,561696078850,KKBK013115,Fixed Deposit,BSBD,Active,01-07-2023,,1751687.02,1564159.99
80894505341012,282944839632,HDFC031158,Fixed Deposit,Regular,Active,20-09-2024,,11310126.18,9589374.34
55009248656,127636707963,BARB065804,Recurring Deposit,Premium,Active,29-10-2015,,354129.81,288751.61
6497522805984,240329444017,IOBA047192,Salary,Regular,Active,26-10-2024,,4636179.42,4882522.35
9998608453008594,844425206792,PUNB026632,Salary,Regular,Active,20-12-2023,,1576853.63,11585333.83
4687697666097166,844425206792,PUNB026632,Fixed Deposit,Basic,Dormant,09-10-2023,13-06-2024,0.0,0.0
467423477672,131263789436,ICIC048576,Salary,Basic,Active,14-07-2020,,1101927.09,1862070.42
769970421036,131263789436,ICIC048576,Savings,Basic,Active,15-08-2021,,1353797.67,1559878.87
43537329810,254286538767,BARB072741,Savings,Premium,Active,28-11-2021,,1023760.36,2819607.29
6405749504491,703380482055,BARB075655,Savings,Premium,Frozen,15-05-2022,,0.0,0.0
2122644383012,703380482055,BARB075655,Savings,Premium,Active,15-02-2021,,1293913.73,3628985.82
97116620029,638481999924,BARB084008,Salary,BSBD,Active,04-07-2024,,6921219.19,7371766.85
20867473962854,581593170629,HDFC016665,Savings,Basic,Active,18-10-2024,,1439402.25,1818157.76
67543246459,443341886456,IOBA043071,Savings,Basic,Active,03-06-2018,,3065744.59,3297929.12
6078291244366621,266180636271,PUNB050048,Fixed Deposit,Corporate,Active,20-12-2023,,5929231.42,15931802.94
27681984679433,268229712509,KKBK069817,Salary,BSBD,Active,20-10-2022,,7017065.61,6743098.67
25848162135,268229712509,KKBK069817,Savings,Premium,Active,28-02-2024,,1466402.49,6895317.37
23111230034533,301218361926,BKID097129,Salary,Basic,Active,30-12-2024,,1123522.09,11465144.21
20036472520458,485100680916,BARB091758,Salary,BSBD,Dormant,30-01-2019,07-07-2023,33584.36,76065.11
3436826106061,661621636875,BARB011655,Current,Premium,Active,02-09-2024,,6353981.32,6614880.66
315056852826,489268692997,ICIC079399,Current,Regular,Active,20-04-2024,,198032.48,14890534.99
9202995586079,597450170831,UTIB061896,Recurring Deposit,Premium,Active,24-04-2019,,1251354.57,1402266.25
9101853232686,597450170831,UTIB061896,Recurring Deposit,Basic,Active,30-01-2019,,1135900.4,2303786.74
77330295655,105937278667,SBIN082009,Salary,Basic,Active,24-05-2021,,509234.44,10267690.74
6519371195660079,288458255176,PUNB065352,Recurring Deposit,Regular,Dormant,08-01-2024,05-07-2024,16645.79,143.79
8754048547484529,288458255176,PUNB065352,Savings,Premium,Active,10-03-2024,,4413168.87,6331118.39
8653005667760,906300365851,CNRB067258,Savings,Basic,Active,29-10-2017,,1533300.54,2006852.82
7905059621684,906300365851,CNRB067258,Salary,Basic,Active,08-08-2022,,3295767.22,4244161.49
31270820957605,981956691761,IOBA038407,Fixed Deposit,Corporate,Active,01-02-2024,,534045.41,19526770.37
161197992646,981956691761,IOBA038407,Fixed Deposit,Regular,Active,31-10-2024,,6812721.32,12865775.93
39529578294,167443921617,SBIN098725,Savings,Basic,Active,02-02-2023,,8271243.43,7633014.41
7533250745422,254611964046,BARB023197,Savings,Regular,Active,04-02-2019,,318191.29,881441.09
86940322742253,124916424193,IOBA054320,Savings,Regular,Dormant,06-03-2021,12-11-2021,9071.83,162130.55
38469634003,124916424193,IOBA054320,Salary,Regular,Active,22-11-2024,,170199.4,8687366.02
483619495796,596696223876,ICIC033102,Savings,Regular,Active,11-08-2021,,1234081.86,2966863.8
738362248280,596696223876,ICIC033102,Salary,Premium,Active,28-12-2017,,6730465.8,7300402.89
26574333651654,983050180684,KKBK072463,Savings,Premium,Dormant,01-07-2024,26-11-2024,18843.73,75986.6
4872035948578,380069458810,CNRB014613,Recurring Deposit,Regular,Active,08-03-2021,,5455535.03,6132328.69
49672379927,686818134880,SBIN052842,Salary,Regular,Frozen,11-04-2022,,0.0,0.0
47339810717,155181328227,CNRB067902,Savings,BSBD,Active,23-01-2023,,1797732.61,3161158.21
23206915677,155181328227,CNRB067902,Salary,BSBD,Active,26-12-2023,,4306303.17,4279625.98
63070187870,910833751364,BARB067661,Savings,Premium,Active,17-07-2020,,1576981.47,2065834.68
9214221873666,243055913002,UTIB040232,Salary,Regular,Active,08-02-2021,,3862757.88,4565818.97
9127761762435,243055913002,UTIB040232,Savings,BSBD,Active,14-01-2019,,8615589.93,9526507.49
31078379662,812431544838,KKBK031698,Fixed Deposit,BSBD,Active,31-12-2019,,190805.75,645870.29
45242041197589,812431544838,KKBK031698,Salary,BSBD,Active,13-12-2021,,1772281.92,3488671.78
31515872585,617423934477,SBIN093863,Savings,BSBD,Active,22-03-2024,,269700.83,1686766.0
58341532109,617423934477,SBIN093863,Savings,Premium,Active,19-11-2023,,1741216.48,3035413.65
680554479585,321248864992,CNRB016698,Fixed Deposit,Regular,Dormant,15-01-2018,30-03-2020,37313.19,3927.06
99798937583744,214562165650,HDFC094004,Salary,Basic,Active,20-11-2017,,1129607.17,12031774.39
82718315663153,798304439761,HDFC010601,Salary,BSBD,Active,28-12-2023,,3651806.08,3744643.4
15693733766829,798304439761,HDFC010601,Savings,BSBD,Active,13-07-2021,,4147559.29,3202693.86
48274854617,266096338172,KKBK044014,Salary,BSBD,Active,23-09-2017,,1089437.68,1518606.06
168120254574,553432053023,CNRB082005,Current,Regular,Active,05-11-2018,,1306088.37,12062482.39
25946604563182,952029474780,HDFC029804,Recurring Deposit,Premium,Active,27-05-2023,,1976387.37,3207690.7
5302666692803,157848283938,KKBK046949,Salary,Premium,Active,05-10-2018,,2057681.27,8529198.22
787832011143,442465636400,IOBA059070,Savings,Basic,Active,19-08-2023,,869953.45,1345463.3
127410918062,630266934896,ICIC044355,Recurring Deposit,BSBD,Active,05-07-2023,,8926713.35,9419013.33
254795376489,630266934896,ICIC044355,Savings,Regular,Active,21-03-2024,,557572.27,820956.92
40118401804,559471675183,KKBK036420,Savings,Basic,Active,13-12-2024,,1401357.51,966361.71
22709915631528,934226219415,KKBK086676,Savings,Regular,Active,26-05-2021,,888371.0,2074558.24
61505125474,128894670278,IOBA078809,Savings,Premium,Active,30-10-2024,,452772.52,862076.89
94057089171924,128894670278,IOBA078809,Salary,Basic,Active,28-03-2022,,1059428.96,8932465.11
37282949386465,692771962927,BARB036140,Salary,Premium,Active,07-01-2019,,656106.75,378172.18
40451505089,692771962927,BARB036140,Savings,Basic,Active,01-07-2021,,1992065.56,9131552.22
8899766953086864,565634630339,PUNB096380,Salary,Regular,Active,13-05-2024,,1467060.62,851363.41
5120965802283794,565634630339,PUNB096380,Savings,Regular,Active,09-03-2023,,627893.54,1691896.0
93811058315004,619574271504,BARB095076,Salary,Basic,Active,30-09-2024,,7861595.02,8664127.77
34391220743,740228497377,SBIN086406,Salary,BSBD,Active,10-05-2022,,4190780.98,4134871.32
56601149312,740228497377,SBIN086406,Fixed Deposit,Regular,Active,14-01-2023,,1244595.42,2455433.83
77765175503843,165089739489,CNRB042049,Current,BSBD,Active,15-12-2019,,379562.07,1577193.15
6919206228227,421268028264,IOBA061476,Salary,Basic,Active,13-10-2024,,1546649.17,1702979.86
7038858544285,794600538895,IOBA045277,NRE,Regular,Active,20-01-2017,,182927.25,6610392.1
31074703935,794600538895,IOBA045277,NRO,Regular,Active,25-01-2022,,3420864.14,5491309.51
29006085236568,170615533295,KKBK025688,Savings,Premium,Active,26-12-2024,,1238217.61,1386423.32
83833030279887,439604451823,KKBK080785,Savings,Basic,Active,16-10-2018,,1253224.08,959459.99
325602966933,439604451823,KKBK080785,Savings,BSBD,Active,18-12-2024,,853850.92,4654260.1
8544653642997,862766673744,IOBA013732,Savings,Regular,Active,22-04-2020,,3503135.88,4728633.17
4536280581990,862766673744,IOBA013732,Savings,Basic,Active,17-08-2018,,51693.38,804686.28
9287105871361,671385793005,BARB069455,Fixed Deposit,Regular,Active,22-10-2024,,1057355.05,4314245.5
33114320626569,389495491434,HDFC099732,Salary,Basic,Dormant,10-10-2022,11-08-2024,0.0,3790.5
55198222688,836883085698,BARB093101,Savings,BSBD,Active,05-03-2018,,5438071.57,5388233.39
72808251650316,238360051329,HDFC067379,Savings,Basic,Active,31-10-2024,,691494.43,10472740.21
40846973711960,238360051329,HDFC067379,Current,Premium,Active,13-07-2024,,7715471.09,6009203.72
98701878125,437361092628,SBIN099868,Salary,BSBD,Active,31-07-2019,,753474.96,6118391.55
781299711615,561994013894,BKID036516,Current,Premium,Active,25-02-2024,,4328198.13,4984757.64
88267518185576,561994013894,BKID036516,Recurring Deposit,BSBD,Active,21-10-2024,,446627.7,709022.2
6007781018041466,476651868445,PUNB084223,Fixed Deposit,Regular,Active,19-12-2024,,5877106.21,7528130.78
6699593806445793,476651868445,PUNB084223,Current,Regular,Active,11-10-2023,,4137121.07,6119366.67
47811117571,496145792214,CNRB068943,Current,BSBD,Active,23-11-2022,,459927.93,10224500.7
816680251337,248454300009,ICIC059580,Savings,Basic,Active,05-08-2021,,3429374.75,2856374.48
27363482338844,142307428466,KKBK099790,Current,BSBD,Active,18-08-2023,,836839.89,1916212.6
985969356501,421214324106,KKBK071352,Savings,BSBD,Active,30-09-2023,,5456270.0,6099941.04
76492286356138,852310920205,HDFC032530,Recurring Deposit,Regular,Active,13-04-2022,,2025577.21,2387794.91
59159096819814,639979591153,BARB093097,Salary,Basic,Active,10-05-2024,,775960.88,437085.26
992349027369,771248842350,ICIC071821,Recurring Deposit,BSBD,Frozen,28-09-2024,,0.0,0.0
296448614277,771248842350,ICIC071821,Savings,Basic,Active,25-08-2023,,1239294.39,2885400.62
30940426928632,231766647007,CNRB054976,Current,Basic,Active,12-06-2024,,1345506.22,8816348.16
1357941977620,889508785337,CNRB065862,Salary,Basic,Active,09-02-2024,,3474025.68,3531070.8
6205876169902,269960157239,BKID035550,Salary,BSBD,Frozen,16-08-2023,,0.0,0.0
22803244516,269960157239,BKID035550,Savings,Regular,Active,26-11-2023,,460776.99,6306362.25
6303629538467,328639534053,CNRB027240,Fixed Deposit,Basic,Active,04-09-2021,,262776.65,477177.02
51047316887,349493710238,KKBK039560,Savings,Basic,Active,12-10-2021,,8165595.96,6596290.17
124051142590,349493710238,KKBK039560,Savings,Basic,Frozen,18-12-2021,,0.0,0.0
22971350685,840035761386,SBIN031362,Savings,BSBD,Active,12-10-2021,,1872296.5,13587027.83
499843392882,911775496303,BKID074230,Savings,Basic,Active,21-04-2022,,1319681.45,7878404.84
69045157479,911775496303,BKID074230,Current,Premium,Active,13-04-2024,,2475625.91,8206466.09
189923435333,280876962815,CNRB017482,Fixed Deposit,Corporate,Active,03-11-2024,,7328913.5,13962909.41
2999680445099,280876962815,CNRB017482,Current,Regular,Dormant,16-07-2024,29-11-2024,0.0,0.0
94664585371452,530614889340,BARB091811,Savings,Basic,Active,19-07-2024,,2007880.41,2598793.06
2248451832971,530614889340,BARB091811,Savings,Premium,Active,09-11-2024,,1465703.02,2369711.43
227529404055,204461416864,ICIC091063,Current,Basic,Active,17-06-2020,,776493.84,2083553.46
46841362046,429143084791,IOBA047953,Savings,Regular,Active,19-01-2016,,4202198.37,4406002.2
67417750591,429143084791,IOBA047953,Recurring Deposit,Regular,Active,18-02-2017,,1545954.85,7873840.6
14322334634454,835900512795,BKID045963,Current,Basic,Active,21-05-2022,,669112.13,5207948.14
142246664525,493427482190,KKBK024680,Salary,BSBD,Active,12-04-2022,,1406017.34,8083366.7
9168741998591,295322261092,UTIB014345,Savings,Premium,Active,13-07-2018,,666071.94,9929738.22
3779675763209,902980542925,BARB050975,Savings,BSBD,Closed,24-02-2023,,0.0,0.0
9269252383395,824944410594,UTIB042860,Savings,Premium,Active,07-06-2022,,4442373.98,4936430.73
737005266749,188177531999,BARB072982,Current,Corporate,Active,11-01-2021,,7922860.76,14400444.15
33360530001856,188177531999,BARB072982,Fixed Deposit,Corporate,Active,24-08-2015,,1049277.56,5545775.37
9266050257320874,848304042541,PUNB058446,Salary,Basic,Active,25-09-2024,,395374.91,6678621.59
42523196810,326478003661,SBIN013571,Fixed Deposit,Corporate,Active,09-10-2024,,5784948.36,15116452.42
3564867825080891,105503263053,PUNB070096,Fixed Deposit,Premium,Active,08-12-2017,,6747245.21,7082254.65
7668002943115762,105503263053,PUNB070096,Savings,Basic,Dormant,16-02-2021,15-03-2021,17850.2,25799.14
78263783487128,395506771828,BARB028077,Savings,BSBD,Frozen,03-03-2024,,0.0,0.0
487373638296,395506771828,BARB028077,Savings,Basic,Active,27-01-2023,,1125069.79,6358139.2
50540978145,961635665780,SBIN026406,Savings,Premium,Active,01-07-2016,,3553584.56,8085443.88
17479420031,961635665780,SBIN026406,Current,Premium,Active,10-02-2018,,5643820.81,7002769.6
9291031696589,436555753791,UTIB060324,Salary,BSBD,Active,08-02-2020,,5788571.46,925203.57
9108860876203,436555753791,UTIB060324,Salary,Premium,Active,08-07-2023,,6448380.77,5612458.97
51410627597102,110541209439,HDFC080253,Savings,Regular,Active,22-02-2024,,1559409.55,2774289.92
58313458813,461039591254,SBIN053313,Salary,Basic,Active,13-05-2021,,1997867.48,3071455.84
43269027185,461039591254,SBIN053313,Salary,BSBD,Active,13-06-2021,,4187494.76,4055786.99
39927045057,523419963043,SBIN024026,Salary,Basic,Active,28-04-2024,,3478532.84,3762810.4
86033557260,523419963043,SBIN024026,Recurring Deposit,Premium,Active,03-02-2023,,1793363.83,1454669.35
13663071370073,118422705292,IOBA044369,Current,BSBD,Active,05-01-2023,,1501180.65,1968207.03
71069796048,751152406614,SBIN055184,Savings,Basic,Active,27-09-2024,,2484362.43,8202829.85
9249082676695,453570528291,UTIB029182,Savings,Premium,Active,18-09-2020,,2386332.43,9406812.22
4405151138937,688729237934,IOBA092295,Fixed Deposit,Basic,Active,27-12-2023,,1766425.03,4020708.08
20706828645,688729237934,IOBA092295,Salary,Premium,Active,06-07-2024,,1708355.15,4464934.43
57852892253,510448745177,SBIN027052,Salary,BSBD,Active,16-09-2016,,3900709.31,4296873.68
727841409693,236333289254,IOBA051989,Current,BSBD,Active,10-05-2021,,1309273.67,9533868.46
17601150398646,317903399593,HDFC053926,Savings,Premium,Active,02-12-2024,,2907972.76,2736469.48
66282819487615,778839529512,HDFC094128,Salary,Basic,Active,16-12-2022,,3180586.78,2971647.23
1927567912131513,694378098623,PUNB077408,Salary,BSBD,Active,21-09-2024,,5139212.2,4662584.64
3031667533028508,694378098623,PUNB077408,Savings,Regular,Active,29-12-2024,,2067269.15,7869239.25
78847844441235,764356859224,CNRB015959,Savings,BSBD,Active,22-03-2024,,2690629.35,2196430.19
1654444297476053,798609085632,PUNB075944,Salary,Regular,Active,11-10-2024,,1297508.81,2089220.04
5392998004310103,798609085632,PUNB075944,Savings,Regular,Active,01-12-2022,,4423253.71,3976462.84
