wallet_id,customer_cif,wallet_kyc_category,wallet_status,wallet_opening_date,escrow_account_linked,per_txn_limit,daily_txn_limit,monthly_txn_limit,annual_txn_limit,max_balance_limit,linked_bank_account
WLT281550028471,533494326669,Minimum KYC,Active,18-02-2021,ESC1904104574990,10000,10000,10000,120000,10000,35295615297
WLT843311987943,681295154814,Minimum KYC,Active,29-09-2024,ESC9165622602328,10000,10000,10000,120000,10000,321235834307
WLT721654465557,118112874655,Full KYC,Active,22-10-2023,ESC9582283045948,200000,200000,200000,2400000,200000,11547383492
WLT812503350143,332344952809,Full KYC,Active,22-12-2024,ESC8462585194264,200000,200000,200000,2400000,200000,3724447235330809
WLT890267854181,307681716620,Full KYC,Active,31-03-2021,ESC3474223923312,200000,200000,200000,2400000,200000,5191373918469034
WLT743616353124,782062923938,Full KYC,Active,01-03-2022,ESC9092950625525,200000,200000,200000,2400000,200000,220697401074
WLT853859748476,207001575658,Minimum KYC,Active,26-12-2024,ESC7520646127141,10000,10000,10000,120000,10000,718052893885
WLT265522009669,612954343655,Minimum KYC,Active,04-10-2021,ESC4557120273349,10000,10000,10000,120000,10000,1072943212291
WLT291733330282,910140549123,Minimum KYC,Active,08-12-2023,ESC9376911791054,10000,10000,10000,120000,10000,34725800033
WLT726433111889,376605776405,Minimum KYC,Active,06-02-2022,ESC1962782341340,10000,10000,10000,120000,10000,14298729336301
WLT564829819794,964640752977,Full KYC,Active,24-02-2024,ESC5729507652258,200000,200000,200000,2400000,200000,99032315510772
WLT446214338972,286757508076,Minimum KYC,Active,25-05-2020,ESC8861976305648,10000,10000,10000,120000,10000,58740079642534
WLT363165276035,951966960713,Full KYC,Active,11-07-2023,ESC7445683797064,200000,200000,200000,2400000,200000,5838806392938207
WLT457220854505,700154693297,Minimum KYC,Suspended,22-10-2021,ESC2551015641261,10000,10000,10000,120000,10000,93991588848928
WLT712218302610,441442768643,Full KYC,Active,19-06-2021,ESC9120615602309,200000,200000,200000,2400000,200000,175537483311
WLT528695103894,298907710567,Full KYC,Active,13-03-2021,ESC7949285871047,200000,200000,200000,2400000,200000,96003931795
WLT564517382686,497662161560,Full KYC,Closed,15-11-2022,ESC6493551986287,200000,200000,200000,2400000,200000,98405287305708
WLT919375735193,178623787521,Full KYC,Active,28-06-2019,ESC5243687222977,200000,200000,200000,2400000,200000,546694322437
WLT463632262661,772093299402,Full KYC,Active,04-10-2022,ESC1079738647518,200000,200000,200000,2400000,200000,7055792925594694
WLT992615762502,177332003554,Minimum KYC,Active,20-05-2021,ESC8073571886577,10000,10000,10000,120000,10000,17848745380
WLT926563525263,917403577780,Full KYC,Active,20-11-2023,ESC7402592572744,200000,200000,200000,2400000,200000,99167031975301
WLT306756962063,243055913002,Full KYC,Active,19-05-2023,ESC2286657387530,200000,200000,200000,2400000,200000,9214221873666
WLT348138373727,577031397657,Minimum KYC,Active,29-11-2022,ESC1764419768123,10000,10000,10000,120000,10000,81062031386
WLT551052212443,331583885233,Full KYC,Active,22-08-2024,ESC6642616855713,200000,200000,200000,2400000,200000,913359980463
WLT682211993420,780032351343,Full KYC,Active,21-01-2024,ESC9807311427803,200000,200000,200000,2400000,200000,99898180026
WLT635048987284,776707480003,Minimum KYC,Active,17-09-2021,ESC4556869959430,10000,10000,10000,120000,10000,88861198132
WLT487157152065,394095517741,Minimum KYC,Active,08-07-2020,ESC1429284695003,10000,10000,10000,120000,10000,2883938023335323
WLT887058619744,903856791884,Full KYC,Active,25-10-2020,ESC8832252828818,200000,200000,200000,2400000,200000,276328660995
WLT110293032358,769279404948,Minimum KYC,Active,31-01-2024,ESC1951659720524,10000,10000,10000,120000,10000,9183959829086
WLT336082780283,882322390063,Full KYC,Active,05-12-2023,ESC2380938385087,200000,200000,200000,2400000,200000,71172734962
WLT406195313509,260632469565,Full KYC,Active,15-12-2020,ESC5529074647840,200000,200000,200000,2400000,200000,362560458897
WLT513596527602,348448102259,Full KYC,Active,12-02-2023,ESC1377570367680,200000,200000,200000,2400000,200000,63478278675
WLT371799565243,809589624715,Full KYC,Suspended,24-04-2021,ESC5375412077396,200000,200000,200000,2400000,200000,6793430316750236
WLT683651776407,317827708370,Minimum KYC,Suspended,11-07-2024,ESC4939204450985,10000,10000,10000,120000,10000,38101664516
WLT473935859054,981232981886,Minimum KYC,Active,31-07-2020,ESC2219410077951,10000,10000,10000,120000,10000,41222202015
WLT672926345768,344017303540,Full KYC,Active,01-10-2024,ESC1166749400076,200000,200000,200000,2400000,200000,2552484134545
WLT893207409743,304721092968,Minimum KYC,Active,24-02-2023,ESC2352500004512,10000,10000,10000,120000,10000,94429588793619
WLT275177724404,275088538906,Full KYC,Active,30-05-2022,ESC5960056021362,200000,200000,200000,2400000,200000,844565814150
WLT468819166930,521795655303,Minimum KYC,Active,24-06-2022,ESC7407268222119,10000,10000,10000,120000,10000,480327699809
WLT700661000934,863201356128,Full KYC,Active,03-04-2022,ESC3133531573857,200000,200000,200000,2400000,200000,314112554187
WLT751908154862,196310938570,Full KYC,Active,09-02-2023,ESC7552887551981,200000,200000,200000,2400000,200000,930176013443
WLT106658603287,495405079763,Full KYC,Active,25-11-2023,ESC1957429872490,200000,200000,200000,2400000,200000,562360004003
WLT447634074718,714991207010,Full KYC,Active,03-12-2023,ESC6688987805049,200000,200000,200000,2400000,200000,9240734836714
WLT551196604642,736401085056,Full KYC,Closed,27-02-2024,ESC3734395698057,200000,200000,200000,2400000,200000,60286536910
WLT554580476911,550132956352,Full KYC,Active,11-03-2021,ESC9785679391624,200000,200000,200000,2400000,200000,134536131225
WLT953157451929,430085750522,Full KYC,Active,16-03-2017,ESC5339916169854,200000,200000,200000,2400000,200000,72073637444
WLT778223480159,379039425076,Full KYC,Active,18-06-2022,ESC3934877968733,200000,200000,200000,2400000,200000,9237252205311
WLT919038047615,619470034239,Full KYC,Active,28-11-2024,ESC2256258132931,200000,200000,200000,2400000,200000,7842260119864
WLT487561777405,267143696280,Full KYC,Active,02-08-2019,ESC3399924830274,200000,200000,200000,2400000,200000,811207624997
WLT807384739474,239460483818,Full KYC,Active,07-07-2021,ESC3618998810793,200000,200000,200000,2400000,200000,717972288675
WLT142337504696,861326451460,Minimum KYC,Closed,13-06-2024,ESC9216175166012,10000,10000,10000,120000,10000,37189613107944
WLT967149670683,397109192186,Full KYC,Active,09-01-2025,ESC4502969941687,200000,200000,200000,2400000,200000,96706579775056
WLT405399089727,934579159904,Minimum KYC,Active,14-02-2022,ESC5163208643357,10000,10000,10000,120000,10000,28544008199952
WLT380423739996,698870655646,Full KYC,Active,07-05-2017,ESC8583916952730,200000,200000,200000,2400000,200000,9281769540817
WLT302648024220,561696078850,Full KYC,Active,30-12-2019,ESC1742494891389,200000,200000,200000,2400000,200000,855242173697
WLT348730623710,553432053023,Minimum KYC,Active,25-09-2017,ESC5000250325723,10000,10000,10000,120000,10000,168120254574
WLT770568637279,282498041017,Minimum KYC,Active,18-06-2024,ESC3683417069499,10000,10000,10000,120000,10000,266575895604
WLT218294436248,250254171960,Full KYC,Active,23-11-2018,ESC2219555885072,200000,200000,200000,2400000,200000,642306522027
WLT940017546896,408321984656,Minimum KYC,Active,26-06-2022,ESC8490191484572,10000,10000,10000,120000,10000,6709289578807
WLT263764559032,753129305554,Full KYC,Active,11-03-2020,ESC9307463980969,200000,200000,200000,2400000,200000,9232806913284
WLT539223779831,967249729672,Minimum KYC,Active,30-08-2022,ESC1798870264230,10000,10000,10000,120000,10000,83113965545
WLT409478549225,118308472539,Full KYC,Active,25-12-2023,ESC7614447994207,200000,200000,200000,2400000,200000,9117382518425036
WLT880395952606,402078150303,Full KYC,Active,06-09-2023,ESC8181009464201,200000,200000,200000,2400000,200000,73249539766470
WLT470874901962,264104917543,Minimum KYC,Active,26-12-2019,ESC5236233575814,10000,10000,10000,120000,10000,9105735500415
WLT220140209640,471225851170,Full KYC,Active,09-04-2016,ESC3790649084906,200000,200000,200000,2400000,200000,162397389235
WLT208002731687,345372994496,Full KYC,Closed,18-07-2024,ESC1107454918832,200000,200000,200000,2400000,200000,426867970804
WLT523974662561,493049218308,Full KYC,Suspended,19-11-2021,ESC2281687567649,200000,200000,200000,2400000,200000,9164181889378
WLT042350305967,419517736670,Full KYC,Active,20-02-2019,ESC2317431524955,200000,200000,200000,2400000,200000,16558338984
WLT524856141147,354180623448,Full KYC,Closed,13-07-2022,ESC8358325357116,200000,200000,200000,2400000,200000,26918244943030
WLT165421619832,474758798233,Minimum KYC,Suspended,15-12-2023,ESC7786000567098,10000,10000,10000,120000,10000,86732219541881
WLT835107402318,821217896809,Full KYC,Active,10-03-2017,ESC3088960064412,200000,200000,200000,2400000,200000,97144966753
WLT037548384549,631188293772,Minimum KYC,Suspended,08-08-2024,ESC9129481565323,10000,10000,10000,120000,10000,92095371649
WLT859527982702,818727010527,Full KYC,Active,17-01-2024,ESC6139664596238,200000,200000,200000,2400000,200000,930553858601
WLT538258828150,979625100837,Full KYC,Active,13-03-2024,ESC7712351318323,200000,200000,200000,2400000,200000,9250923577768
WLT148267801363,322846232143,Minimum KYC,Active,26-12-2024,ESC6537649118648,10000,10000,10000,120000,10000,64093686619834
WLT475509497328,918213250911,Full KYC,Active,23-06-2018,ESC6600684271228,200000,200000,200000,2400000,200000,9201371749583
WLT013590999428,801150382729,Full KYC,Active,11-01-2024,ESC3958856491718,200000,200000,200000,2400000,200000,9221258221533
WLT342825059177,976532410888,Full KYC,Closed,28-10-2023,ESC7791313402963,200000,200000,200000,2400000,200000,22039560375
WLT906203422414,613707724137,Minimum KYC,Active,10-11-2017,ESC6704404275276,10000,10000,10000,120000,10000,9292302113288
WLT406461914868,169739111123,Minimum KYC,Active,05-04-2021,ESC5696814452984,10000,10000,10000,120000,10000,92175597595
WLT573451570223,582004495152,Minimum KYC,Active,02-06-2022,ESC1934582450069,10000,10000,10000,120000,10000,7782807941014
WLT185430783691,826935640394,Minimum KYC,Active,30-07-2022,ESC8113079898768,10000,10000,10000,120000,10000,478277385171
WLT186826938185,407474850174,Minimum KYC,Active,11-05-2022,ESC5911879802623,10000,10000,10000,120000,10000,57470514140262
WLT914390670920,976922614131,Minimum KYC,Active,30-12-2023,ESC3764394090445,10000,10000,10000,120000,10000,88513224481539
WLT441298988532,448225517248,Minimum KYC,Active,07-08-2018,ESC6222408391573,10000,10000,10000,120000,10000,9178601491392
WLT047811100489,416017691365,Minimum KYC,Active,26-06-2022,ESC2838018536909,10000,10000,10000,120000,10000,63913315426
WLT953605484896,475586887300,Full KYC,Closed,16-11-2024,ESC7375113273273,200000,200000,200000,2400000,200000,9132685887393
WLT930712453303,140067190057,Full KYC,Active,26-09-2023,ESC2579862380990,200000,200000,200000,2400000,200000,32836689448892
WLT537428506820,322081409478,Full KYC,Active,09-08-2022,ESC3583802420988,200000,200000,200000,2400000,200000,6053472120805
WLT096391729746,964564544479,Full KYC,Closed,31-05-2021,ESC2616184917256,200000,200000,200000,2400000,200000,635942019167
WLT248097670422,421509071923,Full KYC,Closed,30-01-2024,ESC5106002368738,200000,200000,200000,2400000,200000,5327418296603126
WLT302235811365,960670610701,Full KYC,Active,23-11-2024,ESC3174070550369,200000,200000,200000,2400000,200000,19984508399389
WLT182112973275,319363396965,Minimum KYC,Active,06-08-2024,ESC9424409096804,10000,10000,10000,120000,10000,416407923968
WLT688159965440,691022152990,Minimum KYC,Active,22-11-2024,ESC5063602996434,10000,10000,10000,120000,10000,9121485392266
WLT755704476927,329524337013,Full KYC,Active,23-07-2020,ESC5306004860383,200000,200000,200000,2400000,200000,733732353338
WLT503236973477,235152242321,Full KYC,Active,28-09-2024,ESC6542308083066,200000,200000,200000,2400000,200000,73174501681
WLT578542826208,341603498757,Full KYC,Active,30-11-2019,ESC3024630503116,200000,200000,200000,2400000,200000,58571103587056
WLT930644818952,770921168566,Minimum KYC,Active,05-12-2022,ESC5024780936134,10000,10000,10000,120000,10000,4040213908702
WLT022232032157,103356707745,Full KYC,Active,21-02-2024,ESC7068658918872,200000,200000,200000,2400000,200000,396013466670
WLT965378709806,190333158105,Minimum KYC,Active,23-07-2024,ESC5717280767844,10000,10000,10000,120000,10000,107661384147
WLT068443745072,246071933564,Full KYC,Active,20-03-2021,ESC2658371725397,200000,200000,200000,2400000,200000,6915383093764
WLT729406395046,262688850188,Minimum KYC,Active,26-10-2020,ESC7589702329950,10000,10000,10000,120000,10000,286794823973
WLT008556836329,116348784864,Minimum KYC,Active,02-09-2022,ESC2304901502096,10000,10000,10000,120000,10000,9230808381832
WLT261715317397,596980804921,Minimum KYC,Active,03-10-2024,ESC5470945603890,10000,10000,10000,120000,10000,4175645560844352
WLT760362651940,415869187897,Full KYC,Active,07-04-2023,ESC8870408871891,200000,200000,200000,2400000,200000,19327803571510
WLT900672992152,167109432352,Full KYC,Suspended,14-03-2019,ESC3828517907293,200000,200000,200000,2400000,200000,20259123012486
WLT874984911846,679629447040,Full KYC,Active,14-08-2019,ESC3383097531513,200000,200000,200000,2400000,200000,24456686512
WLT054391817850,765696734966,Minimum KYC,Active,25-08-2020,ESC1737591574175,10000,10000,10000,120000,10000,941262374244
WLT687637226534,140944232868,Full KYC,Active,16-09-2022,ESC5586747781661,200000,200000,200000,2400000,200000,9159631144920
WLT957554628013,246724746699,Minimum KYC,Closed,10-03-2023,ESC2839221053721,10000,10000,10000,120000,10000,9261740170000
WLT376249004493,526108810084,Minimum KYC,Active,10-04-2017,ESC5775855561086,10000,10000,10000,120000,10000,6436218216369
WLT558486432391,565634630339,Minimum KYC,Active,18-08-2022,ESC3097913558467,10000,10000,10000,120000,10000,8899766953086864
WLT295661606260,468407369311,Full KYC,Active,23-06-2021,ESC9302339090447,200000,200000,200000,2400000,200000,1721615334334750
WLT188735434899,261000344128,Full KYC,Active,12-04-2018,ESC3664417052002,200000,200000,200000,2400000,200000,9185166514271
WLT693365438962,548909588077,Full KYC,Active,22-11-2018,ESC9462396486496,200000,200000,200000,2400000,200000,36673166458
WLT588617752266,723676603800,Full KYC,Active,23-07-2024,ESC1874007702030,200000,200000,200000,2400000,200000,85837748624
WLT751012081782,638278337306,Full KYC,Closed,14-01-2023,ESC4773134283609,200000,200000,200000,2400000,200000,56892019380
WLT665546931199,191066796274,Minimum KYC,Active,25-01-2022,ESC3759220269679,10000,10000,10000,120000,10000,31547400911
WLT978683259732,154007731439,Minimum KYC,Active,12-11-2024,ESC9716522456958,10000,10000,10000,120000,10000,3514416400714238
WLT661925932836,571674320742,Full KYC,Active,21-10-2024,ESC1233317573178,200000,200000,200000,2400000,200000,4802674332310301
WLT030861703283,986739773595,Minimum KYC,Active,06-11-2017,ESC7627877838466,10000,10000,10000,120000,10000,83992447865446
WLT651240695735,397984987110,Minimum KYC,Active,11-09-2022,ESC2508576056084,10000,10000,10000,120000,10000,8956394310184
WLT512622724141,140750810560,Full KYC,Active,14-06-2019,ESC1265905839362,200000,200000,200000,2400000,200000,4111841266782048
WLT082695482638,294485749539,Minimum KYC,Suspended,18-10-2019,ESC4976228273179,10000,10000,10000,120000,10000,9592358434792
WLT177203520694,348277208760,Full KYC,Active,06-08-2024,ESC3049808857710,200000,200000,200000,2400000,200000,43268249326
WLT102880636224,405421460024,Minimum KYC,Active,04-11-2024,ESC5695465504780,10000,10000,10000,120000,10000,38907379975764
WLT694694184520,957989786003,Minimum KYC,Active,03-06-2023,ESC4751519818436,10000,10000,10000,120000,10000,9199365012022
WLT258634984876,671468537682,Full KYC,Active,14-05-2020,ESC5140425831064,200000,200000,200000,2400000,200000,9240104457576
WLT605634535916,195502416345,Full KYC,Active,28-12-2022,ESC7642912576039,200000,200000,200000,2400000,200000,644369262619
WLT373155353576,978154372081,Full KYC,Active,30-11-2019,ESC5372188722343,200000,200000,200000,2400000,200000,2665207732468968
WLT115717593131,711972539803,Minimum KYC,Active,12-01-2025,ESC7784462651512,10000,10000,10000,120000,10000,2751193173280
WLT218992807233,910408741741,Full KYC,Active,22-02-2023,ESC9636252424483,200000,200000,200000,2400000,200000,88250682165
WLT739719723000,379676564119,Full KYC,Active,17-01-2025,ESC5674599573959,200000,200000,200000,2400000,200000,9270169186574
WLT905997524766,973001796990,Minimum KYC,Active,29-05-2024,ESC3633568993269,10000,10000,10000,120000,10000,951649230434
WLT308335578046,206385319764,Full KYC,Active,07-07-2021,ESC2065550005466,200000,200000,200000,2400000,200000,743071567601
WLT355410254018,902175929553,Full KYC,Active,19-05-2022,ESC9238941053754,200000,200000,200000,2400000,200000,62394035033
WLT795693697494,529763326023,Full KYC,Active,09-02-2024,ESC5814168446463,200000,200000,200000,2400000,200000,5205922007661
WLT732779935593,315682887926,Minimum KYC,Active,12-01-2022,ESC9733466276232,10000,10000,10000,120000,10000,234999708267
WLT232038779600,553000144339,Full KYC,Suspended,19-09-2022,ESC4463848320300,200000,200000,200000,2400000,200000,195689437154
WLT519575314945,732486723665,Minimum KYC,Active,15-04-2024,ESC7397413345554,10000,10000,10000,120000,10000,92124843969222
WLT044173503212,301630671664,Minimum KYC,Active,10-07-2024,ESC9894393054579,10000,10000,10000,120000,10000,83382508116668
WLT442388558725,830078221354,Minimum KYC,Active,28-05-2024,ESC3561043531867,10000,10000,10000,120000,10000,25470621980700
WLT537648492581,295587286597,Minimum KYC,Active,22-01-2021,ESC5272000266894,10000,10000,10000,120000,10000,3402615524162312
WLT956898003099,975402538007,Minimum KYC,Active,11-11-2024,ESC7485567587495,10000,10000,10000,120000,10000,36235347487
WLT026985524537,103417802796,Minimum KYC,Active,27-05-2020,ESC9449528758708,10000,10000,10000,120000,10000,3924387948202
WLT221934229241,775761306727,Minimum KYC,Active,09-05-2023,ESC4495836552109,10000,10000,10000,120000,10000,29546769019
WLT959130067225,932094342396,Full KYC,Active,17-05-2021,ESC5615098538691,200000,200000,200000,2400000,200000,42137816660563
WLT992314725843,950014468151,Minimum KYC,Suspended,25-03-2021,ESC6638968042942,10000,10000,10000,120000,10000,30574017607905
WLT521660708142,512810231677,Minimum KYC,Active,21-09-2022,ESC1882846822394,10000,10000,10000,120000,10000,9656653286076894
WLT780441789272,253234497547,Minimum KYC,Active,26-04-2016,ESC7414612430152,10000,10000,10000,120000,10000,704745974236
WLT652695256901,973380316042,Full KYC,Active,01-04-2018,ESC6170100486931,200000,200000,200000,2400000,200000,91647165661
WLT692864420364,105696953180,Full KYC,Active,06-08-2022,ESC2042380903672,200000,200000,200000,2400000,200000,3558898663707
WLT083831621712,535599283355,Full KYC,Active,01-06-2023,ESC1315282753730,200000,200000,200000,2400000,200000,39030649479
WLT050005552367,623286661595,Minimum KYC,Active,30-04-2024,ESC9432631543043,10000,10000,10000,120000,10000,31101061226298
WLT627338026411,492060605772,Full KYC,Active,12-08-2020,ESC1918530885979,200000,200000,200000,2400000,200000,9272832646335
WLT594658896147,254095908050,Minimum KYC,Active,19-08-2021,ESC9275507064010,10000,10000,10000,120000,10000,67784487996785
WLT964166984775,245011679626,Full KYC,Active,16-12-2021,ESC7389137458837,200000,200000,200000,2400000,200000,79291657353
WLT915079784596,140823838429,Minimum KYC,Active,01-02-2024,ESC9658752078466,10000,10000,10000,120000,10000,5778383511081
WLT793289889463,318857497746,Minimum KYC,Active,14-09-2022,ESC8921326005127,10000,10000,10000,120000,10000,9216844217028
WLT735291947928,780894521143,Minimum KYC,Active,07-09-2024,ESC6429975775072,10000,10000,10000,120000,10000,3450193305897
WLT136131511809,263198732925,Minimum KYC,Active,01-05-2020,ESC1502917063159,10000,10000,10000,120000,10000,44507754974
WLT127531932202,772151932583,Full KYC,Active,12-08-2024,ESC6249770070182,200000,200000,200000,2400000,200000,4819563344403
WLT176799901969,173045438068,Minimum KYC,Active,26-05-2022,ESC9523772141258,10000,10000,10000,120000,10000,3663178295255
WLT624684827737,158794288334,Full KYC,Active,08-01-2020,ESC1440530216610,200000,200000,200000,2400000,200000,841942407165
WLT357710177630,367286279905,Full KYC,Active,20-03-2021,ESC5659736534179,200000,200000,200000,2400000,200000,30646664142
WLT782447084749,654429616764,Minimum KYC,Active,12-01-2025,ESC5478917420797,10000,10000,10000,120000,10000,824891503820
WLT073318812149,947699579477,Full KYC,Active,13-05-2017,ESC1763762756968,200000,200000,200000,2400000,200000,8540112425125593
WLT598991825835,770004924635,Minimum KYC,Active,31-03-2020,ESC1753618160460,10000,10000,10000,120000,10000,68895021217
WLT851386339868,758336641777,Minimum KYC,Active,09-04-2024,ESC6676904847850,10000,10000,10000,120000,10000,729792184326
WLT079535316807,131263789436,Minimum KYC,Active,24-11-2021,ESC9185769064819,10000,10000,10000,120000,10000,467423477672
WLT846521087634,829745494536,Full KYC,Active,10-07-2018,ESC9661808227261,200000,200000,200000,2400000,200000,19328338509958
WLT734743618063,210742978938,Minimum KYC,Active,02-05-2017,ESC1928103468297,10000,10000,10000,120000,10000,38291200604
WLT263586139459,939284985138,Full KYC,Closed,31-10-2019,ESC5148450240311,200000,200000,200000,2400000,200000,57610403207987
WLT603042459934,889372427076,Minimum KYC,Active,15-01-2024,ESC2056747323591,10000,10000,10000,120000,10000,641516210914
WLT476325091579,985795722461,Minimum KYC,Active,08-06-2023,ESC8724589620676,10000,10000,10000,120000,10000,75997642430390
WLT221710671764,199278117726,Full KYC,Active,06-05-2024,ESC2523192045729,200000,200000,200000,2400000,200000,318387134178
WLT609360733942,739976346010,Full KYC,Active,12-01-2024,ESC8697050799999,200000,200000,200000,2400000,200000,9462130403706
WLT776737550587,915599305148,Full KYC,Active,10-03-2023,ESC2368751020582,200000,200000,200000,2400000,200000,66886914036996
WLT992730704774,926546045524,Minimum KYC,Active,02-02-2020,ESC4353857553554,10000,10000,10000,120000,10000,779218848972
WLT920248866827,107746112372,Minimum KYC,Active,17-05-2022,ESC3019494362408,10000,10000,10000,120000,10000,88533217682
WLT030345604209,596198389708,Full KYC,Active,18-08-2021,ESC9305151329072,200000,200000,200000,2400000,200000,9205079392905
WLT291096017619,931358079875,Minimum KYC,Active,31-01-2021,ESC2780983356496,10000,10000,10000,120000,10000,3902253795077843
WLT148135082413,364516456565,Full KYC,Active,03-09-2024,ESC7504328856084,200000,200000,200000,2400000,200000,816577260895
WLT084871802044,171701969103,Full KYC,Active,28-03-2020,ESC8327219003355,200000,200000,200000,2400000,200000,53257442319
WLT223426341688,903380217095,Full KYC,Active,08-01-2019,ESC6504595756714,200000,200000,200000,2400000,200000,63067728739674
WLT116377754555,111297240440,Full KYC,Active,02-08-2019,ESC5926009309639,200000,200000,200000,2400000,200000,692313423751
WLT723738202182,241203292323,Minimum KYC,Active,07-05-2022,ESC5724890786269,10000,10000,10000,120000,10000,34944465868
WLT192639002512,679396487640,Minimum KYC,Active,26-06-2024,ESC8684542806785,10000,10000,10000,120000,10000,141256231792
WLT140082274128,651626861138,Minimum KYC,Active,08-07-2021,ESC5607939702210,10000,10000,10000,120000,10000,4865151857630891
WLT811769030938,157414983384,Full KYC,Active,17-12-2022,ESC9744949046593,200000,200000,200000,2400000,200000,43818055847472
WLT800519603521,517662437018,Full KYC,Active,06-04-2021,ESC3078220886821,200000,200000,200000,2400000,200000,55746218262852
WLT615714463028,918433194044,Full KYC,Active,29-11-2022,ESC8992787321599,200000,200000,200000,2400000,200000,5199177763939
WLT428554636618,757170697249,Full KYC,Active,20-10-2024,ESC3067325183375,200000,200000,200000,2400000,200000,79723380505
WLT871398003629,942654278897,Minimum KYC,Active,28-01-2022,ESC4755762613349,10000,10000,10000,120000,10000,6977570332662218
WLT638187277613,222252594486,Minimum KYC,Active,30-12-2021,ESC1907112771800,10000,10000,10000,120000,10000,52813259591
WLT816348077269,921059468218,Minimum KYC,Active,23-11-2022,ESC2157611329864,10000,10000,10000,120000,10000,269189805738
WLT475786684846,681006531228,Full KYC,Active,20-10-2024,ESC1452189004863,200000,200000,200000,2400000,200000,9249594707651
WLT283102608171,542114442714,Full KYC,Active,28-05-2017,ESC8525116974984,200000,200000,200000,2400000,200000,4005884089653
WLT070937111392,651149003363,Full KYC,Active,18-07-2024,ESC8026740689000,200000,200000,200000,2400000,200000,636465132063
WLT854680577199,781025800784,Full KYC,Active,05-04-2023,ESC6559806753028,200000,200000,200000,2400000,200000,9141577912278
WLT865195827958,718672839383,Minimum KYC,Active,09-09-2022,ESC3058517423030,10000,10000,10000,120000,10000,792740805704
WLT308364131290,441009032217,Full KYC,Suspended,05-01-2023,ESC8271174940834,200000,200000,200000,2400000,200000,9140613728341
WLT538471986259,647899384715,Minimum KYC,Active,22-11-2021,ESC4282642657748,10000,10000,10000,120000,10000,4713034911059
WLT267150177437,543242777699,Minimum KYC,Active,06-04-2024,ESC7076959283421,10000,10000,10000,120000,10000,47965593973
WLT421245265463,251437733806,Full KYC,Active,14-06-2021,ESC2975255504174,200000,200000,200000,2400000,200000,42889134129656
WLT184697904591,692913841475,Full KYC,Active,06-11-2024,ESC5169649886653,200000,200000,200000,2400000,200000,196281543334
WLT010719724245,811889757270,Full KYC,Active,12-08-2023,ESC9881739176601,200000,200000,200000,2400000,200000,50750608651
WLT627824529908,365418866864,Full KYC,Active,20-12-2022,ESC2784848439676,200000,200000,200000,2400000,200000,996677203631
WLT605150044701,934086093150,Minimum KYC,Active,16-01-2024,ESC5207641135281,10000,10000,10000,120000,10000,6808733889835
WLT720863517745,715136229683,Full KYC,Active,16-07-2020,ESC6597877662089,200000,200000,200000,2400000,200000,76977540578
WLT329297725159,628409369928,Full KYC,Active,04-03-2024,ESC8734421434799,200000,200000,200000,2400000,200000,22153594587532
WLT709965542632,522236242460,Minimum KYC,Active,09-10-2022,ESC6590330951886,10000,10000,10000,120000,10000,1530941708830
WLT983982683747,837144522878,Full KYC,Active,10-01-2024,ESC1734741200578,200000,200000,200000,2400000,200000,9160985728862
WLT388113368783,290467882249,Full KYC,Active,05-01-2022,ESC4933540123353,200000,200000,200000,2400000,200000,490081953614
WLT590859856936,133654765951,Minimum KYC,Active,01-07-2024,ESC2275657396459,10000,10000,10000,120000,10000,287787910185
WLT037192598405,157455620003,Minimum KYC,Active,06-05-2020,ESC1518368829258,10000,10000,10000,120000,10000,59653354974170
WLT196116275116,338903624978,Full KYC,Active,10-11-2024,ESC8236762179879,200000,200000,200000,2400000,200000,726924470236
WLT714478130996,486182046649,Full KYC,Active,31-08-2022,ESC5142504465875,200000,200000,200000,2400000,200000,9278202412293
WLT432284318889,944549660339,Full KYC,Suspended,24-12-2024,ESC8508786659866,200000,200000,200000,2400000,200000,6074947161776
WLT682302363312,597191117776,Minimum KYC,Active,20-05-2024,ESC7776094665262,10000,10000,10000,120000,10000,9276339861728
WLT632140377505,732974646287,Full KYC,Active,09-03-2020,ESC4013740561598,200000,200000,200000,2400000,200000,61979205827
WLT827331410821,478949723603,Full KYC,Active,27-07-2022,ESC3094497783607,200000,200000,200000,2400000,200000,99808083972704
WLT882750641038,828704549845,Full KYC,Active,20-01-2021,ESC7249245364455,200000,200000,200000,2400000,200000,685216138923
WLT662648731421,752807674652,Minimum KYC,Active,25-07-2022,ESC7578494860529,10000,10000,10000,120000,10000,3342711513352
WLT527540164988,547282843500,Minimum KYC,Active,07-05-2024,ESC3321268674584,10000,10000,10000,120000,10000,185908121569
WLT681104501347,346409568721,Minimum KYC,Active,20-08-2023,ESC1104403330199,10000,10000,10000,120000,10000,42180667111
WLT430653141460,113095593318,Minimum KYC,Active,12-02-2023,ESC3094109967449,10000,10000,10000,120000,10000,40013649501
WLT214386185754,848304042541,Full KYC,Active,10-01-2024,ESC9588697603650,200000,200000,200000,2400000,200000,9266050257320874
WLT616369827664,628292074099,Minimum KYC,Active,22-01-2020,ESC8178469564485,10000,10000,10000,120000,10000,9242483822920
WLT062244139476,172260486129,Full KYC,Active,26-01-2024,ESC7913131778396,200000,200000,200000,2400000,200000,7341007561132
WLT768613138796,523905329395,Full KYC,Active,24-09-2023,ESC4733406126443,200000,200000,200000,2400000,200000,6534182063692353
WLT669637408434,550471744756,Full KYC,Active,28-12-2019,ESC5685304531945,200000,200000,200000,2400000,200000,9585079389582158
WLT508709290845,831387557852,Full KYC,Active,06-01-2023,ESC7663568241791,200000,200000,200000,2400000,200000,4992698155358471
WLT102327448063,188105884132,Minimum KYC,Active,15-01-2017,ESC6963975768688,10000,10000,10000,120000,10000,9135835395816
WLT763151727713,437730005586,Full KYC,Active,19-02-2021,ESC9618245593322,200000,200000,200000,2400000,200000,9259195253904
WLT249909414239,484932343890,Full KYC,Active,04-06-2022,ESC4988184970114,200000,200000,200000,2400000,200000,9259180980970
WLT113699194639,830331641268,Minimum KYC,Active,22-10-2024,ESC3543191261275,10000,10000,10000,120000,10000,10485915060
WLT618934896760,824073245972,Full KYC,Active,14-08-2021,ESC2383419527578,200000,200000,200000,2400000,200000,51002555932
WLT451276730279,429492681349,Full KYC,Active,21-08-2024,ESC8820758191982,200000,200000,200000,2400000,200000,869990309840
WLT392640794022,885433319381,Full KYC,Active,14-03-2018,ESC1378213366320,200000,200000,200000,2400000,200000,38752898859
WLT575248685784,403993246436,Minimum KYC,Active,21-03-2022,ESC3905535536315,10000,10000,10000,120000,10000,410281022634
WLT878940555669,484422449398,Full KYC,Active,12-08-2021,ESC9597011438488,200000,200000,200000,2400000,200000,7522153088364
WLT181219671383,366145897880,Minimum KYC,Active,19-02-2019,ESC9883876067291,10000,10000,10000,120000,10000,84211904951209
WLT593506033392,494689487638,Minimum KYC,Active,23-06-2024,ESC4090832899399,10000,10000,10000,120000,10000,2801950003914310
WLT956234789507,304078981528,Minimum KYC,Active,29-10-2021,ESC8277498049165,10000,10000,10000,120000,10000,40419926121
WLT854218353535,737907051315,Minimum KYC,Active,17-02-2024,ESC9471133452921,10000,10000,10000,120000,10000,434612145302
WLT797603527851,142432952336,Full KYC,Active,22-10-2018,ESC4761965736661,200000,200000,200000,2400000,200000,18727616451
WLT182854222452,522556129518,Minimum KYC,Active,29-01-2025,ESC9224077753001,10000,10000,10000,120000,10000,2843759545614706
WLT727965435516,192175020584,Minimum KYC,Active,09-07-2022,ESC6799071241269,10000,10000,10000,120000,10000,1194807462797
WLT312672070550,467047622375,Minimum KYC,Active,11-11-2023,ESC4142527372317,10000,10000,10000,120000,10000,12201797958
WLT861852455413,783568812616,Full KYC,Active,13-09-2021,ESC4891128732563,200000,200000,200000,2400000,200000,2057279981391064
WLT502625727795,105173506625,Full KYC,Active,17-04-2019,ESC7838844578222,200000,200000,200000,2400000,200000,6121810929111200
WLT076304243905,732452825949,Full KYC,Active,23-05-2022,ESC6852466806833,200000,200000,200000,2400000,200000,50783341343665
WLT595712294552,924837694950,Full KYC,Active,11-04-2016,ESC9114181514446,200000,200000,200000,2400000,200000,665671150367
WLT761745687221,978051806444,Full KYC,Active,29-08-2020,ESC6950529499578,200000,200000,200000,2400000,200000,21577133411
WLT505141510849,808000264443,Minimum KYC,Active,18-02-2023,ESC9280988824749,10000,10000,10000,120000,10000,9108419009250
WLT662871319784,360555216307,Full KYC,Active,17-03-2024,ESC6217396578866,200000,200000,200000,2400000,200000,12307346435090
WLT212603094425,389683241307,Full KYC,Active,20-08-2021,ESC5657160377759,200000,200000,200000,2400000,200000,236417112327
WLT078296823772,990121013145,Full KYC,Active,23-12-2019,ESC6662232157279,200000,200000,200000,2400000,200000,421369081519
WLT289658306716,658445398989,Full KYC,Active,04-05-2022,ESC3874509617781,200000,200000,200000,2400000,200000,5610629445396
WLT950309088414,270414452522,Full KYC,Active,19-01-2022,ESC1278276570742,200000,200000,200000,2400000,200000,77455627110
WLT328679671900,560481960676,Minimum KYC,Active,04-06-2024,ESC4688681235655,10000,10000,10000,120000,10000,959152791178
WLT545115333414,986401075748,Minimum KYC,Active,06-02-2021,ESC7649024383138,10000,10000,10000,120000,10000,9289281856125
WLT204186517927,870345295679,Minimum KYC,Active,09-07-2020,ESC8525465417989,10000,10000,10000,120000,10000,36927262041
WLT821386274818,398581166116,Full KYC,Active,01-01-2018,ESC8910945900633,200000,200000,200000,2400000,200000,224959300200
WLT877327234039,589720570203,Full KYC,Active,11-06-2023,ESC8246193445821,200000,200000,200000,2400000,200000,9183281624079
WLT941646480368,861624911947,Full KYC,Active,22-11-2022,ESC2741565727731,200000,200000,200000,2400000,200000,629529979356
WLT990369116350,219510800127,Minimum KYC,Suspended,18-02-2022,ESC4635681893573,10000,10000,10000,120000,10000,10791769274
WLT836792846083,702192077772,Full KYC,Active,11-04-2021,ESC3813234276716,200000,200000,200000,2400000,200000,24734910816
WLT877705218444,151488409184,Minimum KYC,Active,11-12-2024,ESC5882982445381,10000,10000,10000,120000,10000,89543790933
WLT647283539139,453512066130,Minimum KYC,Active,26-08-2019,ESC1113706755539,10000,10000,10000,120000,10000,66346112319319
WLT397465315138,682185602529,Full KYC,Active,12-07-2024,ESC3173137638099,200000,200000,200000,2400000,200000,45776149922
WLT207221336528,637135840553,Full KYC,Active,10-11-2022,ESC5167178704311,200000,200000,200000,2400000,200000,27257885335658
WLT445207413163,133778780722,Full KYC,Active,27-01-2025,ESC8651101782508,200000,200000,200000,2400000,200000,190678229752
WLT982237258674,204244055071,Full KYC,Closed,19-02-2023,ESC4528027643230,200000,200000,200000,2400000,200000,539482766843
WLT249537377060,399704146908,Full KYC,Active,15-02-2024,ESC7799113610850,200000,200000,200000,2400000,200000,9276632279774
WLT126049824970,847981837919,Full KYC,Active,04-11-2023,ESC8588438573178,200000,200000,200000,2400000,200000,891232242926
WLT095902240018,699201253037,Minimum KYC,Active,02-09-2024,ESC2381313245656,10000,10000,10000,120000,10000,9229770641603
WLT348947896277,680481307586,Minimum KYC,Active,25-10-2023,ESC7507938003436,10000,10000,10000,120000,10000,1102130472157948
WLT623072155666,991862977524,Full KYC,Active,16-05-2019,ESC9830865421154,200000,200000,200000,2400000,200000,9268555723858
WLT091684004792,605017086072,Full KYC,Active,28-03-2018,ESC8310795995448,200000,200000,200000,2400000,200000,52893045312
WLT231278619465,245011309340,Full KYC,Active,09-08-2016,ESC4423558649471,200000,200000,200000,2400000,200000,456800827047
WLT973437769532,898705532401,Full KYC,Active,21-02-2024,ESC3103645966592,200000,200000,200000,2400000,200000,40141977488
WLT897413946496,164008673889,Full KYC,Closed,03-12-2021,ESC8033642785499,200000,200000,200000,2400000,200000,99129019224
WLT858489998957,378593559969,Full KYC,Active,07-08-2022,ESC2589379013505,200000,200000,200000,2400000,200000,49979901536
WLT837328295159,339025817186,Full KYC,Suspended,06-08-2024,ESC5924017595013,200000,200000,200000,2400000,200000,35367531463991
WLT544442349860,380069458810,Minimum KYC,Active,09-07-2024,ESC7504214430360,10000,10000,10000,120000,10000,4872035948578
WLT281665962780,691014009024,Full KYC,Active,22-10-2024,ESC5105871014388,200000,200000,200000,2400000,200000,869642148116
WLT106619724052,962253449747,Minimum KYC,Active,10-02-2024,ESC7631517024730,10000,10000,10000,120000,10000,9188888688749
WLT068766793036,705023778042,Full KYC,Active,17-11-2024,ESC4965462763227,200000,200000,200000,2400000,200000,63744045438
WLT414303778376,536169539859,Full KYC,Closed,09-04-2024,ESC5583609899951,200000,200000,200000,2400000,200000,51619352155
WLT215454079518,683094502901,Minimum KYC,Active,01-02-2021,ESC2636316904067,10000,10000,10000,120000,10000,869930044930
WLT468210017457,266948330751,Full KYC,Active,08-06-2021,ESC1572173087476,200000,200000,200000,2400000,200000,307799282672
WLT915962515411,122558756512,Minimum KYC,Suspended,27-11-2023,ESC5121620973240,10000,10000,10000,120000,10000,717701931175
WLT463001029907,430438377737,Full KYC,Closed,21-04-2020,ESC1540477637958,200000,200000,200000,2400000,200000,7482640205313
WLT647957347232,820389322842,Full KYC,Active,28-06-2017,ESC2385060253935,200000,200000,200000,2400000,200000,98683501059119
WLT704078688865,282720124616,Full KYC,Active,15-02-2016,ESC7777444606828,200000,200000,200000,2400000,200000,62738819664
WLT149961908445,519386458199,Full KYC,Active,17-12-2015,ESC4113651160963,200000,200000,200000,2400000,200000,9185622229115
WLT988586014814,220467793875,Minimum KYC,Active,04-10-2019,ESC6967500974831,10000,10000,10000,120000,10000,1913027692841336
WLT602930204637,696525278420,Minimum KYC,Active,19-03-2020,ESC7643994260290,10000,10000,10000,120000,10000,74082634707
WLT663175167363,642680978084,Full KYC,Active,04-06-2022,ESC6524464487465,200000,200000,200000,2400000,200000,6953548035295
WLT551270554980,519362078019,Full KYC,Active,27-11-2020,ESC7495836033428,200000,200000,200000,2400000,200000,1917973846128829
WLT175251943109,393181022724,Minimum KYC,Active,17-07-2021,ESC7730568152426,10000,10000,10000,120000,10000,646114393324
WLT353601073821,157848283938,Minimum KYC,Active,25-09-2022,ESC4173600223745,10000,10000,10000,120000,10000,5302666692803
WLT086241199594,165089739489,Minimum KYC,Active,22-03-2019,ESC1101547039423,10000,10000,10000,120000,10000,77765175503843
WLT014036937661,161125583059,Full KYC,Active,18-02-2024,ESC1819923165120,200000,200000,200000,2400000,200000,9136597106568
WLT035042759911,335552621127,Full KYC,Active,17-09-2020,ESC2311904813435,200000,200000,200000,2400000,200000,74455234711478
WLT583028820419,931207730414,Full KYC,Suspended,01-04-2019,ESC6355827862848,200000,200000,200000,2400000,200000,76066355238
WLT371348013009,327892406120,Full KYC,Active,18-10-2024,ESC1347181126036,200000,200000,200000,2400000,200000,537026551496
WLT316438331139,540273707754,Full KYC,Active,06-02-2019,ESC2761961094643,200000,200000,200000,2400000,200000,22972131216
WLT735148158310,234117729812,Minimum KYC,Active,01-03-2018,ESC7499468233246,10000,10000,10000,120000,10000,6243410920935
WLT128041798880,549571171860,Minimum KYC,Active,22-06-2022,ESC7182515380134,10000,10000,10000,120000,10000,9166451698523
WLT724449702114,567559707461,Minimum KYC,Suspended,24-05-2020,ESC1315033286491,10000,10000,10000,120000,10000,926831094065
WLT075242429036,485100680916,Minimum KYC,Active,27-10-2017,ESC5553883820556,10000,10000,10000,120000,10000,20036472520458
WLT412190503695,338110168591,Minimum KYC,Active,21-08-2024,ESC5260911469115,10000,10000,10000,120000,10000,42105184741
WLT569137602597,816321047419,Minimum KYC,Active,12-06-2022,ESC4102652854223,10000,10000,10000,120000,10000,465736657402
WLT326859147053,474666929442,Minimum KYC,Active,03-01-2020,ESC2863783426759,10000,10000,10000,120000,10000,61280187405
WLT262446877641,313727907093,Full KYC,Active,13-08-2020,ESC2223998885128,200000,200000,200000,2400000,200000,59789773866
WLT680931257918,662945046173,Full KYC,Active,01-02-2019,ESC9847387829727,200000,200000,200000,2400000,200000,6176275879759520
WLT437397897674,968041745007,Full KYC,Active,16-12-2024,ESC5703441041890,200000,200000,200000,2400000,200000,517116422821
WLT291519558172,381276438730,Full KYC,Active,17-09-2024,ESC8660544221075,200000,200000,200000,2400000,200000,4964919819812715
WLT864378824204,922204308971,Full KYC,Suspended,11-01-2018,ESC1811102236038,200000,200000,200000,2400000,200000,451331472696
WLT417904366322,822619399484,Full KYC,Active,07-10-2018,ESC1345093059001,200000,200000,200000,2400000,200000,9211363048691
WLT655597642500,345807479179,Full KYC,Active,14-04-2022,ESC4239542787898,200000,200000,200000,2400000,200000,21136218970
WLT599478404302,304840286300,Full KYC,Active,27-11-2023,ESC1090506586883,200000,200000,200000,2400000,200000,98358163174
WLT945561361132,323637723946,Minimum KYC,Active,22-09-2024,ESC4519634001001,10000,10000,10000,120000,10000,283212947645
WLT216340036193,448431348465,Full KYC,Active,15-05-2024,ESC1389523341700,200000,200000,200000,2400000,200000,703319274656
WLT150447668373,211844978263,Minimum KYC,Active,11-05-2024,ESC1669816466232,10000,10000,10000,120000,10000,9067313985514
WLT082958115147,280047382886,Full KYC,Active,05-06-2024,ESC5461767694970,200000,200000,200000,2400000,200000,59858459277417
WLT631893233201,231169687778,Minimum KYC,Active,27-09-2023,ESC7268605633466,10000,10000,10000,120000,10000,75196167769
WLT871345371690,735495654328,Full KYC,Active,08-12-2020,ESC4967591317645,200000,200000,200000,2400000,200000,4900422251575
WLT158199288825,537918820874,Full KYC,Active,19-08-2024,ESC2808674135400,200000,200000,200000,2400000,200000,32482565066
WLT271506175328,718764977704,Full KYC,Active,11-11-2023,ESC2361356560388,200000,200000,200000,2400000,200000,63459042182
WLT800482666105,211857440734,Minimum KYC,Active,15-09-2022,ESC3185989924442,10000,10000,10000,120000,10000,98433125720272
WLT067675673172,138194602097,Minimum KYC,Active,21-08-2024,ESC3521038395146,10000,10000,10000,120000,10000,1131880053707458
WLT307756100831,537701384435,Full KYC,Active,13-04-2020,ESC3116439280093,200000,200000,200000,2400000,200000,3947518663761
WLT795219202381,516911615878,Full KYC,Active,25-10-2024,ESC2090328154501,200000,200000,200000,2400000,200000,17931756263
WLT507208829702,828148903833,Full KYC,Active,10-05-2023,ESC8221690858274,200000,200000,200000,2400000,200000,26021770470
WLT399507601874,882985460655,Full KYC,Active,08-04-2021,ESC6553801540621,200000,200000,200000,2400000,200000,239999619897
WLT820361241213,534903057255,Minimum KYC,Active,15-04-2023,ESC3368665106749,10000,10000,10000,120000,10000,128829944009
WLT489502423878,229133227269,Minimum KYC,Active,02-06-2016,ESC8100763685789,10000,10000,10000,120000,10000,4179041243197
WLT412872660093,880236046047,Minimum KYC,Closed,18-10-2020,ESC7979916914896,10000,10000,10000,120000,10000,41484215954789
WLT811238870903,641356694009,Minimum KYC,Active,10-06-2019,ESC6968578380613,10000,10000,10000,120000,10000,2488494100149
WLT989029274284,832090859506,Minimum KYC,Suspended,14-07-2023,ESC7629460385396,10000,10000,10000,120000,10000,42056503336
WLT096427610090,628175179749,Minimum KYC,Active,18-11-2023,ESC3877364298891,10000,10000,10000,120000,10000,58281788246847
WLT976839809887,612453479369,Full KYC,Active,14-11-2022,ESC1039177861454,200000,200000,200000,2400000,200000,7821462199924469
WLT579921419044,127829040931,Full KYC,Active,24-12-2024,ESC7669369063792,200000,200000,200000,2400000,200000,92635903358172
WLT967752167643,808054023265,Minimum KYC,Active,02-11-2023,ESC3176080792203,10000,10000,10000,120000,10000,85835321224786
WLT779293125248,806246441484,Minimum KYC,Active,03-09-2024,ESC9070421923704,10000,10000,10000,120000,10000,21220419057422
WLT947743022541,785024901777,Full KYC,Active,16-01-2025,ESC2477562583836,200000,200000,200000,2400000,200000,50477757831
WLT001043698016,194166467329,Minimum KYC,Active,05-02-2020,ESC5855249233328,10000,10000,10000,120000,10000,268732432025
WLT698971970171,817149734783,Full KYC,Active,11-10-2024,ESC8250443957503,200000,200000,200000,2400000,200000,406366747011
WLT247675545207,860160471303,Full KYC,Closed,06-12-2021,ESC4521370919828,200000,200000,200000,2400000,200000,3633391799923
WLT471657128217,207157358355,Full KYC,Active,13-06-2019,ESC6718225710120,200000,200000,200000,2400000,200000,28798486623
WLT490702146447,684412256870,Minimum KYC,Active,13-06-2022,ESC1455279846627,10000,10000,10000,120000,10000,25889128304008
WLT259199742862,568215749677,Full KYC,Active,08-08-2024,ESC5505751266751,200000,200000,200000,2400000,200000,83545060986543
WLT678803585382,939514789594,Minimum KYC,Active,13-07-2023,ESC9392632064249,10000,10000,10000,120000,10000,84971472251
WLT358898920119,984895263648,Full KYC,Closed,21-04-2019,ESC9024784313118,200000,200000,200000,2400000,200000,84427985279407
WLT923544421308,461712854823,Full KYC,Active,25-06-2022,ESC3590356508772,200000,200000,200000,2400000,200000,54735428271304
WLT863211921365,970098008916,Full KYC,Closed,06-11-2022,ESC4961095343434,200000,200000,200000,2400000,200000,183585261999
WLT358148994171,182806769729,Full KYC,Active,31-07-2023,ESC1324010222263,200000,200000,200000,2400000,200000,54248262491186
WLT872264231300,395893089497,Minimum KYC,Active,30-12-2020,ESC6111173391212,10000,10000,10000,120000,10000,13042799093
WLT042757023876,391612756355,Full KYC,Active,07-01-2019,ESC4913957993636,200000,200000,200000,2400000,200000,3152504017042
WLT059263532890,862443524129,Minimum KYC,Active,24-12-2023,ESC4387401195702,10000,10000,10000,120000,10000,9549632269148217
WLT756390725217,764398838998,Full KYC,Active,01-06-2015,ESC4873841735464,200000,200000,200000,2400000,200000,27517948052613
WLT781533119218,504003846456,Full KYC,Active,15-04-2022,ESC2694292217614,200000,200000,200000,2400000,200000,9247995393183
WLT720568286132,540600916488,Full KYC,Active,11-02-2022,ESC3364212257027,200000,200000,200000,2400000,200000,842248437591
WLT631041015005,196313262051,Full KYC,Active,17-10-2022,ESC4969816222214,200000,200000,200000,2400000,200000,14518267584626
WLT163224729607,517384972532,Full KYC,Active,05-02-2017,ESC8123705751947,200000,200000,200000,2400000,200000,2641960022236094
WLT561322065242,797486216236,Minimum KYC,Active,20-09-2023,ESC4973773881863,10000,10000,10000,120000,10000,3583937497146
WLT871227343172,241865768263,Minimum KYC,Active,16-10-2023,ESC1019459226628,10000,10000,10000,120000,10000,1955544075552
WLT159464515555,343568404501,Minimum KYC,Active,13-05-2022,ESC9927605953095,10000,10000,10000,120000,10000,86609194132
WLT307949380106,238604083638,Minimum KYC,Active,19-01-2016,ESC2716848981682,10000,10000,10000,120000,10000,83218627837832
WLT468657230079,416716036958,Full KYC,Active,02-08-2023,ESC4895626106994,200000,200000,200000,2400000,200000,424770870255
WLT983072103295,538104021790,Full KYC,Active,10-02-2023,ESC8601469187785,200000,200000,200000,2400000,200000,969283800445
WLT846654503419,359879056259,Minimum KYC,Active,27-04-2024,ESC6517614148920,10000,10000,10000,120000,10000,34219755488
WLT151971031461,460225411017,Full KYC,Active,01-01-2020,ESC9079381596798,200000,200000,200000,2400000,200000,947927075019
WLT573154777499,139479548475,Full KYC,Active,14-11-2024,ESC9211285761708,200000,200000,200000,2400000,200000,368016699772
WLT439809121606,269960157239,Minimum KYC,Suspended,02-09-2021,ESC1657189521823,10000,10000,10000,120000,10000,6205876169902
WLT102631508323,328597417667,Full KYC,Active,13-01-2024,ESC5181172099054,200000,200000,200000,2400000,200000,11538389428
WLT301306920348,945308404656,Minimum KYC,Closed,02-06-2024,ESC2945372128807,10000,10000,10000,120000,10000,5086218016221
WLT966695811390,581761408216,Minimum KYC,Active,25-03-2018,ESC5826501587901,10000,10000,10000,120000,10000,207566023700
WLT882174197408,251836664584,Full KYC,Active,25-10-2024,ESC8174588505519,200000,200000,200000,2400000,200000,55787296592
WLT537594091458,909827569411,Minimum KYC,Active,17-04-2022,ESC8372997309159,10000,10000,10000,120000,10000,73946514805
WLT600190581130,391777061449,Full KYC,Active,29-08-2021,ESC5648297684033,200000,200000,200000,2400000,200000,4277433298724
WLT995067339324,553836545714,Full KYC,Active,25-12-2023,ESC4727210954923,200000,200000,200000,2400000,200000,952421946656
WLT009504646293,255832156573,Full KYC,Suspended,10-07-2024,ESC5796751912366,200000,200000,200000,2400000,200000,71211488681
WLT457912492710,332069319358,Minimum KYC,Active,27-04-2017,ESC5095955542129,10000,10000,10000,120000,10000,56774047259874
WLT879539613435,684443075891,Full KYC,Active,15-01-2025,ESC3833202614983,200000,200000,200000,2400000,200000,60349393062065
WLT647576981746,627553801554,Full KYC,Active,15-01-2022,ESC5898915031053,200000,200000,200000,2400000,200000,7289513844882
WLT897497217055,605272020849,Minimum KYC,Active,09-02-2024,ESC7830774320434,10000,10000,10000,120000,10000,326642617638
WLT448216705161,990658736334,Full KYC,Active,01-04-2019,ESC4243717531987,200000,200000,200000,2400000,200000,159284471813
WLT805950076482,580618801593,Minimum KYC,Active,29-10-2020,ESC2886243879551,10000,10000,10000,120000,10000,5753181210544
WLT837341711218,505798378923,Minimum KYC,Active,21-11-2024,ESC8515531567621,10000,10000,10000,120000,10000,6408380788810
WLT691061986581,203670483244,Full KYC,Active,25-10-2024,ESC5937370964009,200000,200000,200000,2400000,200000,41554745830599
WLT975162254364,820584399444,Minimum KYC,Active,01-01-2023,ESC9085170178053,10000,10000,10000,120000,10000,794975848544
WLT958125170335,286446892405,Minimum KYC,Active,06-12-2023,ESC5935426186996,10000,10000,10000,120000,10000,22076519761534
WLT370901232279,438773554630,Minimum KYC,Closed,02-09-2020,ESC3072236626196,10000,10000,10000,120000,10000,32351885449
WLT051185864525,220998868565,Full KYC,Active,28-03-2024,ESC3785039582934,200000,200000,200000,2400000,200000,74704989654
WLT760090897891,427106911533,Full KYC,Active,15-02-2019,ESC2029099655226,200000,200000,200000,2400000,200000,667447457337
WLT446087574990,539909900673,Full KYC,Active,21-10-2023,ESC9045303297886,200000,200000,200000,2400000,200000,87636569793622
WLT559443265193,959838044855,Full KYC,Active,01-05-2022,ESC3602218966321,200000,200000,200000,2400000,200000,58445893464
WLT803256074399,961959541483,Full KYC,Active,06-11-2022,ESC1746965999370,200000,200000,200000,2400000,200000,6561168657087
WLT410250011404,286939330311,Full KYC,Active,22-12-2021,ESC6024253162754,200000,200000,200000,2400000,200000,7792724862426
WLT241273502797,311858919641,Minimum KYC,Active,26-12-2023,ESC8890272087728,10000,10000,10000,120000,10000,9180450792340
WLT145332670479,988189244194,Minimum KYC,Active,17-10-2024,ESC5236723010614,10000,10000,10000,120000,10000,72932329760071
WLT002106681620,652638837989,Minimum KYC,Active,05-02-2023,ESC9134229253990,10000,10000,10000,120000,10000,8104046611560
WLT527961184770,197920523394,Minimum KYC,Active,07-01-2019,ESC2813688271467,10000,10000,10000,120000,10000,40686794430087
WLT119494614798,306894921590,Minimum KYC,Active,26-07-2017,ESC5561634681977,10000,10000,10000,120000,10000,323868878327
WLT238268552902,459917638285,Full KYC,Active,03-05-2021,ESC4544823160242,200000,200000,200000,2400000,200000,802871573799
WLT184823425294,634378734167,Minimum KYC,Active,26-03-2018,ESC3862892826003,10000,10000,10000,120000,10000,940786678844
WLT776285243520,529779477507,Full KYC,Active,25-05-2022,ESC1262411204485,200000,200000,200000,2400000,200000,55570420299
WLT126054707447,179545116861,Minimum KYC,Active,29-12-2024,ESC1008992823248,10000,10000,10000,120000,10000,38412333733404
WLT258250194297,134765829474,Minimum KYC,Active,21-01-2023,ESC1786310633675,10000,10000,10000,120000,10000,395086786885
WLT720587443970,192871147868,Minimum KYC,Active,22-03-2024,ESC6748677288090,10000,10000,10000,120000,10000,526038783921
WLT400592217294,974064808897,Full KYC,Active,20-03-2024,ESC2408596011328,200000,200000,200000,2400000,200000,36294118862
WLT879771620112,663172415630,Minimum KYC,Active,17-11-2024,ESC1562147784132,10000,10000,10000,120000,10000,12778842038
WLT243987270612,501476044199,Full KYC,Active,05-01-2020,ESC8140529967275,200000,200000,200000,2400000,200000,9119568404086
WLT816317292724,671385793005,Full KYC,Active,15-08-2024,ESC5102162509850,200000,200000,200000,2400000,200000,9287105871361
WLT927594241017,438507558592,Full KYC,Active,23-11-2023,ESC9353231943720,200000,200000,200000,2400000,200000,67125672253609
WLT195315339980,282962415305,Minimum KYC,Active,14-06-2023,ESC2484541592893,10000,10000,10000,120000,10000,97043965543040
WLT824000538327,135366446097,Full KYC,Active,20-11-2024,ESC2996138771698,200000,200000,200000,2400000,200000,943095310185
WLT832861801922,280614211864,Full KYC,Active,12-12-2019,ESC9961938070488,200000,200000,200000,2400000,200000,49727350016232
WLT027888122404,832565995353,Full KYC,Active,08-06-2023,ESC3230223298459,200000,200000,200000,2400000,200000,717710063881
WLT158042611735,409611181614,Full KYC,Active,03-11-2022,ESC8877647766007,200000,200000,200000,2400000,200000,501853175097
WLT874874390087,120715599891,Minimum KYC,Active,17-03-2024,ESC7507440930919,10000,10000,10000,120000,10000,1539916671632423
WLT618582646490,489797370291,Minimum KYC,Active,13-09-2023,ESC4726919984276,10000,10000,10000,120000,10000,81957423866346
WLT983035640618,398297323586,Full KYC,Active,29-02-2024,ESC6422827739497,200000,200000,200000,2400000,200000,968563850614
WLT771481166228,983731765246,Full KYC,Suspended,13-11-2016,ESC7345110927454,200000,200000,200000,2400000,200000,57612647867
WLT209550155674,293360062965,Minimum KYC,Active,02-09-2022,ESC6240241493396,10000,10000,10000,120000,10000,67956913255
WLT347599143254,983095989774,Full KYC,Active,15-11-2024,ESC8948118234839,200000,200000,200000,2400000,200000,279990355797
WLT860488284221,546067228503,Full KYC,Active,01-07-2024,ESC7374517691464,200000,200000,200000,2400000,200000,67042235906794
WLT537397477127,648975924643,Full KYC,Active,19-04-2018,ESC1920237007835,200000,200000,200000,2400000,200000,25559563575324
WLT137175870884,885140166842,Full KYC,Active,23-12-2024,ESC1409761892981,200000,200000,200000,2400000,200000,81910424239
WLT127218917181,526963136825,Minimum KYC,Active,05-03-2024,ESC8156417643543,10000,10000,10000,120000,10000,6348003908659
WLT834459277094,866860912052,Full KYC,Active,09-06-2023,ESC1931605241365,200000,200000,200000,2400000,200000,611669709323
WLT715066111936,502603357881,Minimum KYC,Active,21-01-2016,ESC3826428487880,10000,10000,10000,120000,10000,567995143426
WLT026808143305,878149209621,Full KYC,Active,24-11-2020,ESC1019033612772,200000,200000,200000,2400000,200000,61729896889963
WLT310683121663,773104988191,Full KYC,Active,20-03-2024,ESC2679656831343,200000,200000,200000,2400000,200000,797976806827
WLT799167901703,843808301032,Minimum KYC,Active,22-07-2024,ESC5958233706138,10000,10000,10000,120000,10000,7534823405711931
WLT677324806146,376892517964,Minimum KYC,Active,30-06-2024,ESC5685844601501,10000,10000,10000,120000,10000,85452153862
WLT653945314894,673055546576,Minimum KYC,Active,16-02-2023,ESC9001382700399,10000,10000,10000,120000,10000,575920248045
WLT053185565294,117622730155,Minimum KYC,Active,05-05-2021,ESC8761899438644,10000,10000,10000,120000,10000,74859736943017
WLT796021874966,629385231265,Minimum KYC,Active,02-08-2018,ESC9949947489416,10000,10000,10000,120000,10000,688910274228
WLT726898800091,497835133599,Minimum KYC,Active,04-01-2021,ESC4975398676223,10000,10000,10000,120000,10000,71610370559451
WLT075479419104,118422705292,Minimum KYC,Active,01-01-2024,ESC8186378978568,10000,10000,10000,120000,10000,13663071370073
WLT026420950194,504752214411,Minimum KYC,Active,12-02-2018,ESC5543910458967,10000,10000,10000,120000,10000,721725638966
WLT677084204222,870430022251,Full KYC,Active,27-07-2022,ESC7006403861402,200000,200000,200000,2400000,200000,3468030107654760
WLT815482682783,128904137467,Full KYC,Active,08-11-2022,ESC5042694364064,200000,200000,200000,2400000,200000,34227665050
WLT376205286546,641445673281,Full KYC,Active,15-04-2022,ESC1800652413917,200000,200000,200000,2400000,200000,35228617821197
WLT576541534281,776335666727,Full KYC,Active,21-12-2018,ESC5230353314413,200000,200000,200000,2400000,200000,34553420496540
WLT198585143523,156673114300,Full KYC,Active,10-02-2020,ESC1682509551707,200000,200000,200000,2400000,200000,184963358714
WLT555546568020,101698333179,Full KYC,Active,06-06-2021,ESC4948909611760,200000,200000,200000,2400000,200000,97941868273641
WLT646036505722,197117889864,Minimum KYC,Active,29-05-2019,ESC5183330134668,10000,10000,10000,120000,10000,4876345077095
WLT193990561089,375058857639,Full KYC,Active,03-02-2021,ESC2815166738011,200000,200000,200000,2400000,200000,9180265718540
WLT331975168367,354122244210,Full KYC,Active,22-08-2024,ESC5722215398717,200000,200000,200000,2400000,200000,957130840940
WLT458272146652,986126979468,Minimum KYC,Active,02-04-2020,ESC5122455164338,10000,10000,10000,120000,10000,491311725347
WLT299930114987,724231083802,Minimum KYC,Active,29-03-2020,ESC8071178318339,10000,10000,10000,120000,10000,761417175628
WLT423920679164,912131063682,Full KYC,Suspended,24-12-2021,ESC5611639018336,200000,200000,200000,2400000,200000,14328125912
WLT483947584472,372008039461,Full KYC,Active,09-04-2024,ESC3732812124163,200000,200000,200000,2400000,200000,845034826727
WLT765594808992,478210180992,Full KYC,Active,07-08-2023,ESC4062191201808,200000,200000,200000,2400000,200000,17067680769294
WLT694864812059,533814349876,Full KYC,Active,06-09-2016,ESC1446133794960,200000,200000,200000,2400000,200000,165658505444
WLT408517899489,753815906182,Minimum KYC,Active,20-05-2023,ESC6935688285245,10000,10000,10000,120000,10000,3434945922081
WLT086944402459,898734675667,Minimum KYC,Active,06-05-2024,ESC2177590258226,10000,10000,10000,120000,10000,98399881134
WLT491427576847,876519975378,Full KYC,Active,06-10-2023,ESC9113748482233,200000,200000,200000,2400000,200000,76226456664468
WLT474838017586,179093017439,Full KYC,Active,15-08-2019,ESC5963920014293,200000,200000,200000,2400000,200000,7592012983532375
WLT052004292184,768328589797,Full KYC,Active,21-07-2024,ESC3517868858773,200000,200000,200000,2400000,200000,403864232673
WLT139018914767,676937276061,Full KYC,Active,18-12-2021,ESC1709866232638,200000,200000,200000,2400000,200000,313077665599
WLT474769385463,114266795994,Full KYC,Active,06-09-2021,ESC8873633772303,200000,200000,200000,2400000,200000,8845622898974958
WLT702416468577,306705505939,Full KYC,Active,15-03-2020,ESC2772178221716,200000,200000,200000,2400000,200000,339706117547
WLT080597183610,567900705977,Full KYC,Active,19-11-2023,ESC9716860878726,200000,200000,200000,2400000,200000,903676036517
WLT810548814416,521617372679,Full KYC,Active,29-12-2023,ESC5765261153692,200000,200000,200000,2400000,200000,6736254841438506
WLT264380286218,596696223876,Minimum KYC,Active,07-12-2019,ESC3652152352120,10000,10000,10000,120000,10000,483619495796
WLT679814445450,848907386048,Full KYC,Active,24-03-2024,ESC3497938871034,200000,200000,200000,2400000,200000,782587191875
WLT110133645948,931622055871,Full KYC,Active,23-02-2022,ESC7174349454648,200000,200000,200000,2400000,200000,129877849781
WLT547831931823,740788814668,Minimum KYC,Active,09-12-2017,ESC5544984284259,10000,10000,10000,120000,10000,20691847994681
WLT194840709366,703948999006,Minimum KYC,Active,15-11-2020,ESC2541377514929,10000,10000,10000,120000,10000,3530135557986
WLT931369032129,624505803717,Full KYC,Active,26-05-2024,ESC6343518380524,200000,200000,200000,2400000,200000,2716655517177488
WLT489570741793,707496451671,Full KYC,Active,31-08-2021,ESC3610065087973,200000,200000,200000,2400000,200000,1400029128016414
WLT861409547010,627456120674,Full KYC,Active,18-06-2021,ESC7443880793541,200000,200000,200000,2400000,200000,474122221873
WLT781814070334,249456121514,Full KYC,Active,02-01-2019,ESC9334948006227,200000,200000,200000,2400000,200000,894853569533
WLT655801785389,255146656935,Full KYC,Active,02-06-2023,ESC8825570081665,200000,200000,200000,2400000,200000,4534137245998
WLT982890668079,814604059355,Minimum KYC,Active,15-06-2023,ESC3455744217721,10000,10000,10000,120000,10000,754553101352
WLT745087970631,381802101011,Full KYC,Active,16-11-2024,ESC1219157143557,200000,200000,200000,2400000,200000,99147222109361
WLT252300758643,502978010924,Minimum KYC,Active,29-08-2020,ESC2002914572659,10000,10000,10000,120000,10000,77007783861422
WLT250440253960,886852489806,Full KYC,Active,28-02-2018,ESC3890973460476,200000,200000,200000,2400000,200000,71997899339
WLT119421657335,653926076851,Full KYC,Active,26-01-2023,ESC5768767556361,200000,200000,200000,2400000,200000,21283233935
WLT114688118128,548036952096,Minimum KYC,Active,01-10-2023,ESC1601759520470,10000,10000,10000,120000,10000,75402889862
WLT566097208358,356032078178,Full KYC,Active,24-12-2021,ESC3778058898677,200000,200000,200000,2400000,200000,935885796173
WLT188983310646,324217929816,Minimum KYC,Active,28-02-2022,ESC8112664948480,10000,10000,10000,120000,10000,9101135143988
WLT406224486967,836082381620,Full KYC,Active,28-08-2023,ESC6876971496924,200000,200000,200000,2400000,200000,50037033249274
WLT249616319662,877731056406,Minimum KYC,Active,25-06-2021,ESC8292569309945,10000,10000,10000,120000,10000,22159932410608
WLT508565491476,271453107527,Full KYC,Active,21-02-2024,ESC7564625508960,200000,200000,200000,2400000,200000,74013248727
WLT160550383982,932853052373,Full KYC,Active,24-09-2022,ESC8143320451787,200000,200000,200000,2400000,200000,704198924355
WLT002377446247,678694603367,Full KYC,Active,14-04-2022,ESC3915970757196,200000,200000,200000,2400000,200000,29492760372195
WLT233966401900,867959229683,Full KYC,Active,16-04-2023,ESC8447437064184,200000,200000,200000,2400000,200000,90562625737932
WLT015833474354,344357783111,Minimum KYC,Active,17-03-2024,ESC6882795241598,10000,10000,10000,120000,10000,115311375567
WLT969368308732,265518519402,Full KYC,Active,06-04-2021,ESC5353963583987,200000,200000,200000,2400000,200000,9127443597406
WLT155022849510,261177319959,Full KYC,Active,05-04-2022,ESC5366972227142,200000,200000,200000,2400000,200000,44850948574
WLT958811248973,461485787186,Minimum KYC,Active,06-03-2021,ESC3629901601293,10000,10000,10000,120000,10000,9132293579351
WLT295450028558,978574857668,Full KYC,Active,05-07-2015,ESC9222007243269,200000,200000,200000,2400000,200000,971840478217
WLT615847639120,617596151496,Minimum KYC,Active,04-11-2022,ESC6480930007165,10000,10000,10000,120000,10000,8353965860344230
WLT761915297674,678782909730,Minimum KYC,Active,19-01-2023,ESC5538365181749,10000,10000,10000,120000,10000,30603779416465
WLT278072090259,895535135059,Full KYC,Active,23-12-2023,ESC3129348493886,200000,200000,200000,2400000,200000,9179182562771
WLT629851921741,446045683931,Full KYC,Active,08-08-2022,ESC5678400563426,200000,200000,200000,2400000,200000,534219110830
WLT063001993742,367228463517,Full KYC,Active,02-07-2020,ESC4968311764244,200000,200000,200000,2400000,200000,35789154529
WLT474317113649,581760485653,Full KYC,Active,25-03-2022,ESC6494886331531,200000,200000,200000,2400000,200000,18993117205829
WLT261638259757,635263804405,Full KYC,Active,21-04-2021,ESC5885530860585,200000,200000,200000,2400000,200000,36409226052
WLT103333038620,212529925289,Full KYC,Active,22-08-2019,ESC2763149692634,200000,200000,200000,2400000,200000,829751487410
WLT823438348697,799647532417,Full KYC,Active,16-12-2022,ESC4721226460524,200000,200000,200000,2400000,200000,2225903925618417
WLT889851260476,113579953357,Full KYC,Active,16-01-2024,ESC1451483455031,200000,200000,200000,2400000,200000,8324523089030
WLT152905414790,841213533351,Full KYC,Closed,24-09-2023,ESC1690154483559,200000,200000,200000,2400000,200000,1936790265984231
WLT063570159782,491752972332,Full KYC,Active,22-01-2017,ESC7531366403898,200000,200000,200000,2400000,200000,9233083787801
WLT829957247153,836953332241,Full KYC,Active,07-07-2021,ESC6299794807519,200000,200000,200000,2400000,200000,6711927238204142
WLT426616047137,632993753578,Minimum KYC,Active,05-12-2022,ESC7433480906358,10000,10000,10000,120000,10000,41005937098
WLT176394048711,417106276117,Minimum KYC,Active,21-01-2023,ESC3996597982492,10000,10000,10000,120000,10000,73359898457
WLT087302969843,777333294204,Minimum KYC,Active,08-04-2023,ESC5210298403828,10000,10000,10000,120000,10000,35270308574413
WLT459263330276,100648370663,Full KYC,Active,11-12-2023,ESC4734585535418,200000,200000,200000,2400000,200000,3664898748823909
WLT117809430497,503332911670,Minimum KYC,Active,17-01-2021,ESC2075665115327,10000,10000,10000,120000,10000,9215020465665
WLT642469032786,551066115351,Full KYC,Active,23-05-2024,ESC2798376300692,200000,200000,200000,2400000,200000,9155210906223
WLT140711886642,466905231051,Minimum KYC,Suspended,10-03-2023,ESC8242061301657,10000,10000,10000,120000,10000,4602152069206
WLT250515490207,241097030587,Minimum KYC,Suspended,13-10-2023,ESC3457889097656,10000,10000,10000,120000,10000,90274146783746
WLT672684272453,232323054880,Full KYC,Active,01-01-2023,ESC7109767704914,200000,200000,200000,2400000,200000,60506599741615
WLT067857994319,829652435145,Full KYC,Active,10-11-2022,ESC6219369116344,200000,200000,200000,2400000,200000,64977357270
WLT565012351876,206965347322,Full KYC,Active,03-08-2024,ESC8894273490235,200000,200000,200000,2400000,200000,33302331016139
WLT985753910205,829681240208,Full KYC,Active,24-04-2021,ESC6527481843537,200000,200000,200000,2400000,200000,47834211175527
WLT979945476443,104884668687,Full KYC,Active,02-01-2025,ESC5271768709162,200000,200000,200000,2400000,200000,711424467091
WLT702338215830,401593774081,Minimum KYC,Active,07-05-2024,ESC8993669689269,10000,10000,10000,120000,10000,7342758522760256
WLT448036635371,256202901078,Full KYC,Active,20-08-2024,ESC6767600872994,200000,200000,200000,2400000,200000,391181944812
WLT594247823144,859108438123,Minimum KYC,Active,14-03-2023,ESC9878163476088,10000,10000,10000,120000,10000,75417740282
WLT434268096683,204931224981,Minimum KYC,Active,13-04-2024,ESC4550455853981,10000,10000,10000,120000,10000,9285535337448
WLT004386667806,138909195481,Full KYC,Active,30-07-2016,ESC4401205858912,200000,200000,200000,2400000,200000,17616418460427
WLT097619029045,966064271303,Minimum KYC,Active,29-08-2024,ESC9536503290588,10000,10000,10000,120000,10000,1264762147708
WLT100871422721,731275365086,Full KYC,Active,05-03-2023,ESC2046339047691,200000,200000,200000,2400000,200000,606183488054
WLT657517632812,907718989620,Minimum KYC,Active,10-06-2022,ESC4204947116987,10000,10000,10000,120000,10000,9113742342984
WLT237140977129,304884668407,Full KYC,Active,29-05-2021,ESC6555167219335,200000,200000,200000,2400000,200000,64347256689
WLT134281388290,494446460118,Minimum KYC,Active,30-09-2020,ESC5705415192025,10000,10000,10000,120000,10000,9191037195803
WLT155327902057,388523220228,Full KYC,Suspended,09-02-2022,ESC6780976469716,200000,200000,200000,2400000,200000,6799341380951
WLT004279336506,461046387878,Full KYC,Active,15-11-2017,ESC1470954049816,200000,200000,200000,2400000,200000,25239600111
WLT258257365229,611568028238,Minimum KYC,Active,11-06-2024,ESC6516023533144,10000,10000,10000,120000,10000,81285558962
WLT213497089675,110998554013,Full KYC,Active,11-02-2019,ESC7771541208916,200000,200000,200000,2400000,200000,104902322227
WLT135099000727,928539556810,Full KYC,Active,07-01-2024,ESC1376046653269,200000,200000,200000,2400000,200000,77811051593896
WLT655197861937,980775054051,Full KYC,Active,17-01-2023,ESC1628395167051,200000,200000,200000,2400000,200000,7317167030551
WLT875808272397,686346979606,Minimum KYC,Active,11-12-2023,ESC7154147723526,10000,10000,10000,120000,10000,9142685299339
WLT792588231789,306117726762,Full KYC,Active,01-08-2019,ESC9152024691576,200000,200000,200000,2400000,200000,16820338815
WLT556727221111,762449330730,Full KYC,Active,18-09-2019,ESC4432504515943,200000,200000,200000,2400000,200000,65727067884314
WLT977507372453,962027685636,Full KYC,Active,07-02-2022,ESC5214930804639,200000,200000,200000,2400000,200000,442142235631
WLT615004574689,760085604014,Minimum KYC,Active,15-01-2015,ESC5572269916163,10000,10000,10000,120000,10000,40286073412184
WLT132344228395,986793226493,Minimum KYC,Active,22-07-2022,ESC7008628668067,10000,10000,10000,120000,10000,9251109927057
WLT944782890645,890333682002,Minimum KYC,Active,06-06-2018,ESC6926298704610,10000,10000,10000,120000,10000,96395644763
WLT676891871958,837460061583,Full KYC,Active,25-04-2024,ESC2931194343999,200000,200000,200000,2400000,200000,2800495091867
WLT360332673063,840475723910,Full KYC,Active,31-05-2021,ESC9952925953509,200000,200000,200000,2400000,200000,9274822131906
WLT493413097286,681725896374,Full KYC,Active,15-09-2024,ESC6995329342209,200000,200000,200000,2400000,200000,9185195755237
WLT634293692347,204291901485,Minimum KYC,Active,12-07-2020,ESC5478333361650,10000,10000,10000,120000,10000,9147468036697
WLT208937395802,441301188150,Minimum KYC,Active,17-10-2020,ESC1616082722631,10000,10000,10000,120000,10000,1730292011728
WLT450046415783,526766014616,Full KYC,Active,25-06-2020,ESC9174293552725,200000,200000,200000,2400000,200000,47454033613
WLT924657351122,920135898376,Full KYC,Active,08-08-2024,ESC5250166802728,200000,200000,200000,2400000,200000,56104363094197
WLT980332753338,885907072427,Minimum KYC,Active,26-07-2022,ESC8694187336919,10000,10000,10000,120000,10000,2192997327191
WLT810685454378,666852638813,Minimum KYC,Active,30-05-2024,ESC9559449529557,10000,10000,10000,120000,10000,19564469458548
WLT692855053948,268751023698,Minimum KYC,Closed,30-04-2024,ESC9810157883540,10000,10000,10000,120000,10000,9111477250467
WLT642493501522,560940172172,Minimum KYC,Active,01-11-2021,ESC8000229382339,10000,10000,10000,120000,10000,96303469280
WLT162891743831,513768435828,Full KYC,Closed,13-12-2021,ESC1206473933477,200000,200000,200000,2400000,200000,9619108216407
WLT154544019223,717898479639,Full KYC,Active,05-03-2024,ESC3733016826473,200000,200000,200000,2400000,200000,2904727583110
WLT563450039065,955681071724,Minimum KYC,Active,20-01-2023,ESC4437069385300,10000,10000,10000,120000,10000,8489768694048
WLT988431367652,200838741502,Full KYC,Active,29-04-2020,ESC3096819907122,200000,200000,200000,2400000,200000,1510226784879301
WLT929523436787,387829976987,Minimum KYC,Active,20-07-2020,ESC1943259821370,10000,10000,10000,120000,10000,2459058652958497
WLT224877443328,965924286520,Full KYC,Active,16-05-2024,ESC8623229548250,200000,200000,200000,2400000,200000,5801054066129
WLT115259268641,811568649309,Minimum KYC,Active,26-03-2022,ESC7362559777941,10000,10000,10000,120000,10000,42144548171501
WLT382683995640,294581785134,Full KYC,Active,15-01-2019,ESC8560528085324,200000,200000,200000,2400000,200000,22875358760
WLT592612381351,287247862541,Full KYC,Active,22-10-2022,ESC3699709824731,200000,200000,200000,2400000,200000,5805698035089
WLT724639380057,519918795305,Full KYC,Active,18-01-2021,ESC3476899644967,200000,200000,200000,2400000,200000,6141025413248222
WLT988582153359,501982995824,Minimum KYC,Active,10-12-2022,ESC5524878830515,10000,10000,10000,120000,10000,95731915477
WLT616879340534,448646137880,Minimum KYC,Active,02-04-2018,ESC2042851142641,10000,10000,10000,120000,10000,88620126555
WLT268711672691,306294004307,Minimum KYC,Active,12-11-2023,ESC6986827099165,10000,10000,10000,120000,10000,9212741514182
WLT797827094282,630495409916,Minimum KYC,Active,20-07-2020,ESC7417547865631,10000,10000,10000,120000,10000,292845848842
WLT486744181500,649138750312,Full KYC,Active,04-09-2020,ESC5455543077535,200000,200000,200000,2400000,200000,101419866050
WLT980161491270,454592284749,Full KYC,Active,14-04-2022,ESC6625179872174,200000,200000,200000,2400000,200000,4448622688960219
WLT914753771904,797159085033,Full KYC,Active,08-01-2025,ESC4502820736949,200000,200000,200000,2400000,200000,8386298727378
WLT770249389460,791597069833,Full KYC,Active,17-11-2017,ESC4449220352872,200000,200000,200000,2400000,200000,67412738891615
WLT621383143962,422077649068,Minimum KYC,Closed,17-05-2019,ESC5558403361967,10000,10000,10000,120000,10000,37354264590
WLT206923905465,299464996189,Full KYC,Active,24-05-2019,ESC1340167332130,200000,200000,200000,2400000,200000,99276415855
WLT192946740774,250957618793,Full KYC,Active,12-08-2023,ESC5199855722767,200000,200000,200000,2400000,200000,9121851329224
WLT115052076315,499744770745,Minimum KYC,Active,15-10-2022,ESC5411799938710,10000,10000,10000,120000,10000,286133748349
WLT137147296369,968075966554,Full KYC,Active,05-10-2020,ESC7400859303858,200000,200000,200000,2400000,200000,6052003100285
WLT419936833471,151895318526,Minimum KYC,Active,11-05-2020,ESC4083124319579,10000,10000,10000,120000,10000,38026757669133
WLT854505242099,582093198928,Full KYC,Active,15-08-2018,ESC8421848877335,200000,200000,200000,2400000,200000,83932046784141
WLT600627982554,120253489120,Full KYC,Active,16-10-2020,ESC9313024364332,200000,200000,200000,2400000,200000,20818662934847
WLT748262302593,178146392383,Minimum KYC,Active,30-05-2022,ESC7003558728625,10000,10000,10000,120000,10000,157436929016
WLT300398920114,331796485547,Minimum KYC,Active,24-11-2023,ESC4761099897066,10000,10000,10000,120000,10000,1707827471551
WLT657030903871,451790668466,Full KYC,Active,10-03-2023,ESC3903551604971,200000,200000,200000,2400000,200000,983236114823
WLT959584653057,849724435659,Minimum KYC,Active,20-01-2024,ESC4995359271912,10000,10000,10000,120000,10000,428497753977
WLT711375345957,538445601393,Full KYC,Active,03-08-2023,ESC8757723468490,200000,200000,200000,2400000,200000,9357986825181815
WLT495899940464,367359165530,Minimum KYC,Active,09-05-2019,ESC7314593306023,10000,10000,10000,120000,10000,9542501106115489
WLT949771703792,542506013210,Minimum KYC,Active,05-11-2024,ESC3376362816164,10000,10000,10000,120000,10000,68890601981848
WLT653577431504,530614889340,Full KYC,Active,22-10-2024,ESC9872515510916,200000,200000,200000,2400000,200000,94664585371452
WLT793555027455,710696610166,Minimum KYC,Active,01-12-2023,ESC5809794187427,10000,10000,10000,120000,10000,416028185551
WLT069316859609,723235730698,Minimum KYC,Active,11-07-2023,ESC7513669220723,10000,10000,10000,120000,10000,83171142954178
WLT432261336073,426675585182,Minimum KYC,Active,17-01-2018,ESC6441912427441,10000,10000,10000,120000,10000,238628354029
WLT362567144677,816241294626,Full KYC,Active,09-08-2020,ESC1710995371159,200000,200000,200000,2400000,200000,52592514624
WLT442587539249,464347676514,Minimum KYC,Active,06-04-2019,ESC6515720963947,10000,10000,10000,120000,10000,129148190341
WLT748175358099,333778888345,Minimum KYC,Active,17-02-2020,ESC4706593657996,10000,10000,10000,120000,10000,324939375007
WLT495423738175,459642578479,Full KYC,Active,04-04-2021,ESC4164752986142,200000,200000,200000,2400000,200000,344719716729
WLT619254718722,639979591153,Full KYC,Active,26-10-2022,ESC7989482100116,200000,200000,200000,2400000,200000,59159096819814
WLT697466680862,649101829759,Full KYC,Active,20-10-2016,ESC6653916264716,200000,200000,200000,2400000,200000,440641568639
WLT024763614670,355966880475,Full KYC,Suspended,30-06-2021,ESC4788126372900,200000,200000,200000,2400000,200000,37920405314
WLT737844672250,579167116405,Full KYC,Active,23-04-2024,ESC9018149490332,200000,200000,200000,2400000,200000,68540460277464
WLT829039895159,157352290958,Minimum KYC,Active,18-09-2022,ESC3401508920589,10000,10000,10000,120000,10000,58916542400963
WLT570350671994,332179584378,Full KYC,Active,25-06-2019,ESC2962949970903,200000,200000,200000,2400000,200000,17437878334878
WLT769569735617,288920157624,Full KYC,Active,26-10-2023,ESC7104614804742,200000,200000,200000,2400000,200000,907221354089
WLT352680245038,913475573908,Full KYC,Active,06-11-2021,ESC2570418435708,200000,200000,200000,2400000,200000,37252959570
WLT209332294483,450558872845,Full KYC,Active,25-12-2022,ESC8497313656640,200000,200000,200000,2400000,200000,624726840135
WLT981504396836,763088469646,Minimum KYC,Active,21-07-2024,ESC1031281994590,10000,10000,10000,120000,10000,9208875367606
WLT704999097121,989502767451,Full KYC,Active,14-09-2024,ESC2165311802435,200000,200000,200000,2400000,200000,4007098644762
WLT634472361878,437871393747,Full KYC,Closed,26-12-2023,ESC3960949754082,200000,200000,200000,2400000,200000,56248394968061
WLT550237137965,203360554492,Full KYC,Closed,19-02-2021,ESC3733084755802,200000,200000,200000,2400000,200000,856498493105
WLT562625235544,705660615697,Minimum KYC,Active,08-02-2023,ESC8561444351850,10000,10000,10000,120000,10000,8196086697160389
WLT254643022924,394352184203,Minimum KYC,Active,20-02-2024,ESC3710612548993,10000,10000,10000,120000,10000,833580565268
WLT066311979697,690808700609,Minimum KYC,Active,19-01-2025,ESC6286205966219,10000,10000,10000,120000,10000,567533474707
WLT771162600665,487302694608,Minimum KYC,Active,26-12-2022,ESC1749937355287,10000,10000,10000,120000,10000,679576113997
WLT267960095612,247431880689,Full KYC,Active,08-06-2024,ESC7228834411322,200000,200000,200000,2400000,200000,6393602534402
WLT400574359580,373368259976,Full KYC,Active,03-10-2023,ESC4766750542201,200000,200000,200000,2400000,200000,9154777593955
WLT949263529464,523288853700,Full KYC,Active,23-01-2023,ESC6287091763834,200000,200000,200000,2400000,200000,354294034075
WLT432186563499,166831163112,Minimum KYC,Active,04-03-2023,ESC9585417172947,10000,10000,10000,120000,10000,27177541439348
WLT223348423825,637103275115,Full KYC,Active,06-08-2022,ESC9778291118597,200000,200000,200000,2400000,200000,87745040529
WLT331055517615,696527503142,Full KYC,Active,28-04-2020,ESC8891707722897,200000,200000,200000,2400000,200000,532802298853
WLT145343820045,659601590651,Minimum KYC,Active,26-10-2015,ESC1836592442317,10000,10000,10000,120000,10000,7663788416050592
WLT900531172588,399507395082,Full KYC,Active,22-03-2024,ESC3769925701324,200000,200000,200000,2400000,200000,67610129321
WLT244249323669,201951074424,Full KYC,Active,12-02-2023,ESC3526912731810,200000,200000,200000,2400000,200000,94695193996
WLT798276526774,958218390102,Full KYC,Active,26-09-2021,ESC6786676379300,200000,200000,200000,2400000,200000,402204448642
WLT488953213419,392939499075,Full KYC,Active,31-01-2022,ESC6361618785644,200000,200000,200000,2400000,200000,22268830965
WLT435248363669,638282092568,Minimum KYC,Active,08-08-2020,ESC7591497894536,10000,10000,10000,120000,10000,1108923014615
WLT640502007185,477406927813,Minimum KYC,Active,20-12-2024,ESC6868549950116,10000,10000,10000,120000,10000,3761923789619
WLT248980201855,243564349974,Full KYC,Active,23-03-2019,ESC2934384156230,200000,200000,200000,2400000,200000,196495175500
WLT252007248120,187543375426,Full KYC,Active,03-06-2023,ESC9945775350980,200000,200000,200000,2400000,200000,7632885137023315
WLT862988031186,140429679858,Full KYC,Active,18-09-2024,ESC8154803309738,200000,200000,200000,2400000,200000,45987619394288
WLT304192232528,867457825170,Minimum KYC,Active,22-10-2021,ESC7388448636122,10000,10000,10000,120000,10000,4815745857679930
WLT874599985162,198368197539,Full KYC,Suspended,27-10-2022,ESC5563581189155,200000,200000,200000,2400000,200000,9223865377149
WLT696885864719,554743669945,Minimum KYC,Closed,01-02-2024,ESC9185841270603,10000,10000,10000,120000,10000,95899478933858
WLT942861155253,436084116529,Minimum KYC,Active,12-06-2021,ESC1319103276675,10000,10000,10000,120000,10000,3677940174989
WLT536493171901,567869712175,Minimum KYC,Active,15-03-2024,ESC7675440366727,10000,10000,10000,120000,10000,83630137460
WLT876545091050,761159213459,Minimum KYC,Active,09-07-2023,ESC7513499121877,10000,10000,10000,120000,10000,82147946863677
WLT496062387734,564120391551,Full KYC,Active,05-08-2024,ESC4915198639450,200000,200000,200000,2400000,200000,76881259924
WLT668468404486,371033167148,Minimum KYC,Closed,11-07-2024,ESC1962962317163,10000,10000,10000,120000,10000,622858750384
WLT408583002269,718914348176,Minimum KYC,Active,24-05-2020,ESC9511088742173,10000,10000,10000,120000,10000,4783856126847550
WLT624663112109,605021104961,Full KYC,Active,12-04-2020,ESC7889444375720,200000,200000,200000,2400000,200000,5760065193856
WLT942590898873,804944224247,Full KYC,Active,21-06-2024,ESC5429736305021,200000,200000,200000,2400000,200000,9187048979406
WLT862662216378,816116953888,Full KYC,Closed,06-04-2023,ESC2738593587860,200000,200000,200000,2400000,200000,86509664887988
WLT749140824663,204461416864,Full KYC,Active,29-08-2024,ESC5080615793615,200000,200000,200000,2400000,200000,227529404055
WLT047226557994,153827604731,Full KYC,Active,03-09-2022,ESC3477301729637,200000,200000,200000,2400000,200000,22681084732142
WLT878316788134,959782542704,Full KYC,Active,07-03-2017,ESC1888055656146,200000,200000,200000,2400000,200000,1387503947178
WLT556905434923,123362413448,Full KYC,Active,19-02-2023,ESC9694850387678,200000,200000,200000,2400000,200000,59898532993049
WLT409757368460,239594520554,Minimum KYC,Active,11-04-2024,ESC9309364397930,10000,10000,10000,120000,10000,22642626723112
WLT327175592117,250159056878,Full KYC,Active,15-01-2023,ESC8032143278975,200000,200000,200000,2400000,200000,9953897697069030
WLT493232306100,981299901494,Minimum KYC,Active,06-12-2022,ESC8983817620617,10000,10000,10000,120000,10000,99525473133385
WLT780703334054,851982965632,Minimum KYC,Active,29-08-2024,ESC4786264253146,10000,10000,10000,120000,10000,35896128585
WLT546530502844,427457025911,Full KYC,Active,28-12-2019,ESC1169646723433,200000,200000,200000,2400000,200000,565698134371
WLT192080383389,579688289050,Full KYC,Active,29-01-2022,ESC2796498898225,200000,200000,200000,2400000,200000,6832035359174781
WLT323671913102,295419722651,Minimum KYC,Active,30-06-2022,ESC6951480011879,10000,10000,10000,120000,10000,6739595780160
WLT171851984423,357527378244,Minimum KYC,Active,07-01-2021,ESC4642102331401,10000,10000,10000,120000,10000,35786671680837
WLT410057331143,773615639221,Full KYC,Active,04-06-2015,ESC7491850128430,200000,200000,200000,2400000,200000,78829600047
WLT419557279624,774298449046,Minimum KYC,Active,27-05-2023,ESC4015752020036,10000,10000,10000,120000,10000,33222774370
WLT525249442644,667619596466,Minimum KYC,Active,16-12-2020,ESC8843663951390,10000,10000,10000,120000,10000,9392284928598
WLT109930853732,206141412498,Full KYC,Active,22-10-2024,ESC4057035484512,200000,200000,200000,2400000,200000,31232101718
WLT243308193335,243468115602,Full KYC,Active,02-11-2018,ESC2066739957914,200000,200000,200000,2400000,200000,9191438331096
WLT589041777783,648304703429,Full KYC,Active,25-06-2023,ESC6351478172072,200000,200000,200000,2400000,200000,60276152123
WLT961507962377,222755832352,Minimum KYC,Active,29-06-2024,ESC5387200109764,10000,10000,10000,120000,10000,3766132166906
WLT752770116805,662738796925,Full KYC,Active,22-08-2021,ESC9487785253155,200000,200000,200000,2400000,200000,3426286687955
WLT628373996388,265272544309,Minimum KYC,Active,27-10-2015,ESC1031568261485,10000,10000,10000,120000,10000,53027102671
WLT233810944547,922294414604,Full KYC,Active,07-09-2023,ESC1741847595038,200000,200000,200000,2400000,200000,437599669799
WLT819118402542,937542986030,Full KYC,Active,23-07-2020,ESC5818487486177,200000,200000,200000,2400000,200000,4496931258731440
WLT399076274858,349358867757,Full KYC,Active,11-04-2023,ESC9642975899175,200000,200000,200000,2400000,200000,97501381690
WLT197834891759,578607970659,Full KYC,Active,03-09-2024,ESC5019408928012,200000,200000,200000,2400000,200000,29284482018
WLT034601894744,922981046992,Full KYC,Active,16-07-2022,ESC5065408141438,200000,200000,200000,2400000,200000,234254672408
WLT892213430141,684273999000,Full KYC,Active,07-06-2024,ESC3670390237993,200000,200000,200000,2400000,200000,91817767200
WLT775025570417,477303524248,Full KYC,Active,12-06-2024,ESC3525406826643,200000,200000,200000,2400000,200000,53201196811200
WLT850899098477,271662753200,Minimum KYC,Active,20-12-2024,ESC8404586046630,10000,10000,10000,120000,10000,91559122576868
WLT847786183275,839125901369,Minimum KYC,Active,19-08-2022,ESC9479841834435,10000,10000,10000,120000,10000,59026690275
WLT308104004690,306473191991,Full KYC,Active,12-06-2024,ESC5807632408033,200000,200000,200000,2400000,200000,15645789923
WLT621296543282,318970519533,Full KYC,Active,23-09-2024,ESC9347196176213,200000,200000,200000,2400000,200000,883093391678
WLT031251585951,124058958123,Full KYC,Active,02-02-2020,ESC1892419158665,200000,200000,200000,2400000,200000,66726382725
WLT878735714072,240217203222,Full KYC,Active,23-05-2021,ESC3922282827891,200000,200000,200000,2400000,200000,50358784392638
WLT270117590469,690528552433,Full KYC,Active,23-12-2023,ESC7289379347907,200000,200000,200000,2400000,200000,3174967594377777
WLT840707951221,867316201854,Full KYC,Active,03-02-2024,ESC6931545558500,200000,200000,200000,2400000,200000,9469054864954003
WLT967110599730,277315326585,Minimum KYC,Active,30-07-2024,ESC6185518720770,10000,10000,10000,120000,10000,9148515010870219
WLT796207912306,188687690576,Minimum KYC,Active,16-06-2019,ESC8038948082884,10000,10000,10000,120000,10000,701984283821
WLT310301276602,228212524945,Full KYC,Active,25-08-2022,ESC4643056656015,200000,200000,200000,2400000,200000,69904370780
WLT794094571084,568147045629,Minimum KYC,Active,10-08-2024,ESC2316590891313,10000,10000,10000,120000,10000,41422303587866
WLT924764087673,892258335224,Full KYC,Closed,04-04-2022,ESC4349582712233,200000,200000,200000,2400000,200000,97049023793
WLT791104232661,471907928417,Full KYC,Active,30-03-2023,ESC1704484142753,200000,200000,200000,2400000,200000,9183051631843
WLT788178527186,620261008665,Full KYC,Active,10-10-2024,ESC1766458081814,200000,200000,200000,2400000,200000,96045833616
WLT329146489311,251423575136,Minimum KYC,Active,10-08-2018,ESC9397974496240,10000,10000,10000,120000,10000,739764556870
WLT882656317809,744160039276,Full KYC,Active,02-09-2022,ESC2177436577297,200000,200000,200000,2400000,200000,7466996336982743
WLT622428367608,119969670188,Minimum KYC,Active,24-07-2024,ESC9806025460158,10000,10000,10000,120000,10000,94073794535042
WLT056094480148,117485588458,Full KYC,Active,28-08-2017,ESC1642971667580,200000,200000,200000,2400000,200000,36131736719
WLT295300252905,342192484118,Minimum KYC,Active,13-06-2017,ESC2403326958002,10000,10000,10000,120000,10000,55413295018903
WLT753007748808,322275628554,Full KYC,Active,14-12-2024,ESC7329973126386,200000,200000,200000,2400000,200000,988843006985
WLT178352389369,732454704960,Minimum KYC,Active,10-07-2019,ESC7149319013663,10000,10000,10000,120000,10000,9140609750980
WLT943758389792,344363675507,Full KYC,Suspended,21-12-2018,ESC3387955062904,200000,200000,200000,2400000,200000,4012624904518
WLT367805205319,465192839509,Minimum KYC,Active,17-08-2024,ESC4362575206272,10000,10000,10000,120000,10000,24923268111
WLT530061086696,431128803410,Full KYC,Active,02-03-2019,ESC6537642172626,200000,200000,200000,2400000,200000,164634747293
WLT386469282041,686674540072,Full KYC,Active,01-07-2021,ESC6991933730835,200000,200000,200000,2400000,200000,215641877154
WLT824666865059,808216983378,Minimum KYC,Active,15-10-2022,ESC5011691705685,10000,10000,10000,120000,10000,74566590674463
WLT384827634179,561994013894,Full KYC,Active,27-05-2023,ESC8795512494527,200000,200000,200000,2400000,200000,781299711615
WLT968635036333,232679094118,Minimum KYC,Active,17-04-2024,ESC9830981668710,10000,10000,10000,120000,10000,55321813740016
WLT815992399531,420059899450,Minimum KYC,Active,19-08-2023,ESC4400741708901,10000,10000,10000,120000,10000,996405786700
WLT750290046268,464640613170,Minimum KYC,Active,23-01-2024,ESC4194800347162,10000,10000,10000,120000,10000,49357072204
WLT947669889198,474072306518,Minimum KYC,Active,10-01-2024,ESC7731199206857,10000,10000,10000,120000,10000,6080547763729642
WLT525230566139,162253905574,Minimum KYC,Active,21-10-2019,ESC1039774457135,10000,10000,10000,120000,10000,814674002508
WLT084668440462,445858896204,Full KYC,Active,27-03-2024,ESC3679373554553,200000,200000,200000,2400000,200000,77415628202005
WLT162912794197,229074384926,Minimum KYC,Active,04-07-2024,ESC4934495252475,10000,10000,10000,120000,10000,676719450801
WLT906761033442,716240107740,Full KYC,Active,05-09-2019,ESC1186664024702,200000,200000,200000,2400000,200000,80742724425687
WLT516383594215,553798565317,Full KYC,Active,25-01-2025,ESC6439556771390,200000,200000,200000,2400000,200000,4619786774772
WLT982429640625,409248776142,Minimum KYC,Active,15-03-2021,ESC1129502471811,10000,10000,10000,120000,10000,16914814825
WLT512225918422,383028282996,Full KYC,Active,12-06-2022,ESC1079274051067,200000,200000,200000,2400000,200000,3959895736045
WLT745777869232,209972688698,Full KYC,Active,28-12-2023,ESC5842510370197,200000,200000,200000,2400000,200000,9226828522171
WLT588983318229,888106355132,Full KYC,Active,31-12-2023,ESC2804278098055,200000,200000,200000,2400000,200000,7479260568965435
WLT833828966317,660953208900,Minimum KYC,Active,28-07-2020,ESC3481161916661,10000,10000,10000,120000,10000,61676304105
WLT924469161111,169464176314,Minimum KYC,Active,09-09-2020,ESC8638924149405,10000,10000,10000,120000,10000,2683135241980
WLT982381222893,845726600759,Full KYC,Active,07-05-2021,ESC1587508335738,200000,200000,200000,2400000,200000,4835456727364557
WLT589421256827,623289343942,Minimum KYC,Active,26-01-2023,ESC6762546133663,10000,10000,10000,120000,10000,21239127343476
WLT196187485061,138470603803,Full KYC,Active,02-12-2024,ESC8270855179488,200000,200000,200000,2400000,200000,62291123216
WLT832913961416,179772463817,Minimum KYC,Active,08-11-2021,ESC4037328436579,10000,10000,10000,120000,10000,29679038275583
WLT990216774991,648272681172,Minimum KYC,Active,24-07-2019,ESC9362365086994,10000,10000,10000,120000,10000,947184367079
WLT580725142119,137152303372,Full KYC,Active,05-01-2023,ESC9549420885877,200000,200000,200000,2400000,200000,240307673720
WLT193517579237,230824385803,Full KYC,Active,09-07-2020,ESC7205653027244,200000,200000,200000,2400000,200000,994839568129
WLT523866713023,228065435646,Minimum KYC,Active,12-01-2022,ESC1509044671575,10000,10000,10000,120000,10000,9183812328132
WLT293310443420,423247113212,Full KYC,Active,25-05-2023,ESC6412394965300,200000,200000,200000,2400000,200000,9158823312112
WLT194698477930,521718917036,Minimum KYC,Active,11-05-2021,ESC2596280563152,10000,10000,10000,120000,10000,646250329142
WLT402769049928,496253353335,Minimum KYC,Active,13-04-2018,ESC6923928605256,10000,10000,10000,120000,10000,37576677459
WLT518528480337,815161726426,Full KYC,Active,29-02-2016,ESC2767994617258,200000,200000,200000,2400000,200000,58395594291
WLT891839987664,644968091589,Minimum KYC,Active,31-01-2021,ESC6556686585610,10000,10000,10000,120000,10000,7995397833424
WLT608493320602,275884401796,Full KYC,Active,14-03-2020,ESC6883478625880,200000,200000,200000,2400000,200000,40978583491
WLT878108355645,194091566628,Minimum KYC,Suspended,09-12-2021,ESC7233391925097,10000,10000,10000,120000,10000,25997210684097
WLT232659636043,615867307718,Full KYC,Active,20-09-2020,ESC7253282530589,200000,200000,200000,2400000,200000,88242284008
WLT971410496055,292794727647,Full KYC,Active,27-08-2023,ESC8582818786249,200000,200000,200000,2400000,200000,6193143995683
WLT128703866690,929286519655,Full KYC,Active,16-01-2025,ESC2710224877896,200000,200000,200000,2400000,200000,11958751255545
WLT953216701664,842179568774,Full KYC,Closed,16-06-2020,ESC8583997957400,200000,200000,200000,2400000,200000,9100145354599
WLT264674961394,679007393544,Minimum KYC,Active,13-05-2018,ESC5723613762766,10000,10000,10000,120000,10000,82392707163
WLT126956911770,259748507237,Full KYC,Active,25-08-2021,ESC2765297783572,200000,200000,200000,2400000,200000,1622860209770
WLT496751566307,690103087552,Full KYC,Active,14-02-2022,ESC9791408405987,200000,200000,200000,2400000,200000,4725943344677
WLT617023671341,339447246547,Minimum KYC,Active,22-01-2025,ESC1563015080221,10000,10000,10000,120000,10000,9256318681821
WLT494594104550,815890270344,Full KYC,Active,21-02-2021,ESC3150446420869,200000,200000,200000,2400000,200000,8841724584722
WLT164590005686,857774532133,Full KYC,Active,08-06-2020,ESC7029069148699,200000,200000,200000,2400000,200000,82799951167411
WLT998138154967,839008240364,Minimum KYC,Active,09-11-2024,ESC3812603008806,10000,10000,10000,120000,10000,659892370282
WLT105522922698,260105461001,Minimum KYC,Closed,23-07-2019,ESC3272032011871,10000,10000,10000,120000,10000,94090075877
WLT381971997698,777574995198,Full KYC,Active,09-11-2024,ESC7235567632783,200000,200000,200000,2400000,200000,30235709033
WLT202046843978,728513499470,Full KYC,Active,09-04-2023,ESC3158199224671,200000,200000,200000,2400000,200000,9146375216673
WLT706469143290,815959463973,Minimum KYC,Suspended,27-04-2023,ESC9320934255486,10000,10000,10000,120000,10000,82666033266
WLT407251665826,530101808990,Full KYC,Active,13-01-2023,ESC8538759487732,200000,200000,200000,2400000,200000,56300708454414
WLT176676909101,807214440587,Full KYC,Closed,25-02-2022,ESC6399815207151,200000,200000,200000,2400000,200000,4941793402685
WLT051974448249,709354092384,Minimum KYC,Closed,24-01-2024,ESC1597555107671,10000,10000,10000,120000,10000,72225653342094
WLT428779365126,792532708803,Minimum KYC,Active,11-07-2024,ESC5553175244009,10000,10000,10000,120000,10000,7418732061422732
WLT897793329832,455602845581,Full KYC,Active,25-01-2022,ESC4336866370993,200000,200000,200000,2400000,200000,9124027275932
WLT268019033933,254573514821,Minimum KYC,Active,03-01-2022,ESC3573098312331,10000,10000,10000,120000,10000,939505764893
WLT353669383613,580653437281,Full KYC,Suspended,16-11-2020,ESC4567285641980,200000,200000,200000,2400000,200000,316027197474
WLT528675567736,886900793165,Minimum KYC,Active,05-11-2022,ESC1514536477500,10000,10000,10000,120000,10000,802931796937
WLT879735515232,622675653256,Minimum KYC,Active,30-04-2020,ESC5927978545649,10000,10000,10000,120000,10000,30369211036
WLT306314873649,197267014080,Full KYC,Active,19-03-2019,ESC4630929097924,200000,200000,200000,2400000,200000,22926079916
WLT846177246861,796740690516,Full KYC,Closed,01-03-2024,ESC7330488551255,200000,200000,200000,2400000,200000,1312753675801
WLT651563083445,184623192709,Minimum KYC,Active,12-07-2023,ESC8847278358270,10000,10000,10000,120000,10000,57540512890
WLT832922986711,741327766625,Full KYC,Active,22-03-2020,ESC5719452505447,200000,200000,200000,2400000,200000,36000544434
WLT415703166878,275327545125,Minimum KYC,Closed,17-01-2024,ESC9801643600762,10000,10000,10000,120000,10000,32121937018
WLT688996370790,156541629111,Full KYC,Active,19-07-2021,ESC5218060900457,200000,200000,200000,2400000,200000,58251809953472
WLT397710648380,880377542450,Full KYC,Active,30-09-2023,ESC1635527166261,200000,200000,200000,2400000,200000,65852523650
WLT761028021451,506800369842,Full KYC,Closed,14-05-2024,ESC4079051880810,200000,200000,200000,2400000,200000,3074770181464
WLT461192834911,945628615877,Minimum KYC,Active,08-12-2018,ESC4640566974631,10000,10000,10000,120000,10000,16363432857640
WLT662437352483,343475287426,Full KYC,Active,27-04-2020,ESC1144334856857,200000,200000,200000,2400000,200000,216449604949
WLT944814709131,352389209223,Minimum KYC,Active,02-06-2021,ESC7498961909964,10000,10000,10000,120000,10000,659988206449
WLT339638235380,286731777944,Minimum KYC,Active,18-04-2021,ESC1609039790177,10000,10000,10000,120000,10000,53089857826
WLT355766797249,301059738004,Minimum KYC,Active,19-01-2023,ESC1237927030423,10000,10000,10000,120000,10000,7909324341109215
WLT772688199140,456781873508,Full KYC,Active,01-12-2020,ESC9352605377762,200000,200000,200000,2400000,200000,94592384042
WLT014377700835,908473478707,Full KYC,Active,24-11-2019,ESC8645900885409,200000,200000,200000,2400000,200000,81703545569
WLT220756461889,935083889805,Full KYC,Active,22-03-2024,ESC2533639777158,200000,200000,200000,2400000,200000,323797442120
WLT623815552214,486885076516,Full KYC,Active,16-01-2019,ESC1745712784752,200000,200000,200000,2400000,200000,14906487711
WLT383320329144,852310920205,Minimum KYC,Active,29-01-2025,ESC6168714391475,10000,10000,10000,120000,10000,76492286356138
WLT631304578174,319341574827,Full KYC,Active,18-12-2018,ESC7591001542591,200000,200000,200000,2400000,200000,748447851385
WLT067420299416,149910986514,Full KYC,Active,05-08-2022,ESC9198819025797,200000,200000,200000,2400000,200000,1335497184093
WLT703431355827,188888852510,Minimum KYC,Active,31-10-2021,ESC8307959331949,10000,10000,10000,120000,10000,87645029612077
WLT600122334820,811782536281,Full KYC,Active,26-06-2017,ESC6395860149528,200000,200000,200000,2400000,200000,885584025897
WLT293774866474,301040824274,Minimum KYC,Active,04-01-2023,ESC2029404796082,10000,10000,10000,120000,10000,1756803530599948
WLT546586259646,965392644206,Minimum KYC,Active,04-09-2020,ESC9228931372361,10000,10000,10000,120000,10000,9168625341570
WLT763575042534,995356302799,Full KYC,Closed,28-08-2016,ESC4615596662405,200000,200000,200000,2400000,200000,21822364972070
WLT159051112378,445028003387,Minimum KYC,Active,02-03-2018,ESC8709033563140,10000,10000,10000,120000,10000,67326028793244
WLT820530621593,121097412612,Full KYC,Suspended,01-03-2017,ESC2395427862310,200000,200000,200000,2400000,200000,316914365431
WLT514704383426,485311104493,Full KYC,Active,24-09-2019,ESC5895340078672,200000,200000,200000,2400000,200000,3081478745026
WLT216890944204,444405396501,Minimum KYC,Active,25-06-2022,ESC3316563333391,10000,10000,10000,120000,10000,835113098716
WLT102769948692,282414724655,Full KYC,Active,27-01-2020,ESC4724787961381,200000,200000,200000,2400000,200000,90777226099
WLT080996271341,418774746940,Full KYC,Active,22-06-2024,ESC1073202757487,200000,200000,200000,2400000,200000,601882035098
WLT247639748519,820476566293,Minimum KYC,Active,29-06-2024,ESC7828631898852,10000,10000,10000,120000,10000,836853943755
WLT323133631903,455612289552,Full KYC,Closed,01-03-2019,ESC8605767380917,200000,200000,200000,2400000,200000,9175471425063
WLT680917762829,114197373834,Full KYC,Active,07-09-2019,ESC5023985024580,200000,200000,200000,2400000,200000,72782778012
WLT105775797454,317155324885,Full KYC,Active,26-12-2022,ESC9799042352919,200000,200000,200000,2400000,200000,9268298335539
WLT530468265999,877646522335,Minimum KYC,Active,04-11-2019,ESC6172055137025,10000,10000,10000,120000,10000,507846375749
WLT919546397467,650365867684,Full KYC,Active,04-09-2023,ESC1409565004641,200000,200000,200000,2400000,200000,9137906979995
WLT149524375377,535132952580,Minimum KYC,Active,14-11-2020,ESC9998848417478,10000,10000,10000,120000,10000,4928736031908962
WLT751511748050,217214687075,Full KYC,Active,11-03-2024,ESC2942325314795,200000,200000,200000,2400000,200000,64257935025527
WLT198973853561,266432063631,Full KYC,Active,13-09-2022,ESC8239043323530,200000,200000,200000,2400000,200000,49550402058508
WLT025999506400,695489138277,Minimum KYC,Active,11-12-2018,ESC9250048513467,10000,10000,10000,120000,10000,68185270527831
WLT092677638364,682707692040,Full KYC,Suspended,15-10-2024,ESC4920654755825,200000,200000,200000,2400000,200000,9059752678501
WLT511666498864,912425322399,Full KYC,Active,03-04-2023,ESC1512356517106,200000,200000,200000,2400000,200000,96622771139076
WLT444373968255,798304439761,Full KYC,Active,06-09-2020,ESC7055197056252,200000,200000,200000,2400000,200000,82718315663153
WLT822899247414,136140245674,Full KYC,Active,13-12-2024,ESC8388491404805,200000,200000,200000,2400000,200000,59974613033627
WLT432588083273,679711087803,Minimum KYC,Active,06-05-2021,ESC8661084478739,10000,10000,10000,120000,10000,9192116321979
WLT273634301562,557834503795,Full KYC,Active,26-05-2021,ESC8924501852425,200000,200000,200000,2400000,200000,90781540603
WLT255442448841,417729122157,Full KYC,Active,19-06-2023,ESC6593756684040,200000,200000,200000,2400000,200000,885192260310
WLT067794313654,269191361866,Minimum KYC,Active,28-06-2020,ESC3625160397615,10000,10000,10000,120000,10000,13969009814299
WLT359135856861,748914247263,Minimum KYC,Active,23-02-2023,ESC1631905628144,10000,10000,10000,120000,10000,11420943035
WLT616939893068,803584464187,Full KYC,Active,09-04-2016,ESC6529448926619,200000,200000,200000,2400000,200000,261702943080
WLT155667646314,632584659460,Full KYC,Active,09-01-2024,ESC6478168846626,200000,200000,200000,2400000,200000,25632422267
WLT013166678806,759353514229,Full KYC,Active,16-09-2016,ESC9460027488021,200000,200000,200000,2400000,200000,495889240001
WLT292159385219,718982651235,Full KYC,Active,02-09-2022,ESC8235895347147,200000,200000,200000,2400000,200000,765718654917
WLT918027479874,856471244391,Minimum KYC,Suspended,24-02-2022,ESC7011830713329,10000,10000,10000,120000,10000,937111977125
WLT706733117954,115245407422,Minimum KYC,Active,12-02-2024,ESC5880697090366,10000,10000,10000,120000,10000,3913549441504463
WLT819752847794,291331184672,Full KYC,Active,03-07-2022,ESC7855200929983,200000,200000,200000,2400000,200000,277391561187
WLT379908671316,476318422736,Minimum KYC,Active,16-05-2023,ESC1564261633541,10000,10000,10000,120000,10000,99576575904588
WLT537657801506,494941948589,Minimum KYC,Active,05-12-2022,ESC9016969885902,10000,10000,10000,120000,10000,4044811838923295
WLT037815242113,585975588209,Full KYC,Active,16-09-2022,ESC1095697398093,200000,200000,200000,2400000,200000,13411993076776
WLT253402268118,574568809941,Full KYC,Active,30-07-2020,ESC6845178107520,200000,200000,200000,2400000,200000,87534879950
WLT117834479991,272722502719,Full KYC,Active,07-05-2021,ESC1788458463503,200000,200000,200000,2400000,200000,6566369424027748
WLT124732450868,400408755515,Minimum KYC,Active,30-01-2025,ESC9780613474488,10000,10000,10000,120000,10000,92218557439
WLT648074425009,625735745614,Full KYC,Active,08-11-2023,ESC7122307596502,200000,200000,200000,2400000,200000,279643535771
WLT971625479375,517710569181,Full KYC,Active,07-07-2022,ESC5861573045897,200000,200000,200000,2400000,200000,9221056493188
WLT234466243435,414919779870,Minimum KYC,Active,21-01-2019,ESC4637125461067,10000,10000,10000,120000,10000,9276027131708
WLT126212115052,637311591592,Full KYC,Active,22-12-2024,ESC7108056217637,200000,200000,200000,2400000,200000,67513959733000
WLT680335729192,948316653474,Minimum KYC,Closed,17-06-2024,ESC4452691020848,10000,10000,10000,120000,10000,41186165799
WLT673507263807,510448745177,Minimum KYC,Active,03-10-2015,ESC1578729565469,10000,10000,10000,120000,10000,57852892253
WLT288613213226,252090582082,Full KYC,Active,11-06-2017,ESC2372167585639,200000,200000,200000,2400000,200000,52675604431
WLT681612874789,923475121970,Full KYC,Active,28-01-2022,ESC9092414725990,200000,200000,200000,2400000,200000,596224024329
WLT050969645158,478674374243,Minimum KYC,Active,13-11-2016,ESC5616165986112,10000,10000,10000,120000,10000,6410423336657518
WLT418249496518,736591038802,Full KYC,Active,02-09-2022,ESC7072944207263,200000,200000,200000,2400000,200000,84325439623577
WLT186722484418,678381056893,Minimum KYC,Active,15-03-2022,ESC6461553899799,10000,10000,10000,120000,10000,18959990432
WLT791425808312,273712877652,Full KYC,Suspended,03-04-2017,ESC4174365842955,200000,200000,200000,2400000,200000,52670533753
WLT205499618286,179513068521,Full KYC,Active,24-07-2019,ESC4399101919411,200000,200000,200000,2400000,200000,80804842815
WLT775385844567,768173228258,Minimum KYC,Suspended,02-12-2019,ESC2090751726078,10000,10000,10000,120000,10000,48433155118369
WLT647818339557,535780520721,Full KYC,Active,30-01-2024,ESC8172815130973,200000,200000,200000,2400000,200000,32252682044
WLT870665918816,812431544838,Full KYC,Active,05-08-2020,ESC1148737255774,200000,200000,200000,2400000,200000,31078379662
WLT801736904829,437264900240,Minimum KYC,Active,25-02-2018,ESC9098813563270,10000,10000,10000,120000,10000,64655948356
WLT129292740519,189152552108,Minimum KYC,Active,15-09-2024,ESC9659751702486,10000,10000,10000,120000,10000,59993921628
WLT165393995176,360245919652,Full KYC,Active,05-01-2022,ESC9282731566244,200000,200000,200000,2400000,200000,109540288129
WLT393648462862,309493777116,Full KYC,Active,21-08-2024,ESC2468465469989,200000,200000,200000,2400000,200000,9139510637193
WLT084424934019,672373646494,Full KYC,Active,25-07-2019,ESC5859928255819,200000,200000,200000,2400000,200000,3643353137799201
WLT216611729901,858382267699,Full KYC,Active,14-10-2024,ESC3941961071274,200000,200000,200000,2400000,200000,44676891844999
WLT656229780719,841826077798,Full KYC,Active,24-12-2024,ESC7201953032340,200000,200000,200000,2400000,200000,2683600861774
WLT810302149223,607136110737,Minimum KYC,Active,28-02-2024,ESC6235562299187,10000,10000,10000,120000,10000,58996880410545
WLT992524286471,191099687291,Minimum KYC,Active,13-12-2023,ESC8533704096732,10000,10000,10000,120000,10000,72846668614800
WLT201223805340,214562165650,Minimum KYC,Active,06-05-2019,ESC8348727034699,10000,10000,10000,120000,10000,99798937583744
WLT142749318949,995479866146,Minimum KYC,Active,02-02-2023,ESC1202046579798,10000,10000,10000,120000,10000,9213530794961
WLT927647441032,274219329002,Minimum KYC,Active,19-09-2024,ESC7677115233202,10000,10000,10000,120000,10000,73720482915
WLT007332189330,720511001957,Full KYC,Active,29-07-2021,ESC5391833773800,200000,200000,200000,2400000,200000,19433251459
WLT716222855623,662273831554,Full KYC,Suspended,27-03-2022,ESC8287980158683,200000,200000,200000,2400000,200000,200905411723
WLT757326811508,513894632753,Full KYC,Active,01-05-2023,ESC7865498505073,200000,200000,200000,2400000,200000,10437943612684
WLT626116360613,101508166988,Full KYC,Active,18-10-2024,ESC1492913044533,200000,200000,200000,2400000,200000,71010828254533
WLT848357438282,823971095111,Full KYC,Active,20-07-2023,ESC3636098161118,200000,200000,200000,2400000,200000,25275401467
WLT665229066439,875670521927,Full KYC,Active,06-01-2022,ESC2077906779638,200000,200000,200000,2400000,200000,6321044762707
WLT805150790227,325757591531,Full KYC,Active,25-01-2017,ESC8303414679027,200000,200000,200000,2400000,200000,9173201831075
WLT631243957475,289630252295,Minimum KYC,Active,15-08-2023,ESC3705604512998,10000,10000,10000,120000,10000,18733196095
WLT433230662167,666893436741,Full KYC,Active,23-06-2019,ESC8851527184939,200000,200000,200000,2400000,200000,85985008546
WLT727577895864,837532642411,Full KYC,Active,05-07-2022,ESC6689217266368,200000,200000,200000,2400000,200000,60813853661259
WLT862305063003,550945986328,Full KYC,Active,24-06-2023,ESC7024311015971,200000,200000,200000,2400000,200000,2750704650290
WLT270956229529,808795938818,Full KYC,Active,06-09-2024,ESC2783448349926,200000,200000,200000,2400000,200000,9888433854411293
WLT904235767682,305971547236,Minimum KYC,Active,26-06-2023,ESC5164330933438,10000,10000,10000,120000,10000,9211193108848
WLT106843706581,927037515722,Full KYC,Active,25-04-2021,ESC8521236143508,200000,200000,200000,2400000,200000,64130990965
WLT523315425300,498976169855,Minimum KYC,Active,26-08-2024,ESC5802621311993,10000,10000,10000,120000,10000,40623488445151
WLT861819512894,882446297286,Full KYC,Suspended,03-06-2022,ESC8190028617926,200000,200000,200000,2400000,200000,668363904953
WLT286973636756,164427400047,Minimum KYC,Active,07-06-2023,ESC6700810057501,10000,10000,10000,120000,10000,57592561639985
WLT102562986214,670913091329,Full KYC,Active,20-04-2023,ESC8350037361500,200000,200000,200000,2400000,200000,45772827852790
WLT861005881049,302422613798,Full KYC,Active,19-04-2017,ESC3900123709323,200000,200000,200000,2400000,200000,68305521518
WLT662035100165,638481999924,Minimum KYC,Active,06-12-2022,ESC7837308121696,10000,10000,10000,120000,10000,97116620029
WLT473187783146,202965994275,Full KYC,Active,25-12-2024,ESC7616383893257,200000,200000,200000,2400000,200000,31183924044
WLT160527579923,130079195114,Full KYC,Active,30-07-2021,ESC6289955403813,200000,200000,200000,2400000,200000,91394039089
WLT528525093880,338227323756,Minimum KYC,Active,23-06-2018,ESC9874698509807,10000,10000,10000,120000,10000,3826435049192388
WLT086784377629,893481310436,Full KYC,Active,09-03-2024,ESC9429512589144,200000,200000,200000,2400000,200000,6739315589389
WLT767164770203,593028891533,Full KYC,Active,25-04-2020,ESC2036759826557,200000,200000,200000,2400000,200000,928173819214
WLT006340228130,886828831822,Full KYC,Active,29-08-2022,ESC2762778029345,200000,200000,200000,2400000,200000,634024537580
WLT591289427428,717421950271,Full KYC,Active,24-03-2017,ESC5573720446500,200000,200000,200000,2400000,200000,8502402653066
WLT509832969115,712257162366,Minimum KYC,Suspended,05-11-2020,ESC2252953180479,10000,10000,10000,120000,10000,64948954529226
WLT633806166840,974429624438,Full KYC,Active,24-07-2021,ESC1514045870312,200000,200000,200000,2400000,200000,85042960510
WLT335367420218,121874504986,Full KYC,Active,14-06-2022,ESC4655310744704,200000,200000,200000,2400000,200000,9154417094208497
WLT437141763206,272534596752,Full KYC,Active,04-01-2025,ESC8183959251111,200000,200000,200000,2400000,200000,43751495573
WLT400953279709,136300231961,Full KYC,Active,09-05-2021,ESC7959266325320,200000,200000,200000,2400000,200000,421902851556
WLT774631047783,694873363223,Full KYC,Active,31-07-2022,ESC6221108340571,200000,200000,200000,2400000,200000,875475780452
WLT005712196670,661621636875,Minimum KYC,Active,10-01-2024,ESC3391494160400,10000,10000,10000,120000,10000,3436826106061
WLT922351318527,204539588849,Full KYC,Active,05-07-2018,ESC7372904743713,200000,200000,200000,2400000,200000,1481191384346357
WLT613858080558,764888181535,Full KYC,Active,20-02-2024,ESC3797225832464,200000,200000,200000,2400000,200000,48764046211
WLT262986347738,960809171779,Full KYC,Active,21-11-2024,ESC2054201094155,200000,200000,200000,2400000,200000,704946676282
WLT537904642740,811171948111,Full KYC,Active,07-07-2021,ESC9699819885661,200000,200000,200000,2400000,200000,15437270476
WLT447861280697,164065756172,Minimum KYC,Active,14-11-2024,ESC4504455695501,10000,10000,10000,120000,10000,2532544378879968
WLT196212346975,838018636669,Minimum KYC,Active,24-04-2019,ESC1559406578098,10000,10000,10000,120000,10000,698029267580
WLT711445737982,290816839865,Full KYC,Active,28-03-2019,ESC5585165515456,200000,200000,200000,2400000,200000,1177989107389264
WLT998646027229,592805642556,Full KYC,Active,18-06-2024,ESC2548590000234,200000,200000,200000,2400000,200000,62474746310
WLT059326724637,211342338292,Full KYC,Active,17-03-2023,ESC9450286691087,200000,200000,200000,2400000,200000,615246523218
WLT214249654539,992971482702,Full KYC,Active,19-03-2020,ESC4770504007163,200000,200000,200000,2400000,200000,56676449166654
WLT088336226261,232674333083,Full KYC,Active,07-05-2023,ESC6511211697092,200000,200000,200000,2400000,200000,5656422857304091
WLT280372661718,587974708317,Full KYC,Active,28-11-2023,ESC2118742812498,200000,200000,200000,2400000,200000,84153415923676
WLT288424054921,321828097936,Full KYC,Active,07-03-2021,ESC7375186293365,200000,200000,200000,2400000,200000,33101786981317
WLT006045688426,714691135949,Full KYC,Active,10-11-2024,ESC3644687254240,200000,200000,200000,2400000,200000,70427261811968
WLT996727426927,780117499979,Full KYC,Active,12-01-2025,ESC2784047646796,200000,200000,200000,2400000,200000,8685120862469
WLT007494715552,310742242302,Minimum KYC,Active,02-03-2024,ESC7748835360123,10000,10000,10000,120000,10000,805857344789
WLT503666656831,244049912883,Full KYC,Active,15-04-2021,ESC6268092214628,200000,200000,200000,2400000,200000,99484263537
WLT056701379781,558354587990,Full KYC,Active,06-06-2024,ESC1676015995574,200000,200000,200000,2400000,200000,7634664135931969
